Title,Link,Page
Belediyenin Almanya’ya eğitime gönderdiği 45 kişiden 43'ü geri dönmedi...,https://www.zaytung.com/halkinsesi.asp?vcid=713,1
"İskandinav Ülkelerinde Verimli Bir Kamp Dönemi Geçiren Diyanet İşleri Başkanlığı, Ramazan Boyunca Halka Fakirliği Övüp Sabır Telkin Etmeye Hazır...",https://www.zaytung.com/haberdetay.asp?newsid=418917,1
Uzmanlar Uyarıyor: ''Tatile çıkarken bir arkadaşa emanet edilen kedilerle dönüşte geri alınanların %35'i farklı hayvanlar...'',https://www.zaytung.com/haberdetay.asp?newsid=420762,1
"Hazine ve Maliye Bakanlığı, Yurt Dışından Yapılan ''Şu kadar yedik, bu kadar tuttu'' Paylaşımlarına Vergi Düzenlemesi İçin Düğmeye Bastı...",https://www.zaytung.com/haberdetay.asp?newsid=420702,1
"Bayram Tatili İçin Rodos'a Giden Emekli Albay Cemil Orhuner, Diğer Türk Tatilcilerin de Yardımıyla Adada Yönetime El Koydu...",https://www.zaytung.com/haberdetay.asp?newsid=420624,1
"Merve Uraz(27), Bugüne Dek Kimsede Bulamadığı Huzuru Yine Bayram Temizliği İçin Eline Tutuşturulan Sarı Bezde Buldu...",https://www.zaytung.com/haberdetay.asp?newsid=420611,1
"Verdiği Oylarla Eğitimi Hizbullah Terör Örgütü ve Tarikatlara, Adaleti de Mafya ve Çetelere Teslim Eden Muzaffer Eycil(68), Emekli Maaşının (10 bin TL) Bayramdan Önce Yatmamasına Tepkili...",https://www.zaytung.com/haberdetay.asp?newsid=420602,1
Sıcak Havalardan Şikayet Eden Vatandaşlara Meteoroloji Genel Müdürlüğü'nden Önemli Hatırlatma: ''Haziran ayındayız...'',https://www.zaytung.com/haberdetay.asp?newsid=420566,1
"Hazine ve Maliye Bakanı Mehmet Şimşek, Herhangi Bir Şey Alıp Satmadan da Vergi Ödeme İmkanı Sunan Yeni Paketi Tanıttı...",https://www.zaytung.com/haberdetay.asp?newsid=420542,1
YKS 2024: ''Yılda 100 bin dolar verip sizi Amerika'da okutacak bir babanız var mı?'' Sorusuna ''Hayır'' Yanıtı Veren 3 Milyon Aday İlk Turda Elendi...,https://www.zaytung.com/haberdetay.asp?newsid=420513,1
Kurban Bayramı Tatilinin 9 Gün Olarak Açıklanmasının Ardından Yunanistan'da Olağanüstü Hal İlan Edildi...,https://www.zaytung.com/haberdetay.asp?newsid=420475,1
"Interpol Tarafından Kırmızı Bültenle Arananların İlk Tercihi Olan Türkiye, 2024 Turizm Sezonundan Umutlu...",https://www.zaytung.com/haberdetay.asp?newsid=420389,2
"Vize Başvurusu 6. Kez Reddedilen Genç, Yeteneklerini Ve Birikimini Türkiye İçin Kullanmaya Karar Verdi...",https://www.zaytung.com/haberdetay.asp?newsid=420360,2
"Sokak Hayvanları Yasa Tasarısı Hakkında AKP'den Rahatlatan Açıklama: ''Bu sorunu da olabilecek en kötü şekilde çözüp elimize yüzümüze bulaştırma noktasında...""",https://www.zaytung.com/haberdetay.asp?newsid=420275,2
"Sokak ve Parklarda Sahipsiz Gezen 65 Yaş Üstü Emeklilerin de Uyutulması, Yeni Yasa Tasarısında Oylamaya Sunulacak...",https://www.zaytung.com/haberdetay.asp?newsid=420272,2
Havada Bir Süre Kalabilen Son Taşıtını da Kazaya Kurban Veren İran'da 5 Günlük Yas İlan Edildi...,https://www.zaytung.com/haberdetay.asp?newsid=420226,2
Baskılar Sonuç Verdi: Olumsuz Hava Koşulları Nedeniyle Yaz Diyeti Son Başlama Tarihi 1 Haziran'a Kadar Uzatıldı...,https://www.zaytung.com/haberdetay.asp?newsid=420198,2
"Ankara'da Tam Olarak Ne Olup Bittiğini Çözmeye Çalışan Mert Kuzak(32), Gündemi Takip Etme Mücadelesinde Pes Etti: ''Benlik bir durum yoksa Filenin Sultanları ve Survivor'la yola devam ediyorum...""",https://www.zaytung.com/haberdetay.asp?newsid=420167,2
2.7 Trilyon Lira Açık Vermesi Beklenen Bütçe İçin 100 Milyar Liralık Tasarruf Tedbiri Açıklayan Mehmet Şimşek: ''Şu basın toplantısı için yaktığımız elektriğe değdi mi emin değilim...'',https://www.zaytung.com/haberdetay.asp?newsid=420136,2
''Ben de bunun annesiyim'' Notuyla Paylaşılan Anneler Günü Fotoğrafına Kediden İtiraz: ''İfadeler gerçeği yansıtmıyor...'',https://www.zaytung.com/haberdetay.asp?newsid=420105,2
"Araplara TC Vatandaşlığı Satan Acentelerden, Müşterilerine Önemli Hatırlatma: ''Çocuğunuzun cinayet işleme hakkı fiyata dahil değilmiş. Biz de yeni öğrendik...''",https://www.zaytung.com/haberdetay.asp?newsid=420063,2
Dışişleri Bakanlığı'ndan Vizesiz Avrupa Müjdesi: ''Önce sağlam bir şişme bot temin ediyorsunuz...'',https://www.zaytung.com/haberdetay.asp?newsid=420026,3
"Bodrum Beach İşletmecileri Birliği, Bozulan Fiyat Algısından Şikayetçi: ''Lahmacunu kaçtan satsak çüş denir bilemiyoruz...''",https://www.zaytung.com/haberdetay.asp?newsid=419990,3
Bir Mayıs Nedeniyle Tüm Toplu Taşımaya Yasak Getiren İstanbul Valiliği: ''İşe gitseniz n'olcak? Sanki kaç para alıyonuz ki?'',https://www.zaytung.com/haberdetay.asp?newsid=419915,3
"Ekonomik Krizle Boğuşan Türkiye, Ankara'da Her Şeyden Uzak Anayasayla Falan Uğraşan Bir Grup Mutlu AKP'liyi Gıptayla İzliyor...",https://www.zaytung.com/haberdetay.asp?newsid=419906,3
Türk Müşterilere Daha Fazla Fiyat Çeken Oteller Olduğu İddiası Turizm Bakanlığı'nda Şok Etkisi Yarattı: ''Türkler Yunanistan'da tatil yapmıyor mu?'',https://www.zaytung.com/haberdetay.asp?newsid=419897,3
"Çocuklarına Miras Olarak Kadıköy'de Boş Park Yeri Bırakan Suat Dumanlı, Ölümünün 15. Yıl Dönümünde Mezarı Başında Anıldı...",https://www.zaytung.com/haberdetay.asp?newsid=419890,3
"Belediyeyi 2 Milyar TL Borçla Devralan Belediye Başkanı, Koltuğu 23 Nisan'da Gelen Çocuğa Devrettikten Sonra Kayıplara Karıştı...",https://www.zaytung.com/haberdetay.asp?newsid=419814,3
Kafe/Restoran Boykotuna Katılanlar Anlatıyor: ''Pahalılıktan soğan halcilerini ve marketleri sorumlu tutmakla aynı zeka seviyesi ama bu bi tık daha havalı...'',https://www.zaytung.com/haberdetay.asp?newsid=419742,3
Yerel Halkı Enflasyonun Düşeceğine İkna Etmek Üzere Hazine ve Maliye Bakanlığı Bünyesinde 5000 Büyücü İstihdam Edilecek...,https://www.zaytung.com/haberdetay.asp?newsid=419712,3
"AKP'de Seçim Sonuçları İlk Kurbanını Aldı: Tepkilerin Odağındaki İstakoz, Görevden Affını İstedi...",https://www.zaytung.com/haberdetay.asp?newsid=419661,3
"9 Günlük Tatilin Ardından İlk İş Gününde 818 Milyar TL Zarar Açıklayan Merkez Bankası Başkanı Fatih Karahan, Pazartesi Sendromunda Çıtayı Zirveye Taşıyan İsim Oldu...",https://www.zaytung.com/haberdetay.asp?newsid=419616,4
"Ailesi İle Bayram Ziyaretlerini Tamamlayan Efe Küçükali(6), 3 Günde 18 Çifti Çocuk Fikrinden Tiksindirmeyi Başardı...",https://www.zaytung.com/haberdetay.asp?newsid=419568,4
"Geçmiş Bayramlarda Boş İstanbul'un Tadını Çıkaran Suriyeli ve Afganlar, Bu Yıl da Ekonomik Çöküş Mağduru: ''Bu ne abi her yer Türk?!''",https://www.zaytung.com/haberdetay.asp?newsid=419528,4
"Uzaktan Akrabalar, Genişletilmiş Soru Bankasıyla Bu Bayramda Sizi Daha da Darlamak İçin Bekliyor...",https://www.zaytung.com/haberdetay.asp?newsid=419509,4
"Sırf AKP'li Akrabaların AKP'yi Gömmesini İzlemek İçin Yıllar Sonra Facebook'a Giren Ezgi Kuraz(28), Bayram Tatilinde Memlekete Gitmeyi Dört Gözle Bekliyor...",https://www.zaytung.com/haberdetay.asp?newsid=419446,4
"''7 Haziran - 1 Kasım'' Filminin 2.'sini Gösterime Sokan Yapım Şirketi, Gişe Konusunda Endişeli: ''Aç karnına ne kadar izlenir?''",https://www.zaytung.com/haberdetay.asp?newsid=419393,4
10 Ay İçinde Birbirinin Tam Tersi 2 Seçim Sonucu Çıkaran Türkiye'ye ''Borderline Tipi Demokrasi'' Teşhisi Kondu...,https://www.zaytung.com/haberdetay.asp?newsid=419319,4
"Göreve Geldiğinden Beri Dünyayı Gezip Tek Kuruş Bulamadan Geri Dönen Mehmet Şimşek, Yerel Seçim Sürecinin Bitişi Nedeniyle Buruk: ''İlk kez bi işe yaradığımı hissetmiştim...''",https://www.zaytung.com/haberdetay.asp?newsid=419239,4
İflas Etmek İçin Seçim Sonrasını Bekleyen Esnafa Mehmet Şimşek'ten Teşekkür Ziyareti...,https://www.zaytung.com/haberdetay.asp?newsid=419191,4
Kamuda İlk Tasarruf Hamlesi Cumhurbaşkanlığı'ndan: Filodaki Makam Araçlarının Yakıt İhtiyacı İçin Sarayın Bahçesine Petrol Sondajı Vurulacak...,https://www.zaytung.com/haberdetay.asp?newsid=419163,4
Murat Kurum'a Destek İçin Sahaya Sürdüğü 17 Bakan'dan İstediği Randımanı Alamayan AKP'de Bakan Nebati'ye Yeniden Forma Şansı: ''Bu en azından güldürüyordu...'',https://www.zaytung.com/haberdetay.asp?newsid=419134,5
"Ankara'nın Sahibi Olduğu Ortaya Çıkan Turgut Altınok, Kendisine Oy Vermeyi Düşünmeyenlerin 1 Hafta İçinde Şehri Tahliye Etmesini İstedi...",https://www.zaytung.com/haberdetay.asp?newsid=419027,5
Ekonomik Krizle Birlikte Kaybolmaya Yüz Tutan Bir Ramazan Geleneği: ''İftarda Fazla Yemeyin'' Uyarısı Yapan Diyetisyenler...,https://www.zaytung.com/haberdetay.asp?newsid=419007,5
Muhtar Adaylarından Samimi İtiraf: ''Tam olarak ne işe yarayacağımızı bilmiyoruz ama seçilmeyi çok istiyoruz...'',https://www.zaytung.com/haberdetay.asp?newsid=418828,5
"Piyasalarda Bugün: 2 Yıldır Borsa Muhabbetiyle Kafa Ütüleyen Ofisteki Eleman, Yeniden Coin Tavsiyesi Vermeye Başladı...",https://www.zaytung.com/haberdetay.asp?newsid=418808,5
"AK Parti, Murat Kurum'un 31 Mart Akşamına Kadar Kesinlikle Ağzını Açmayacağı Yeni Bir Seçim Stratejisi Üzerinde Çalışıyor...",https://www.zaytung.com/haberdetay.asp?newsid=418790,5
"Et Fiyatlarına Müdahale İçin Ahır Baskınları Gerçekleştirecek Ticaret Bakanlığı'na Bağlı Özel Tim, İzleyenlerden Tam Not Aldı...",https://www.zaytung.com/haberdetay.asp?newsid=418771,5
Sorunlarla Yüzleşmek Yerine Dizi İzlerken Sızmanın En Etkili Çözüm Yöntemi Olduğu Bilimsel Olarak Kanıtlandı...,https://www.zaytung.com/haberdetay.asp?newsid=418734,5
Bir Pazar Gecesi Daha O Soruya Yanıt Arayarak Geçiyor: ''Oturduğum yerde nasıl 1500 TL harcadım?'',https://www.zaytung.com/haberdetay.asp?newsid=418712,5
Twitch'e Erişim Engelinin Ardından ''Çevresel Felaket'' Endişesi: Uzmanlar Milyonlarca Ergenin Etrafa Yayılması Riskine Dikkat Çekiyor...,https://www.zaytung.com/haberdetay.asp?newsid=418668,5
Personeli İçin İskandinav Ülkeleri Turu Düzenleyen Ancak Tepki Olmasın Diye Fotoğraf Paylaşmalarını Yasaklayan Diyanet İşleri: ''Bundan daha büyük bir imtihan olabilir mi?'',https://www.zaytung.com/haberdetay.asp?newsid=418614,6
"Son Olarak Türkiye'nin Yüzde 52'sinin Mutlu, Yüzde 67'sinin Gelecekten Umutlu Olduğunu Açıklayan TÜİK'in Şebeke Suyunda İnceleme Başlatıldı...",https://www.zaytung.com/haberdetay.asp?newsid=418583,6
Kapatılması Gereken İliç'teki Madene Kapasite Artırma İzni Verdiği Ortaya Çıkan Murat Kurum: ''Aynı hoşgörü iklimini İstanbul'da da hakim kılacağız...'',https://www.zaytung.com/haberdetay.asp?newsid=418547,6
Çiçekçiler Odası: ‘‘Sevgililer Günü'nde en yüksek ciroyu kendine çiçek gönderen ofis çalışanlarından yapıyoruz...'',https://www.zaytung.com/haberdetay.asp?newsid=418517,6
"Deprem Yardımlarını 1 Yıldır Otoparkta Tuttuğu Ortaya Çıkan Üsküdar Belediyesi: ""Bize hangi deprem için olduğu iletilmedi...""",https://www.zaytung.com/haberdetay.asp?newsid=418475,6
"SpaceX, Dünyaya Dönüşü 2. Kez Ertelenen Alper Gezeravcı'yı İkna Etme Çabalarının Sürdüğünü Açıkladı...",https://www.zaytung.com/haberdetay.asp?newsid=418402,6
"Geleneği Bozmak İstemeyen Devlet Kurumlarının, 6 Şubat Depreminin 1. Yılı Anma Törenlerine 72 Saat Sonra Katılacağı Açıklandı...",https://www.zaytung.com/haberdetay.asp?newsid=418366,6
"Rapor: Zamlı Maaş, Zamsız Maaştan Daha Hızlı Bitti...",https://www.zaytung.com/haberdetay.asp?newsid=418357,6
"Son 5 Yılda 5. Merkez Bankası Başkanını da Eskiten Türkiye Ekonomisi, İstikrarlı Yürüyüşünü Sürdürüyor...",https://www.zaytung.com/haberdetay.asp?newsid=418330,6
"Murat Kurum'dan cesaret alan TÜİK: ''Hazır olun, gerçek enflasyonu açıklıyoruz!''",https://www.zaytung.com/haberdetay.asp?newsid=418299,6
Milli Gelirden En Büyük Payı Alan Yüzde 5'lik Kesimden Türkiye'yi Rahatlatan Açıklama: ''Kriz var dedirtmemek için AVM'leri ve restoranları doldurmaya devam edeceğiz...'',https://www.zaytung.com/haberdetay.asp?newsid=418264,7
"Ekonomide Düşündüren Tablo: 1 Haftadır Evde Yatan Oksijen İsrafı(14) Günde Ortalama 60 TL'lik Doğalgaz, 50 TL'lik Elektrik Tüketiyor...",https://www.zaytung.com/haberdetay.asp?newsid=418236,7
Ailesini Merkez Bankası'nın İşlerine Karıştırmakla Suçlanan TCMB Başkanı Gaye Erkan'ın Şaşkınlığı Sürüyor: ''Türkiye'de zorunlu prosedür bu şekilde değil mi?'',https://www.zaytung.com/haberdetay.asp?newsid=418201,7
"Uluslararası Uzay İstasyonu'na Adım Atan Alper Gezeravcı'dan İlk Açıklama: ''Vatanımız cennet, burada kurulu düzenimiz olmasa...''",https://www.zaytung.com/haberdetay.asp?newsid=418172,7
"Türk Yazılımcıdan Gururlandıran Başarı: Seçim Öncesi Gösterilen Gemi, Uçak vs Videolarından Yola Çıkarak Seçim Sonrası Dolar Kurunu ve Vergi Zamlarını Hesaplayan Algoritma Geliştirdi...",https://www.zaytung.com/haberdetay.asp?newsid=418152,7
Emekli Maaşlarına Yapılan Ekstra Yüzde 5'lik Zammın Arkasından Gözleri Yaşartan Bir Fedakarlık Öyküsü Çıktı: Artık Saray'ın 2 Odasında Işık Yanmayacak...,https://www.zaytung.com/haberdetay.asp?newsid=418104,7
"Grip Olduğu Halde Sabah İşe Gelmesi İstenen Ceren Aygüz(29), Yürüyen Biyolojik Silah Olarak Ofiste Terör Estirmeye Hazırlanıyor...",https://www.zaytung.com/haberdetay.asp?newsid=418064,7
"Özel Sektörde Gelenek Bu Yıl da Bozulmadı: Maaş Zamlarının Açıklanmasına Kısa Bir Süre Kala Yine Piyasa Çok Kötü, Yine Şirket Zor Durumda...",https://www.zaytung.com/haberdetay.asp?newsid=417997,7
Meteoroloji'den Soğuk ve Yağışlı Hava Uyarısı: ''Domuz gribi olmayan kaldıysa şimdi tam zamanı...'',https://www.zaytung.com/haberdetay.asp?newsid=417974,7
Ortada Hiçbir Anayasal Güvence Olmamasına Rağmen Hala Paralarını Bankaya Emanet Eden Vatandaşlara Bankalar Birliği'nden Teşekkür: ''Tam olarak neye güvendiğinizi bilmiyoruz ama iyi ki varsınız...'',https://www.zaytung.com/haberdetay.asp?newsid=417909,7
Kredi Borcunu Ödemediği İçin Almanya'daki Şirketi İflas Eden Demirören: ''Kredinin geri ödenen bir şey olduğunu bilmiyordum...'',https://www.zaytung.com/haberdetay.asp?newsid=417859,8
Avustralya'dan Samimi İtiraf: ''Son 20 yıldır aynı havai fişek videosunu veriyoruz...'',https://www.zaytung.com/haberdetay.asp?newsid=417787,8
"Süper Kupa Finalinin İptalinin Ardından Halen Sahayı Terk Etmeyen A Spor Ekibi, Suudi'lerin Gönlünü Almaya Kararlı: ''Krampon ayarlarsanız biz oynarız...''",https://www.zaytung.com/haberdetay.asp?newsid=417700,8
"Asgari Ücretin 17.002 TL Olarak Açıklanmasının Ardından Yüksek Lisans Mezunu, İngilizce Bilen, En Az 2 Yıl Tecrübeli Adaylara Teklif Edilecek ''İşinize Gelirse'' Ücreti de Net 17.102 TL'ye Çıkarıldı...",https://www.zaytung.com/haberdetay.asp?newsid=417690,8
"27 Çalışanı İçin Yılbaşı Yemeği Düzenleyen Şirket, Konkordato İlan Etti...",https://www.zaytung.com/haberdetay.asp?newsid=417616,8
"İçişleri Bakanlığı, Sabah Karanlıkta Servise Koşan Liselileri Şafak Baskını Sanarak Teslim Olan 37 Suç Örgütünün Çökertildiğini Açıkladı...",https://www.zaytung.com/haberdetay.asp?newsid=417547,8
"8 Yıllık Kariyeri Kirayı Ödemeye Yetmediği İçin Anne Evine Geri Taşınan Ezgi Saycı(30), Eskisi Kadar Ezik Hissetmiyor: ''Koca Merkez Bankası Başkanı bile...''",https://www.zaytung.com/haberdetay.asp?newsid=417451,8
Göç İdaresi Başkanlığı'ndan Türkiye'ye Yerleşmek İsteyen Yabancılara Önemli Hatırlatma: ''Uyuşturucu kaçakçısı olmayanlar da başvurabilir...'',https://www.zaytung.com/haberdetay.asp?newsid=417431,8
Motokuryeyi Öldürdükten Sonra Elini Kolunu Sallayarak Türkiye'yi Terk Eden Somali Cumhurbaşkanı'nın Oğlu: ''Verilmiş sadakam varmış. Kazayı gerçek bir devletin sınırları içinde de yapabilirdim...'',https://www.zaytung.com/haberdetay.asp?newsid=417293,8
"Merkez Bankası Tarafından Basılan Yeni 200 TL'lik Banknotlara, 7 Dolar Bile Etmedikleri Alıştıra Alıştıra Söylenecek...",https://www.zaytung.com/haberdetay.asp?newsid=417277,8
"MHRS'de Randevu, Hastanede Doktor, Eczanede İlaç Bulmayı Başararak Tüm Etapları Eksiksiz Tamamlayan 2023'ün Başarılı Hastaları, Plaketlerini Sağlık Bakanı Koca'nın Elinden Aldılar...",https://www.zaytung.com/haberdetay.asp?newsid=417240,9
"EGM, Ülkede Dolandırılabilecek Kadar Birikimi Olan Son 14 Kişinin de Paralarını Fatih Terim Fonu'na Kaptırmasının Ardından Dolandırıcılık Şubesini Kapatma Kararı Aldı",https://www.zaytung.com/haberdetay.asp?newsid=417194,9
"20 Yıl Önce Emekli İkramiyesiyle Ev Alıp Maaşıyla Üniversitede Çocuk Okutabiliyorken Şu An Marketten Beyaz Peynir Alamayan Muzaffer Yiycek(68), Futbolcuların Enayiliğine Şaşırıyor: ''İnsan soyulduğunu nasıl anlamaz?''",https://www.zaytung.com/haberdetay.asp?newsid=417125,9
Meteoroloji'den Kritik Uyarı: ''Seneye %80'iniz kredi kartı yüzünden icralık olacak... Ha bi de hafta sonu yağmur var...'',https://www.zaytung.com/haberdetay.asp?newsid=417075,9
"Üç Haftadır Alışveriş Sitelerinin ''Şahane Kasım'' Bildirimleriyle Sınanan Merve Araz(28), Kartında 167 TL Kaldığını Anlatmanın Uygun Bir Yolunu Arıyor...",https://www.zaytung.com/haberdetay.asp?newsid=417055,9
"Hangi Taşı Kaldırsan Altından Ayrı Bir Dolandırıcılık, Zimmet, Mafya, Rüşvet, Kara Para Aklama Hikayesinin Çıktığı Türkiye'nin Ekonomide ''Kör Tuttuğunu Öper (KTÖ) Modeli''ne Geçtiği Açıklandı...",https://www.zaytung.com/haberdetay.asp?newsid=417035,9
"Geçen Yıl Almadığı Her Elektronik Eşya İçin Pişman Olan A.K(28), Teselliyi Yine Troy İndirimlerinde Buldu...",https://www.zaytung.com/haberdetay.asp?newsid=417020,9
"Yeni Alarko Kombinin Evdeki En Havalı Eşya Olduğunu Fark Eden Nihan Gülrüz(34), Kombiyle Uyumlu Salon Takımı Sipariş Etti...",https://www.zaytung.com/haberdetay.asp?newsid=417009,9
"TÜRK-İŞ, Kasım Ayında Kombi Yakmak İçin Gereken Minimum Aylık Geliri 48.600 TL Olarak Açıkladı...",https://www.zaytung.com/haberdetay.asp?newsid=416990,9
"Güzellik Merkezlerinde Dönen Parayı Fark Eden Hazine ve Maliye Bakanı Mehmet Şimşek, Devlet Erkanının da Katılımıyla Saç Ekim Merkezi Açtı...",https://www.zaytung.com/haberdetay.asp?newsid=416979,9
"Anayasa Mahkemesi Tartışmalarını Çok da Bir Şey Anlamadan Takip Eden Onur Ağbaz(41), 7 Yıl Önce Banka Kredisiyle Aldığı Eve El Konulduğunu Henüz Fark Etmedi...",https://www.zaytung.com/haberdetay.asp?newsid=416925,10
"Ara Eleman Sıfatındaki 3-5 Fenomeni Harcayarak Türkiye'yi Kara Para Aklamada Gri Listeden Çıkarma Mücadelesi, Renkli Simaların da Katılımıyla Tam Bir Görsel Şölen Havasında İlerliyor...",https://www.zaytung.com/haberdetay.asp?newsid=416920,10
Açılalı 2 Hafta Olmasına Rağmen Henüz Kimsenin Kara Para Aklama Teklifiyle Gelmediği Güzellik Merkezi'nde Sabırlı Bekleyiş Sürüyor...,https://www.zaytung.com/haberdetay.asp?newsid=416863,10
Adalet Bakanlığı'ndan Üniversite Öğrencilerine Müjde: ''İhtiyaç halinde cezaevlerini kolaylıkla KYK yurduna çevirebiliriz. Bir tabela değişikliğine bakar...'',https://www.zaytung.com/haberdetay.asp?newsid=416695,10
"Engin-Dilan Polat ve EGM İşbirliğiyle Düzenlenen ''Kara para aklamada amatör yaklaşımlar - Tiktok'u neden bırakmalıyız?'' Sergisi, Hafta Sonu Boyunca Otomobil Tutkunlarını Ağırlayacak...",https://www.zaytung.com/haberdetay.asp?newsid=416650,10
Cumhuriyet'in 100. Yılı Vesilesiyle 29 Ekim'de Dolar'ı Kısa Süreliğine 24 TL'ye Düşüren Google: ''Sevdiyseniz her milli bayram yapalım...'',https://www.zaytung.com/haberdetay.asp?newsid=416576,10
Beş Aydır Kapı Kapı Dolaşarak Verdiği Emekler 30 Saniyede Çöpe Yollanan Mehmet Şimşek: ''Neyse ya bana da bir gezme oldu...'',https://www.zaytung.com/haberdetay.asp?newsid=416427,10
"''Sosyal medya fenomeni, yakın çevresini 100 milyon lira dolandırıp kaçtı'' Haberi, Hayatı Sorgulattırdı: ''Yakın çevremi en fazla 5000 lira dolandırabiliyorum...''",https://www.zaytung.com/haberdetay.asp?newsid=416352,10
Bu Hengamede Hala Kapı Kapı Dolaşıp Para Bulmaya Çalışan Mehmet Şimşek İçin 3 Günlük Yas İlan Edildi...,https://www.zaytung.com/haberdetay.asp?newsid=416328,10
"Rapor: Shit Coin'e Yatırılan 100 Dolar, Bu Kış Doğalgaz Faturasını Ödeme Konusunda Yapılan En Gerçekçi Plan...",https://www.zaytung.com/haberdetay.asp?newsid=416289,10
"Tahliye, Takipsizlik ve Erişim Engelleme Kararlarının Mahkeme Çıkış Fiyatına Bu Gece Yarısından İtibaren Geçerli Olmak Üzere %3.4 Oranında Zam Yapılacağı Açıklandı...",https://www.zaytung.com/haberdetay.asp?newsid=416247,11
"Hafızasında Yeterince Gereksiz İnternet Ünlüsü Barındıran Mine Ezgit(27), Dilan Polat'ın Kim Olduğunu Öğrenmemeye Kararlı...",https://www.zaytung.com/haberdetay.asp?newsid=416224,11
5000 TL Emekli İkramiyesine Hak Kazanan Muzaffer Yücep(62)'in Telefonu Dünden Beri Susmuyor: ''Meğer ne çok akrabam varmış...'',https://www.zaytung.com/haberdetay.asp?newsid=416168,11
İsrail'i Protesto İçin Toplanıp ''Mehmetçik Gazze'ye'' Sloganı Atan Arap Sığınmacılar: ''Biz giderdik de işte saç ekimi randevumuz var...'',https://www.zaytung.com/haberdetay.asp?newsid=416118,11
"Harcamalarını Düzenli Olarak Kısan Genç Bankacı, Farkında Olmadan Avcı-Toplayıcı Yaşama Geri Döndü...",https://www.zaytung.com/haberdetay.asp?newsid=416096,11
"Kışlık Montun Cebinden Çıkan Maske, Fırsat Verilirse Yeni Koronavirüs Varyantına Karşı da Göreve Hazır...",https://www.zaytung.com/haberdetay.asp?newsid=416074,11
"Maaşın Yatması ile Kira, Faturalar, Kredi Kartı Minimumu Ödemesi Arasında Geçen 4 Dakikalık Refah Döneminin Tadı Doya Doya Çıkarıldı...",https://www.zaytung.com/haberdetay.asp?newsid=416043,11
"İki Haftadır İç Sıkıntısıyla Boğuşan Gamze Yücek(30) Emin Olamıyor: Sonbahar Depresyonu mu, Bi Şey Retrosu mu Yoksa Normal Fakirlik mi?",https://www.zaytung.com/haberdetay.asp?newsid=416018,11
2003'te İptal Ettiği Ek MTV'yi 2023'te Onaylayan Anayasa Mahkemesi: ''O zaman Türkiye bu kadar iflas etmemişti. Arabanıza el koymadıklarına şükredin...'',https://www.zaytung.com/haberdetay.asp?newsid=415970,11
"Dün Geceden Beri 9500 TL Altı İş Görecek Cep Telefonlarını Araştıran Ezgi Kuyar(20), 4 Yıllık Telefonunun Pilini Yenilemeye Karar Verdi...",https://www.zaytung.com/haberdetay.asp?newsid=415955,11
"Türkiye Dolandırıcılar Birliği, Artan Gıda Fiyatları Yüzünden Kargoyla Salatalık Gönderme Uygulamasına Son Verildiğini Açıkladı...",https://www.zaytung.com/haberdetay.asp?newsid=415864,12
"Elektriğe Yüzde 30 Zam Geleceğini Öğrenen Araç Sahipleri, Şarj İstasyonları Önünde Uzun Kuyruklar Oluşturdu...",https://www.zaytung.com/haberdetay.asp?newsid=415840,12
"RTÜK, Dizilerde Sinir Krizi Geçiren Kadın Karakter Sayısına Kota Getirmeye Hazırlanıyor...",https://www.zaytung.com/haberdetay.asp?newsid=415811,12
"Toplu Halde Basın Açıklaması Yapmasına İzin Verilen Tek Grup Olan Suriyeli İşgalciler ve Yerli İşbirlikçilerinden, Türklere Yardım Eli: ''Bir sıkıntınız varsa iletin, duyurulmasında yardımcı oluruz...''",https://www.zaytung.com/haberdetay.asp?newsid=415800,12
"İki Yıllık Aradan Sonra Eris Varyantı Duyurusuyla Ekranlara Dönen Fahrettin Koca: ''Siz de özlediniz, itiraf edin...''",https://www.zaytung.com/haberdetay.asp?newsid=415778,12
"iPhone 15'in Türkiye'de 1800 Dolar Olduğunu Öğrenen Apple Yönetim Kurulu, ''Biz niye enayi gibi 1000 Dolar'a satıyoruz?'' Gündemiyle Toplandı...",https://www.zaytung.com/haberdetay.asp?newsid=415768,12
"Milli Eğitim Bakanlığı, Tuvalet Kağıdını Bile Velilerin Aldığı Fakirlikten Kırılan Okulları, Aç Öğrencileri, Kirasını Ödeyemeyen Öğretmenleri ve Altın Varaklı Makam Odalarına Kurulmuş Tarikatçı Müdürleriyle Yeni Öğretim Yılına Hazır...",https://www.zaytung.com/haberdetay.asp?newsid=415673,12
İçişleri Bakanı'ndan Artan Suç Olaylarıyla İlgili Rahatlatan Açıklama: ''Araplara vatandaşlık satışına henüz olumsuz bir yansıması olmadı...'',https://www.zaytung.com/haberdetay.asp?newsid=415668,12
"Özel Beybihan Üniversitesi, Müfredatına Eklediği ''AB Pasaportlu Eş Bulma'' Dersiyle Gençleri Geleceğe Hazırlıyor...",https://www.zaytung.com/haberdetay.asp?newsid=415654,12
Ücret Artışlarının Artık Hedeflenen Enflasyona Göre Yapılacağını Açıklayan Bakan Şimşek: ''Hedefimiz de tek haneli enflasyon olduğuna göre...'',https://www.zaytung.com/haberdetay.asp?newsid=415615,12
"Telefonda Kendisini Hakim ve Savcı Olarak Tanıtan Dolandırıcılar Yüksek Kurulu (HSDYK), Bundan Böyle Kendilerini ''Taksici'' Olarak Tanıtacaklarını Duyurdu: ''Daha itibarlı bir meslek...''",https://www.zaytung.com/haberdetay.asp?newsid=415599,13
"Çarşıda Pazarda Gördüğü Fiyatların Gerçekliğinden Uzun Süredir Şüphelenen H.E (32), Şizofreni Teşhisi ile Derin Bir Oh Çekti...",https://www.zaytung.com/haberdetay.asp?newsid=415583,13
Yıllar Sonra Gerçek Enflasyonu Açıklama İzni Alınca Gaza Gelip ENAG'ı da Geçen TÜİK: ''Galibiyete susamışız...'',https://www.zaytung.com/haberdetay.asp?newsid=415557,13
"AK Parti ve Yeniden Refah Partisi Teşkilatları, Milli Voleybolcu Linçlerken Yanlışlıkla Ebrar Sitesi Katliamına Dikkat Çekilmemesi Konusunda Uyarıldı...",https://www.zaytung.com/haberdetay.asp?newsid=415510,13
İç Savaş Tehlikesi Beliren Burkina Faso'da Türkiye Büyükelçisi Dışişlerine Çağrıldı: ''Ocak - Şubat dönemi için 2 milyon mültecilik rezervasyon yaptıracaktık...'',https://www.zaytung.com/haberdetay.asp?newsid=415474,13
"Birkaç Ay Sonra Serbest Kalacak Olan Uşşaki Şeyhi Şağban, Af Yasasının Mimarı AKP'li ve MHP'li Vekillere Vefa Borcunu Ödemek İstiyor: ''Ücretsiz ilim dersleri için çocuklarınızı dergahıma bekliyorum...''",https://www.zaytung.com/haberdetay.asp?newsid=415468,13
Döviz Satışıyla Kura Müdahale İddialarını Yalanlayan Hazine ve Maliye Bakanı Mehmet Şimşek'ten Pamukkale Travertenleri Örneği: ''Merdiven formasyonu doğal yollarla da oluşabiliyor...'',https://www.zaytung.com/haberdetay.asp?newsid=415457,13
Bir Tutkunun Ötesinde: Striptik Direği ve Boru Sanayi A.Ş. Halka Arza Hazırlanıyor..,https://www.zaytung.com/haberdetay.asp?newsid=415428,13
İstanbul'da Kaçak Diktiği Plazanın Kapısına Güvenlik Görevlisi Olarak Türk Polislerini Dizen Arap Firmasından Açıklama: ''Eniştenizle dayınız öpüşse daha mı iyiydi?'',https://www.zaytung.com/haberdetay.asp?newsid=415418,13
"Eylül'de Türkiye'ye Gelecek Olan IMF Heyeti, Aralarında Kimin ''Sizi biz bile kurtaramayız'' Diyeceğine Çöp Çekerek Karar Verecek...",https://www.zaytung.com/haberdetay.asp?newsid=415388,13
KPSS Sonuçlarının Açıklanmasının Ardından AKP İlçe Başkanını Tanıyan Bir Tanıdık Bulma Etabına Geçildi...,https://www.zaytung.com/haberdetay.asp?newsid=415366,14
Beslenme ve Diyetetik Bölümlerinde Influencerlık Dersi Zorunlu Hale Getiriliyor...,https://www.zaytung.com/haberdetay.asp?newsid=415330,14
"Özel Okul Ücreti Yıllık 160.000 TL'ye Çıkan Efe Gülruz(7), Ailesi Tarafından 2. El İlan Sitesine Kondu: ''Satsak o kadar ediyor mu görmek istedik...''",https://www.zaytung.com/haberdetay.asp?newsid=415301,14
Yatırım Görüşmeleri İçin Japonya'ya Gideceğini Söyleyen Mehmet Şimşek'in Tek Yön Bilet Aldığı İddiası Piyasalarda Tedirginlik Yarattı...,https://www.zaytung.com/haberdetay.asp?newsid=415278,14
"Ekonomik Krizle Boğuşan Zimbabve Hükümeti, 30 Kişilik Profesyonel Dilenci Kadrosu İle Dünya Turuna Çıkmaya Hazırlanıyor. Hedef: Zimbabve Yüzyılı...",https://www.zaytung.com/haberdetay.asp?newsid=415269,14
"Yabancı Uyruklu Binlerce Katil, Hırsız, Uyuşturucu Satıcısı, Tecavüzcü ve Çocuk Tacizcisinin Afla Serbest Bırakıldığını Öğrenen Türkiye Şokta: ''Onlar tutuklanıyor muydu ki?''",https://www.zaytung.com/haberdetay.asp?newsid=415228,14
Rapor: Meteor Yağmurunu ''Şunların Biri Kafama Düşse de Kurtulsam'' Beklentisiyle İzleyenlerin Sayısı Geçen Yılın Aynı Dönemine Göre %39 Arttı...,https://www.zaytung.com/haberdetay.asp?newsid=415175,14
"Ümraniye'de 2+1 Daire Alma Umudunu Tamamen Yitiren Serkan Çurhacı(44), Rotayı İspanya Açıklarında 600 Metrekarelik Bir Adaya Çevirdi...",https://www.zaytung.com/haberdetay.asp?newsid=415155,14
''Gabar'da çok kaliteli petrol bulundu'' İddialarının Ardından Benzin Fiyatının 3 Ayda 2 Katına Çıkmasına Enerji Bakanlığı Açıklık Getirdi: ''Kaliteyi ucuza alamazsınız...'',https://www.zaytung.com/haberdetay.asp?newsid=415100,14
"Yaşam Standartları 4 Yıl İçinde Balayı Villası'ndan Çadır Tatiline Gerileyen Taş Ailesi, Çadır Tatiline Övgüler Yağdırdı...",https://www.zaytung.com/haberdetay.asp?newsid=415044,14
Küresel Isınmayla Mücadelede Yeni Dönem: Önümüzdeki Haftadan İtibaren Hava Sıcaklıkları TÜİK Tarafından Açıklanacak...,https://www.zaytung.com/haberdetay.asp?newsid=415029,15
"Kamuoyunu Gereksiz Yere Meşgul Etmemek İçin, Bundan Böyle Benzine Zam Gelmeyen Günler Duyurulacak...",https://www.zaytung.com/haberdetay.asp?newsid=414971,15
"Ekonomide Düşündüren Tablo: 10 Sene Öncesine Kadar Bulgaristan'dan Gelen Aramalarla Dolandırılan Türkiye, Pakistan Seviyesine Kadar Geriledi...",https://www.zaytung.com/haberdetay.asp?newsid=414945,15
"Kamu-Özel İşbirliğiyle Hayata Geçirilen ''Orman Yok - Yangın Yok'' Projesi, Orman Yangınlarıyla Mücadelede Kesin Çözüm Vaat Ediyor...",https://www.zaytung.com/haberdetay.asp?newsid=414918,15
Rapor: Türkiye'ye Bu Hafta da Suudi Arabistan'dan 50 Milyar Dolar Geliyor... Ya da Katar'dan... Ya da Rusya'dan... Ya da Şu Öteki Araplardan...,https://www.zaytung.com/haberdetay.asp?newsid=414899,15
Lozan'ın Bitişiyle Boş Arazilere Akın Eden Vatandaşların ''Petrolü Kim Çıkaracak?'' Kavgasında Kazma ve Kürekler Konuştu: 116 Yaralı...,https://www.zaytung.com/haberdetay.asp?newsid=414846,15
"Taksi Ücretlerinin Artırılması Talebiyle 2 Haftadır ''Yolcu Almama Eylemi'' Yapan İstanbul Taksiciler Odası, Eylemi Kimsenin Fark Etmemesinden Şikayetçi...",https://www.zaytung.com/haberdetay.asp?newsid=414810,15
Körfez Temaslarından İlk Olumlu Sonuç Geldi: Araplara Hediye Edilen TOGG'lardan En Az 2.5 Milyon TL ÖTV+KDV+MTV Geliri Bekleniyor...,https://www.zaytung.com/haberdetay.asp?newsid=414762,15
"''Soğan için vatanı satmam!'' Sloganıyla Sandık Başına Giden Muzaffer İycek(67), Soğan Alabilmek İçin Vatanın Bir Kısmının Araplar'a Satılmasından Gelecek Parayı Bekliyor...",https://www.zaytung.com/haberdetay.asp?newsid=414715,15
Adana Belediyesi'nden Vefa Örneği: Klimanın Mucidi Willis Carrier'ın Adı Bir Caddede Yaşatılacak...,https://www.zaytung.com/haberdetay.asp?newsid=414694,15
"Hazine ve Maliye Bakanlığı: ''Benzin pahalı değil, siz fakirsiniz...''",https://www.zaytung.com/haberdetay.asp?newsid=414664,16
"Uyarılar Fayda Etmedi: Story'e Yollanan Alev, Manisa'da 10 Hektar Ormanlık Alanı Küle Çevirdi...",https://www.zaytung.com/haberdetay.asp?newsid=414635,16
"Kurulduğundan Beri Devlete Sadece Bir Tane Trafik Polisi Yerleştirmeyi Başarabilen Cahitçiler Tarikatının Lideri, Kimsesizler Mezarlığına Defnedildi...",https://www.zaytung.com/haberdetay.asp?newsid=414609,16
"Birleşik Arap Emirlikleri Yönetimi, Para İstemek İçin Artık Haftada Bir Gelmeye Başlayan Türk Heyeti Nedeniyle Taşınmaya Karar Verdi...",https://www.zaytung.com/haberdetay.asp?newsid=414593,16
"Hazine ve Maliye Bakanlığı, Herhangi Bir Şey Almaya Gerek Kalmadan KDV ve ÖTV Ödeme İmkanı Sunan Yeni Ürünü Tanıttı",https://www.zaytung.com/haberdetay.asp?newsid=414554,16
"Çoluk Çocuğun Rızkını Sigaraya Vermemek İçin 6 Yıl Önce Sigarayı Bırakan Murat Eyrik(37), Artık Daha da Fakir. Çocuğu da Fakir...",https://www.zaytung.com/haberdetay.asp?newsid=414519,16
"Rapor: Siz Hariç Herkes Bu Yıl da Tatilini Yapıyor, Konserine Gidiyor, Çok Eğleniyor...",https://www.zaytung.com/haberdetay.asp?newsid=414501,16
"Vergi Artışları ve Zamların Ülkenin Yarısı Tarafından ''Oh olsun'' Diye Karşılandığını, Diğer Yarısı Tarafından da Görmezden Gelindiğini Fark Eden Hazine ve Maliye Bakanlığı'nda Yüzler Gülüyor...",https://www.zaytung.com/haberdetay.asp?newsid=414455,16
"Kişilik Bozukluklarının Tamamını Twitter'da Sergileyen Mert Cağaz(32), Threads'de Kendini Tekrar Etmekten Endişeli...",https://www.zaytung.com/haberdetay.asp?newsid=414437,16
"Hazine ve Maliye Bakanlığı, Taşıt Almayı Düşünüp MTV Zammından Sonra Vazgeçenlerden de 'Vazgeçme Vergisi' Alınacağını Açıkladı",https://www.zaytung.com/haberdetay.asp?newsid=414406,16
"Turizm Bakanlığı, Türkiye'nin Yabancı Turistler İçin Bile Pahalı Olduğu Eleştirilerine Karşı Harekete Geçti: ''Tek ülke parasına Suriye, Afganistan ve Pakistan deneyimi sunuyoruz...''",https://www.zaytung.com/haberdetay.asp?newsid=414373,17
"Dokuz Günlük Tatilin Ardından İşe Döneceğini Düşündükçe Daralan Ezgi Kuyar(28), Demek Bir de Tatile Gitmiş Olsa...",https://www.zaytung.com/haberdetay.asp?newsid=414359,17
İçişleri Bakanlığı'ndan Maserati'li Polis Memuru Açıklaması: ''Bize de biraz şüpheli geldi ama eşinin zayıflama çayı sattığını öğrenince üstüne gitmedik...'',https://www.zaytung.com/haberdetay.asp?newsid=414315,17
"Tatil İçin Bodrum'u Tercih Eden ABD'li Richards Ailesi, Türkiye'ye Hayran Kaldı: ''1 ay daha kalırsak oteli satın alabiliyoruz...''",https://www.zaytung.com/haberdetay.asp?newsid=414271,17
"Yozgat Belediyesi, Şehre Gelebilmek İçin Otobüs Biletine 700 TL Veren Vatandaşları Aşırı Bir Beklentiye Girmemeleri Konusunda Uyardı: ''Yozgat yine aynı Yozgat...''",https://www.zaytung.com/haberdetay.asp?newsid=414246,17
"Boş Tost, Boş Baklavadan Sonra Boş Kurbanlıklar da Görücüye Çıktı...",https://www.zaytung.com/haberdetay.asp?newsid=414199,17
"Uzmanlar Uyarıyor: “Mesajlarınıza geç cevap vermesinin sebebi, o sırada telefonuna dokunamaması olabilir!”",https://www.zaytung.com/haberdetay.asp?newsid=414140,17
"''Asgari Ücret Artışını Kimden Nasıl Çıkarırız Tespit Komisyonu'', Önümüzdeki 2 Ay İçinde İğneden İpliğe Asgari Zam Oranını %44 Olarak Açıkladı...",https://www.zaytung.com/haberdetay.asp?newsid=414123,17
Meteoroloji'den Bayram Müjdesi: ''Parasızlıktan bir yere gidemeyişinize bahane olacak enfes yağışlı hava kütlesi geliyor...'',https://www.zaytung.com/haberdetay.asp?newsid=414069,17
"Yerli Turist İçin Uygun Fiyat Seçenekleri Sunan Alanya'daki 5 Yıldızlı Otel, Kaba İnşaatı Bitirecek Tatilcileri Bekliyor...",https://www.zaytung.com/haberdetay.asp?newsid=414030,17
Araçların İçinde Unutulan Eski Bakanların da TOGG'larla Birlikte İtalya'ya Geri Gönderildiği Ortaya Çıktı...,https://www.zaytung.com/haberdetay.asp?newsid=414001,18
Beş Günlük Tatilin 30.000 TL'den Başlamasının Ardından Hortumla Balkon Yıkamanın En Güzel Tatil Olduğuna Kendini İkna Çabaları Sürüyor...,https://www.zaytung.com/haberdetay.asp?newsid=413972,18
"Bir Aydır Orman Yangınlarıyla Boğuşan Kanada, Türkiye'den Yardım İstedi: ''Nasıl açıklama yapıyorduk, biraz taktik verin...''",https://www.zaytung.com/haberdetay.asp?newsid=413970,18
"Merkez Bankası'nın İlk Kadın Başkanı Hafize Gaye Erkan, Aynı Zamanda Başkanlığını Yaptığı Bankadan Daha Fazla Döviz Rezervine Sahip İlk İnsan Olarak da Tarihe Geçti...",https://www.zaytung.com/haberdetay.asp?newsid=413882,18
Euro'nun 25 TL Olmasına Üzülmüş Gibi Yapmaya Çalışırken Yüz Felci Geçiren Gurbetçinin Tedavisi Sürüyor...,https://www.zaytung.com/haberdetay.asp?newsid=413844,18
Görevi Nureddin Nebati'den Devralan Mehmet Şimşek ''Afedersiniz sizin yapacağınız işi s...m'' Dememeyi Başararak Piyasalara Güven Verdi...,https://www.zaytung.com/haberdetay.asp?newsid=413788,18
"Siyaset Yüzünden Depresyona Girmekten Yorulan Gizem Uyar(30), Bir Süre Sadece Kişisel Nedenlerle Depresyona Girecek...",https://www.zaytung.com/haberdetay.asp?newsid=413714,18
"Tercihini 10 Milyon Mülteciyle Birlikte İstikrarlı Bir Şekilde Batmaya Devam Etmekten Yana Kullanan Türkiye, Belirsizliğe Geçit Vermedi...",https://www.zaytung.com/haberdetay.asp?newsid=413659,18
İlk Turda Birlikte Çalıştığı Montajcılara AKP'den Zorlu Görev: ''İflas etmiş bir Türkiye'den 21 yılda çok daha muazzam iflas etmiş bir Türkiye yaratmamızı başarı öyküsü olarak gösterebiliyor muyuz?'',https://www.zaytung.com/haberdetay.asp?newsid=413550,18
"Döviz Rezervlerinin Tükenmesinin Ardından Altın Rezervleri de Hızla Eriyen Merkez Bankası, Dolar'ı Bir Şekilde Seçime Kadar Tutmaya Kararlı: ''Sahibinden temiz kullanılmış ofis malzemeleri...''",https://www.zaytung.com/haberdetay.asp?newsid=413536,18
Batmak İçin Seçim Sonrasını Bekleyen Esnafa Bakan Nebati'den Teşekkür Ziyareti...,https://www.zaytung.com/haberdetay.asp?newsid=413447,19
Paniğe Kapılıp Seçime 10 Gün Kala Kredi Kartlarında Nakit Avansı Kapatan Merkez Bankası'na AKP'den Sert Tepki: ''Oldu olacak Dolar'ın aslında 30 TL olduğunu da açıklayın!'',https://www.zaytung.com/haberdetay.asp?newsid=413369,19
"1. Tur Sonrası Piyasalarda Korkulan Olmadı: Verdiği oylarla ülkeyi 13 milyon Suriyeli ve Afgan'a işgal ettirip ekonomiyi çökerttikten sonra Hizbullahçı teröristleri de meclise sokan Muzaffer Kuruz(62), vatansever-milliyetçi seviyesinden işlem görüyor...",https://www.zaytung.com/haberdetay.asp?newsid=413327,19
"İlki Yaklaşık 12 Saat Süren ''Kaybettiği Seçimi Kutlama Şenlikleri''nin 2.'si İçin AKP'den Önemli Hatırlatma: ''Bu seferki biraz daha kısa sürebilir, kaçırmayın...''",https://www.zaytung.com/haberdetay.asp?newsid=413283,19
AKP Seçim Öncesi İşi Sıkı Tutuyor: Kendisini Unutturmayı Başaran Bakan Nebati'nin 24 Saat Daha Ortada Görünmemesi İçin Kapısına Nöbetçi Dikildi...,https://www.zaytung.com/haberdetay.asp?newsid=413235,19
"Seçim Gerginliği Yüzünden Bu Gece de Uyuyamayan Ozan Baruz(28), Geçim Sıkıntısı ve Gelecek Kaygısı Yüzünden Uyuyamadığı Günleri Özlüyor...",https://www.zaytung.com/haberdetay.asp?newsid=413204,19
Erzurum Belediyesi'nden İmamoğlu'na Provokasyon Suçlaması: ''Terör Örgütü Hizbullah'ın kaldırım taşı fırlatma etkinliği için tahsis ettiğimiz meydanda miting yapmak suretiyle...'',https://www.zaytung.com/haberdetay.asp?newsid=413110,19
"Green Card Çekilişinden 6. Kez Eli Boş Dönen Caner Budağcı(32), Yeteneklerini ve Birikimini Türkiye İçin Kullanmaya Karar Verdi...",https://www.zaytung.com/haberdetay.asp?newsid=413073,19
"Ezgi Purak(22), 5 Yaşındaki Cep Telefonu ve 8 GB Internet Paketiyle Hayata Tutunma Mücadelesinde Bir Günü Daha Zaferle Kapatmak Üzere...",https://www.zaytung.com/haberdetay.asp?newsid=413006,19
Kızılay Depremde Edindiği Tecrübeyle Konut Krizi İçin de Devrede: 81 İlde Kurulacak Çadır Kentlerden Uygun Taksitlerle Çadır Satışı Başlıyor...,https://www.zaytung.com/haberdetay.asp?newsid=412930,19
"AKP'li Bakanların ''Kaybetme paniğiyle en uzağa hangimiz zırvalayacak'' Mücadelesinde İpi Süleyman Soylu Göğüslerken, Bakan Nebati Sempati Ödülü'ne Layık Görüldü...",https://www.zaytung.com/haberdetay.asp?newsid=412885,20
"Dolar Almak İçin Kapalıçarşı'ya Yollanan Merkez Bankası Çalışanları, Halı Satıcısı Olarak İşe Başladı...",https://www.zaytung.com/haberdetay.asp?newsid=412847,20
Damacana Yerine Filtrelenmiş Su Kullandığı İçin Çevreye Duyarlılık Ödülü Alan Mert Kuraz(28): ''Ayda 300 lira cepte kalsın derken iş nerelere geldi...'',https://www.zaytung.com/haberdetay.asp?newsid=412817,20
"Geçmiş Bayramlarda Boş İstanbul'un Tadını Çıkaran Suriyeli ve Afganlar, Bu Yıl Ekonomik Çöküş Mağduru: ''Bu ne abi her yerde Türk?!''",https://www.zaytung.com/haberdetay.asp?newsid=412773,20
"Anayasa Mahkemesi, 2000 ve Sonrası Doğumluların Gençliklerinin İptali İstemiyle Yapılan Başvuruyu İncelemeye Aldı...",https://www.zaytung.com/haberdetay.asp?newsid=412689,20
Cumhur İttifakı'ndan Henüz Kendilerine Yönelik Bir Hakaret Gelmeyen Çerkesler: ''Görmezden gelme politikaları ağırımıza gidiyor...'',https://www.zaytung.com/haberdetay.asp?newsid=412663,20
Aşk Acısı Çekme Maliyetinin Aylık 31.326 TL'ye Yükseldiğine Dikkat Çeken Uzmanlar ''Bahar Çarpması'' Tehlikesine Karşı Uyarıyor...,https://www.zaytung.com/haberdetay.asp?newsid=412621,20
"Seçime Kadar Doları 20 TL'nin Altında Tutma Mücadelesi Veren Merkez Bankası'nda Kaynak Arayışı Sürüyor: ''Binayı AirBnb'ye versek, ayda 10.000 dolar da oradan gelse..""",https://www.zaytung.com/haberdetay.asp?newsid=412505,20
Ucuz Et Kuyruğunda Çıkan ''TOGG'un mavi rengi mi yoksa bej rengi mi daha güzel?'' Tartışmasında Yumruklar Konuştu...,https://www.zaytung.com/haberdetay.asp?newsid=412483,20
Sorunlarla Yüzleşmek Yerine 4 Saat Dizi İzledikten Sonra Devrilip Uyumanın En Etkili Çözüm Yöntemi Olduğu Bilimsel Olarak Kanıtlandı...,https://www.zaytung.com/haberdetay.asp?newsid=412465,20
Erdoğan'ın Mehmet Şimşek'i Yeniden Araması Bekleniyor: ''Allah'ın varsa bizi bunun eline bırakmazsın...'',https://www.zaytung.com/haberdetay.asp?newsid=412370,21
Ekonomide Korkutan Tablo: Kilosu 30 TL'ye Çıkmasına Rağmen Hala Kimse Soğan Deposu Basmaya Gitmedi...,https://www.zaytung.com/haberdetay.asp?newsid=412345,21
Sinan Ateş Cinayetini MHP'ye Bağlayan Polis Tutanağını Yanlışlıkla Kaybeden AKP'de Talihsizliklerin Arkası Kesilmiyor: ''Sen bekçi yanlışlıkla İYİ parti binasına ateş et. Tam da Akşener'i tehdit ettiğimiz gün...'',https://www.zaytung.com/haberdetay.asp?newsid=412266,21
"Defolu Gelen Çamaşır Makinesini İade Etmek İsterken Yanlışlıkla Kocasını İade Eden Y.S. (32), Alışveriş Deneyiminden Genel Olarak Memnun Kaldı...",https://www.zaytung.com/haberdetay.asp?newsid=412234,21
Ekonomik Krizle Birlikte Kaybolmaya Yüz Tutan Bir Ramazan Geleneği: ''İftarda Fazla Yemeyin'' Uyarısı Yapan Uzmanlar...,https://www.zaytung.com/haberdetay.asp?newsid=412196,21
"Hatay'daki Gösterisinde 'Hastane Temeli'' Rolüyle Büyük Alkış Alan Beton Kütlesi, Bir Sonraki Temel Atma Töreni İçin Gaziantep'e Hareket Etti...",https://www.zaytung.com/haberdetay.asp?newsid=412064,21
Muharrem İnce'den İddialı Çıkış: ''Bana oy vereceğini söyleyen AK Troller ve bot hesapların yarısı sözünü tutsa %87'yle kazanıyorum...'',https://www.zaytung.com/haberdetay.asp?newsid=411922,21
"Deprem Sonrası Normalleşmeye Çalışan Türkiye, Etin Kilosunun 300 TL Olduğu Gerçeğiyle Sarsıldı: ''Lan bunun nesi normal?''",https://www.zaytung.com/haberdetay.asp?newsid=411869,21
"Depremin 2. Günü Çadır Satması Nedeniyle Eleştirilen Kızılay Başkanı Kınık, Bu Kez Hızlı Davrandı: ''Her çeşit ebat ve fiyatta şişme bot satışlarımız başlamıştır...''",https://www.zaytung.com/haberdetay.asp?newsid=411704,21
"Adıyaman'da Tarım Arazilerinin Ortasına Konut Yapmaya Başlayan TOKİ, Bu Kez İşi Sıkı Tutuyor: Evler Teslim Edilmeden Önce ''Hakkımı Helal Ediyorum'' Belgesi İmzalatılacak...",https://www.zaytung.com/haberdetay.asp?newsid=411565,21
"Eski Kiracı Olduğu İçin Ucuza Oturduğu 35 Yıllık Binanın Deprem Kontrolüne Gireceğini Öğrenen Ezgi Kuray(29), Google'a Girdi: ''Kolon nasıl güçlendirilir? Enter...''",https://www.zaytung.com/haberdetay.asp?newsid=411494,22
Görkemli Bir Şovla 115 Milyar Lira Topladıktan Sonra Hala Deprem Bölgesine Yeterli İçme Suyu Yollayamayan AKP de Hayat Pahalılığından Şikayetçi: ''Damacana kaç para olmuş öyle ya?'',https://www.zaytung.com/haberdetay.asp?newsid=411312,22
Altı Üstü 43 Kişi Tren Kazasında Öldü Diye Ulaştırma Bakanı'nın İstifa Ettiği Yunanistan'a Türkiye'den Yardım Eli: ''Helal Etmek'' Kavramını Anlatacak Diyanet İşleri Heyeti Atina Yolcusu...,https://www.zaytung.com/haberdetay.asp?newsid=411219,22
"Para Karşılığı da Olsa Depremzedelere Çadır ve Gıda Temin Eden Kızılay, Deprem Sonrası Bir İşe Yaramaya En Fazla Yaklaşan Kurum Olmanın Haklı Gururunu Yaşıyor...",https://www.zaytung.com/haberdetay.asp?newsid=411102,22
"Siyasetle Enseye Tokat Vasıfsız Müteahhitler, Uyduruk Bina, Yalandan Denetim, Düzenli İmar Affı, Torpil Yuvası AFAD ve Kızılay Gibi Sıkıcı Konuları Hızlıca Geçen Türkiye, Enkaz Altından Mucize Beklenecek Yeni İnşaatların Heyecanını Yaşıyor...",https://www.zaytung.com/haberdetay.asp?newsid=410924,22
Deprem Sonrası Organizasyon Bozukluğu Sürüyor: A Haber'in Geleneksel Çadır Övme Videosu Ancak 12. Günde Çekilebildi...,https://www.zaytung.com/haberdetay.asp?newsid=410806,22
"Cengiz Holding'in Yaptığı 3 Milyar TL'lik Bağışı Aynı Gün 3 Milyar 10 Milyon TL'lik Teşvik Olarak Geri Aldığını Öğrenen Yeni Çamoluk Otomotiv: ''Yanlışlık yok, 50 milyar TL yazın bizden de...''",https://www.zaytung.com/haberdetay.asp?newsid=410716,22
"On Binlerce Kişinin Hayatını Kaybettiği, Yüz Binlercesinin de Evsiz Kaldığı Deprem Felaketiyle Boğuşan Türkiye, En Büyük Derdi Haluk Levent ve Oğuzhan Uğur Olan AKP-MHP Camiasını Teselli Etmeye Çalışıyor: ''Allah başka dert vermesin...''",https://www.zaytung.com/haberdetay.asp?newsid=410668,22
"AKOM, İstanbul'da Kar Yüzünden Kapanan Yol Görüntüsü Çekmek İçin Beklerken Donma Tehlikesi Geçiren 24 Muhabir ve 600 AK Troll'ün Kurtarıldığını Duyurdu...",https://www.zaytung.com/haberdetay.asp?newsid=410463,22
"Ekonomide Düşündüren Tablo: 2 Haftadır Evde Yatan Oksijen İsrafı(14), Günde Ortalama 50 TL'lik Doğalgaz, 35 TL'lik Elektrik, 200 TL'lik Gıda Tüketiyor...",https://www.zaytung.com/haberdetay.asp?newsid=410448,22
"Simge Taraz(29), Maaşın Hesaba Yatması ile Kira, Faturalar, Kredi Kartı Minimumu Ödemesi Arasında Geçen 6 Dakikalık Refah Döneminin Keyfini Çıkarıyor...",https://www.zaytung.com/haberdetay.asp?newsid=410383,23
Türkiye'yi Krizden Çıkarma Reçetesi Olarak 240 Sayfa 2300 Maddelik ''Ortak Mutabakat Metni'' Yayınlayan Millet İttifakı: ''Daha da yazardık da moraliniz bozulmasın diye...'',https://www.zaytung.com/haberdetay.asp?newsid=410365,23
Rapor: Kedi Artık Sadece Ucuz Mama Alabildiğinizi Fark Etti...,https://www.zaytung.com/haberdetay.asp?newsid=410331,23
"Dolar Düşse ""Düşürdük"" Diye, Dolar Yükselse ""Rekabetçi kurla ekonomimizi canlandırdık"" Diye Övünen Bakan Nebati: ""Türkiye Ekonomi Modeli'nde başarısızlığa yer yok...""",https://www.zaytung.com/haberdetay.asp?newsid=410287,23
"Üç Yıl Önce Karne Hediyesi Olarak Tablet İsteyen Arda Kuycuk(9), Bu Yıl Yarım Kilo Pirzola ile 4 Paket Cips Arasında Kararsız...",https://www.zaytung.com/haberdetay.asp?newsid=410229,23
"Mevsim Normallerinin Üzerinde Seyreden Hava Sıcaklıklarının, Ocak'tan İtibaren Faturalara ''Küresel Isınma Hizmet Bedeli'' Olarak Yansıtılacağı Açıklandı..",https://www.zaytung.com/haberdetay.asp?newsid=410145,23
"Robot Süpürge Övücülere 2 Yıl Direnmeyi Başaran Ezgi Yunak(32), Air Fryer'cılar Karşısında ""Tamam mı, Devam mı?'' Mücadelesi Veriyor...",https://www.zaytung.com/haberdetay.asp?newsid=410118,23
"Önce Bitcoin'de Sonra da Borsada Batan, Maaş Zammı da %25 Olarak Açıklanan Mert Aycan(30) Doğal Seleksiyon Yarışından Çekildiğini Açıkladı...",https://www.zaytung.com/haberdetay.asp?newsid=410060,23
Memur ve Emekli Maaş Zamlarındaki Ekstra Yüzde 5'lik Artışın Ardında Gizlenen Büyük Fedakarlık: Artık Saray'ın 2 Odasında Işık Yanmayacak...,https://www.zaytung.com/haberdetay.asp?newsid=409928,23
Cumhurbaşkanı Erdoğan Eset veya Esad ile Görüşecek...,https://www.zaytung.com/haberdetay.asp?newsid=409923,23
SGK'nın Kanser Hastalarına Sahte İlaç Vermesiyle Rezalet Çıtasını Oldukça Yukarı Taşıyan AKP'de Erken Seçim Sesleri Yükseliyor: ''Zirvede bırakalım...'',https://www.zaytung.com/haberdetay.asp?newsid=409920,24
"Damacana Suyun Kaç Para Olduğundan Haberi Olmayan Uzmanlar, Günde 2,5 Litre Su İçilmesini Öneriyor…",https://www.zaytung.com/haberdetay.asp?newsid=409853,24
"Türkiye, Battaniye Altında Çay İçip Bir Arkadaşın Şifresiyle İnternetten Dizi İzleyeceği Çılgın Bir Yılbaşı Gecesine Daha Hazır...",https://www.zaytung.com/haberdetay.asp?newsid=409823,24
EYT Düzenlemesiyle Birlikte Emekliliğe Hak Kazanan 2.5 Milyon Kişinin Instagram'dan Facebook'a Nakil İşlemleri Başladı. Son Gün 31 Ocak 2023...,https://www.zaytung.com/haberdetay.asp?newsid=409783,24
"MHRS'de Randevu, Hastanede Doktor, Eczanede İlaç Bulmayı Başararak Tüm Etapları Eksiksiz Tamamlayan 2022'nin Başarılı Hastaları, Plaketlerini Sağlık Bakanı Koca'nın Elinden Aldılar...",https://www.zaytung.com/haberdetay.asp?newsid=409684,24
Şubat'ta Ele Geçecek 8500 TL'nin Şimdi Alınan 5500 TL'den Daha Az Olduğunun Anlaşılacağı 2 Aylık Süreç İçin Geri Sayım Başladı...,https://www.zaytung.com/haberdetay.asp?newsid=409620,24
Üçüncü Kez Toplanan Asgari Ücret Tespit Komisyonu'nda ''2 ay sonra sıfırlanacak zam için bu kadar toplanmaya lüzum var mı?'' Sorusu Masaya Yatırıldı...,https://www.zaytung.com/haberdetay.asp?newsid=409583,24
"Son Olarak Kendi Yaptığı Darbenin de Mağduru Olmayı Başaran AK Parti, Ulaşılması Güç Bir Rekora İmza Attı...",https://www.zaytung.com/haberdetay.asp?newsid=409527,24
"Adalet Bakanlığı, Ekrem İmamoğlu'na Hapis Cezasıyla İlgili Olarak Topu Millet İttifakı'nı Attı: ''Kaç kere uyardık adayınızı açıklayın diye. İsim gelmeyince mecburen alfabetik sıradan...''",https://www.zaytung.com/haberdetay.asp?newsid=409483,24
Bakan Nebati'den Memur ve Emekliye Yeni Yıl Müjdesi: ''Evde artan yemeklerimizi de her gün kendilerine bağışlayarak sevap noktasında...'',https://www.zaytung.com/haberdetay.asp?newsid=409445,25
''Kim Milyoner Olmak İster?''in Finalinde Elenen Yarışmacı: ''1 milyon TL'lik büyük ödülü kazansaydım 2. el araç alacaktım. Arta kalanıyla da market alışverişi filan...'',https://www.zaytung.com/haberdetay.asp?newsid=409406,25
"Altı Yaşındaki Çocuğa Tecavüz Eden Sapık, Tecavüze İzin Veren Aile ve Tecavüzü Aklamak İçin Yırtınan Tayfa Arasındaki ''En Rezil Hangimiziz?'' Mücadelesi Kızışıyor...",https://www.zaytung.com/haberdetay.asp?newsid=409377,25
"''Oy verdiğim adam ülkeyi batırdı'' Demeye Dili Varmayan Muzaffer İcek(67), ''Hep bu marketler şaapıyor'' Yalanını Son 4 Yılda 8. Kez Yiyor. Mecburen...",https://www.zaytung.com/haberdetay.asp?newsid=409298,25
"İstanbul Taksicileri, Müşteriye İt Gibi Davranma Hakları İçin Ayakta...",https://www.zaytung.com/haberdetay.asp?newsid=409268,25
Spotify'dan Türk Kullanıcılara Sert Ultimatom: ''Uzi dinleyenler 48 saat içinde kendilerini ifşa etmezlerse tek tek isimlerini yayınlayacağız...'',https://www.zaytung.com/haberdetay.asp?newsid=409210,25
"Hazine ve Maliye Bakanlığı, 6 Ayda 1 Seçim Yapıp Araplardan Para Dilenmeye Dayalı Yeni Ekonomik Programı Tanıttı: Kalıcı Taşıma Su Modeli",https://www.zaytung.com/haberdetay.asp?newsid=409156,25
"Taksici, Doğru İnsanı Bulana Kadar Arabasına Kimseyi Almamaya Kararlı...",https://www.zaytung.com/haberdetay.asp?newsid=409104,25
Rapor: Gece Uyumadan Önce DM'den Yürümenin Bile Eski Tadı Yok...,https://www.zaytung.com/haberdetay.asp?newsid=409060,25
"Alışveriş Sitelerinden Ortak ''Şahane Kasım'' Kampanyası: Şimdi Alacağınız Her Şey, 1 Ay Sonraya Göre En Az %20 İndirimli!",https://www.zaytung.com/haberdetay.asp?newsid=408940,25
Hükümet Seçim Öncesi Kesenin Ağzını Açıyor: Önümüzdeki 6 Ayı Bir Şekilde Sağ Salim Atlatmayı Başaranlara Gazilik Maaşı Bağlanacak...,https://www.zaytung.com/haberdetay.asp?newsid=408868,26
"Bu Kez Bitcoin'de Sadece 85 Dolar Batırabilen Mert Savuz(28), Son 1 Yılda Yaşadığı Fakirleşmeyi Avantaja Çevirdi...",https://www.zaytung.com/haberdetay.asp?newsid=408787,26
"Sağlık Bakanlığı'ndan Rahatlatan Açıklama: Sinir Hastası Değilsiniz, Sefalet Endeksinde Dünya 1.'si Olan Ülkenin Vatandaşısınız...",https://www.zaytung.com/haberdetay.asp?newsid=408752,26
"Ekim Ayı Yıllık Enflasyonunu %85.5 Olarak Açıklayan TÜİK, Sosyal Medya Yasasına Karşı Tedbiri Elden Bırakmadı: ''Paylaşımlarımız mizahi amaçlıdır...''",https://www.zaytung.com/haberdetay.asp?newsid=408718,26
Tepkiler Sonuç Verdi: Türkiye'de Faaliyet Gösteren Yabancı Mafya Örgütlerine Kadroda En Az 3 Türk Bulundurma Zorunluluğu Geliyor...,https://www.zaytung.com/haberdetay.asp?newsid=408691,26
Türkiye'ye Yolladığı 30 Milyar Dolardan Fazla Paraya Rağmen TCMB Rezervlerinin Azalmaya Devam Ettiğini Öğrenen Putin: ''Lan siz bu zamana kadar nasıl batmadınız?'',https://www.zaytung.com/haberdetay.asp?newsid=408640,26
"Rapor: Yazın Düğünde Takılan 50 Gram Altın, Bu Kışı Ölmeden Atlatmak İçin Eldeki En Büyük Koz...",https://www.zaytung.com/haberdetay.asp?newsid=408606,26
Evde Oturmaya da Dışarı Çıkmaya da Parası Yetmeyenler İçin Yaklaşan Kış Öncesi Cazip Bir Alternatif: Tüm Yönleriyle Merdiven Boşluğu...,https://www.zaytung.com/haberdetay.asp?newsid=408559,26
Kışlık Mont Fiyatlarındaki Aşırı Yükselişin Ardından İkinci El Ayı Kapanı Piyasası Son 300 Yılın En Parlak Dönemini Yaşıyor...,https://www.zaytung.com/haberdetay.asp?newsid=408495,26
"Yönettiği Madende 8 İşçinin Ölümü Nedeniyle Hapis Cezası Alıp, Ona Rağmen Türkiye Taşkömürü Kurumu Müdürü Yapılan Kazım Eroğlu: ''Kader planımda müdür olmak varsa demek...''",https://www.zaytung.com/haberdetay.asp?newsid=408431,26
Konaklama Vergisinde Kapsam Genişliyor: Çadır ve Karavanların Ardından Yatıya Kalan Misafirlerden de Vergi Alınacak...,https://www.zaytung.com/haberdetay.asp?newsid=408351,27
Akbank'tan Teknik Sorun Açıklaması: ''Bu sefer borcunuz fazla göründü ama bir dahakine paranız 2'ye de katlanabilir. Biz buna Sürprizli Bankacılık diyoruz...'',https://www.zaytung.com/haberdetay.asp?newsid=408288,27
"Soylu'nun İddiaları, 2 Milyon Kaçak Afgan Tarafından da Doğrulandı: ''Biz de Türkiye'ye aynen böyle uçarak girdik. Yoksa sınırlar inanılmaz korunuyor...''",https://www.zaytung.com/haberdetay.asp?newsid=408177,27
Tek Kelimesini Anlamadan Kurduğu Cümlenin Ardından Aşırı Isınan Hazine ve Maliye Bakanı Nebati'yi Soğutma Çalışmaları Sürüyor...,https://www.zaytung.com/haberdetay.asp?newsid=408152,27
"Savaştan Kaçıp Gelen Ruslar'a, Türkiye'nin Seçim Dönemine Girdiği Anlatılmaya Çalışılıyor: ''Önümüzdeki 7-8 ay Ukrayna cephesi sizin için daha güvenli olabilir...''",https://www.zaytung.com/haberdetay.asp?newsid=408085,27
Seferberlik İlan Edilince Soluğu Antalya’da Alan Ruslar’a Putin'den Sert Tepki: ''Lan ben oraya mı dedim?!'',https://www.zaytung.com/haberdetay.asp?newsid=407988,27
Yatırımcılara Borsa'yı Tavsiye Ettikten 2 Gün Sonra Borsa'nın Tepetaklak Olması da Bakan Nebati'nin Cesaretini Kırmadı: ''Bu 3 Altcoin Ay'a gidecek!'',https://www.zaytung.com/haberdetay.asp?newsid=407939,27
Ek İş Yapıp Eşten Dosttan Borç Alarak Önümüzdeki Kışı Ölmeden Atlatmayı Planlayan Caner Durcu(34) Cephesinde Kafalar Karışık: ''Acaba o şekilde ev mi alsam?'',https://www.zaytung.com/haberdetay.asp?newsid=407864,27
"Her Şey Yolunda Giderse 20 Yıl Sonra Okul Servis Ücretinin Maliyetini Çıkarmaya Başlayacak Olan Efe Ozan Eycen(6), İlkokula Başladı...",https://www.zaytung.com/haberdetay.asp?newsid=407819,27
"Apple, Türkiye Piyasası İçin Özel Olarak Üretilen Boş iPhone 14'ü Tanıttı: ''Kılıf gibi düşünün...''",https://www.zaytung.com/haberdetay.asp?newsid=407723,27
"İstanbul Cumhuriyet Savcılığı, Dünyanın Döndüğünü İddia Eden Galileo Galilei Hakkında ''Basın yoluyla halkın bir bölümünün dini değerlerini aşağılama'' Suçlamasıyla Soruşturma Başlattı...",https://www.zaytung.com/haberdetay.asp?newsid=407659,28
Yasaklanabilecek Herhangi Bir Festival ve Konserin Olmadığı Yozgat'ta Valilikten Sanat Camiasına Sitem: ''İnsan geçerken de mi uğramaz?'',https://www.zaytung.com/haberdetay.asp?newsid=407606,28
Dışarı Adım Atmanın En Az 300 TL'den Başladığı Türkiye'de ''Ev hapsi alınabilecek suçlar'' Araması Google Trendler'de Hızla Yükseliyor...,https://www.zaytung.com/haberdetay.asp?newsid=407436,28
"İstanbul İçin Haftalık Olağan Kuvvetli Yağış Uyarısını Yineleyen AFAD, Geri Adım Atmıyor: ''Söyleye söyleye yağdırıcaz...''",https://www.zaytung.com/haberdetay.asp?newsid=407315,28
Köpek Bağlasan Durmaz Zemin Kat Daireyi 7500'e Tutma Mücadelesinde Nefes Kesen Final: 9 Kaçak Afgan vs. 4 Üniversite Öğrencisi,https://www.zaytung.com/haberdetay.asp?newsid=407273,28
"Beklentilere Uygun Bir Şekilde Saçmalamaya Devam Eden Merkez Bankası, Piyasalara Güven Verdi: ''İyi iyi bunlar kesin gidici...''",https://www.zaytung.com/haberdetay.asp?newsid=407232,28
Kredi Notunun Türkiye'den Daha Yüksek Olduğunu Fark Eden Tanzanya'da Moraller Yerinde: ''Demek kabilede bir de ekonomi bilen adam olsa...'',https://www.zaytung.com/haberdetay.asp?newsid=407176,28
"İstanbul'a Taşınma İşlemlerini Hızlandıran Merkez Bankası: ''Hazır kasalar boşken taşınalım dedik, daha kolay oluyor...''",https://www.zaytung.com/haberdetay.asp?newsid=407077,28
BİM'den Psikolog Satışı Açıklaması: ''Öyle bir hizmetimiz yok ama 5 TL farkla kasada dert dinleriz...'',https://www.zaytung.com/haberdetay.asp?newsid=407038,28
KPSS Sorularının Çalındığı İddialarına ÖSYM'den Yalanlama: ''Zaten iş mülakatta bitiyor. Soruları kim ne yapsın?'',https://www.zaytung.com/haberdetay.asp?newsid=406937,28
Uyumadan Önce Twitter'a Bi Göz Atma Hatasının Bedeli Yine Ağır Oldu: ''Dünyanın sonu geldi ve hepimiz acılar içinde ölücez!'',https://www.zaytung.com/haberdetay.asp?newsid=406896,29
"Enflasyondan Korunmak İçin En İyi Yatırım Araçları Listesinde İlk 3 Bu Hafta da Değişmedi: TOEFL Sertifikası, Vize, Tek Yön Uçak Bileti...",https://www.zaytung.com/haberdetay.asp?newsid=406830,29
"Petshop'ların Kasaplar Odası'na Bağlanmasının Ardından ''Kedi Besicisi'' Statüsüne Geçen Ezgi Kuraz(30), Çabuk Havaya Girdi: ''Bugün bir kilo mama olmuş 150 Lira. Hayvancılığı bitirdiler...''",https://www.zaytung.com/haberdetay.asp?newsid=406698,29
"YKS'de İlk 10.000'e Girmeyi Başaran Genç, En Büyük Hayali Olan Kanada'da Moto Kuryeliğe Bir Adım Daha Yaklaştı...",https://www.zaytung.com/haberdetay.asp?newsid=406588,29
"Hazine ve Maliye Bakanlığı, Türkiye'nin Artan İflas Riskine Karşı Malı Mülkü Dost Ülkelerin Üzerine Yapma Seçeneğinin Masada Olduğunu Açıkladı...",https://www.zaytung.com/haberdetay.asp?newsid=406539,29
Akıllı Telefon Üreticilerinden Ortak Açıklama: ''Önümüzdeki 20 sene daha Ay'ı doğru düzgün çeken kamera koymayacağız. Boşuna kasmayın...'',https://www.zaytung.com/haberdetay.asp?newsid=406454,29
"Mert Kuraz(24, İşsiz), 41.000 TL'lik KYK Borcunun Faiziyle 153.000 TL'ye Çıktığını Kurban Bayramından Sonra Babasına Açıklayacak: ''Aklına bi şey gelmesin şimdi...""",https://www.zaytung.com/haberdetay.asp?newsid=406417,29
Sağlık Bakanı Koca: ''Bütün doktorlar gittiğinde sağlıktaki şiddet sorunu da çözülmüş olacaktır...'',https://www.zaytung.com/haberdetay.asp?newsid=406319,29
"Yozgat Belediyesi, Şehre Gelebilmek İçin Otobüs Biletine 500 TL Veren Vatandaşları Aşırı Bir Beklentiye Girmemeleri Konusunda Uyardı: ''Yozgat yine aynı Yozgat...''",https://www.zaytung.com/haberdetay.asp?newsid=406204,30
Bu Saatten Sonra Gerçekten Bir Rezerv Bulsa da Kimseyi İnandıramayacağını Fark Eden Maden Tetkik Arama Müdürlüğü'nde Moraller Bozuk...,https://www.zaytung.com/haberdetay.asp?newsid=406134,30
NETFLIX: ''Genel ahlakımızı bozan Türkiye piyasasından çekilmeyi düşünüyoruz...'',https://www.zaytung.com/haberdetay.asp?newsid=406070,30
"Rapor: Siz Hariç Herkes Bu Yıl da Tatilini Yapıyor, Çok Eğleniyor...",https://www.zaytung.com/haberdetay.asp?newsid=406010,30
Prens Selman'ın Türkiye'den Ayrılmasının Ardından Saray'da Yapılan Personel Sayımında Kayıp Sayısı 14'e Ulaştı. Yetkililer Sayının Artmasından Endişeli...,https://www.zaytung.com/haberdetay.asp?newsid=405943,30
"''İyi Hal''di, ''Tahrik İndirimi''ydi Derken 5-6 Sene Yatıp Çıkacak Olan Katil Metin Avcı'nın Cinayeti Gizlemek İçin Neden O Kadar Zahmete Girdiği Gizemini Koruyor...",https://www.zaytung.com/haberdetay.asp?newsid=405894,30
ÖSYM: ''Sanki bir geleceğiniz varmış gibi sınava yetişme telaşınızda insanın yüreğini burkan bir şeyler var...'',https://www.zaytung.com/haberdetay.asp?newsid=405840,30
Artan Ulaşım Maliyetlerine Karşı Hükümetten İlk Adım: Koronavirüs Önlemleri Kapsamında Şehirlerarası Seyahat Yasağı Geri Dönüyor...,https://www.zaytung.com/haberdetay.asp?newsid=405784,30
"Daha Haziran Bitmeden 3 Düğüne Katılan Mert Kuzak(30), Konkordato İlan Etti...",https://www.zaytung.com/haberdetay.asp?newsid=405710,30
"GES'e Gelen ''İşe yaramaz'' Eleştirileri, Bakan Nebati İçin Gizemini Koruyor: ''Nereden anladınız ki? Ben hiçbir şey anlamadım?''",https://www.zaytung.com/haberdetay.asp?newsid=405672,30
"Sağlık Bakanlığı'ndan Müjde: Doktor Randevusu Bulamayan Vatandaşlar, Yarından İtibaren Almanya'daki Devlet Hastanelerinden Randevu Alabilecek...",https://www.zaytung.com/haberdetay.asp?newsid=405575,31
"TÜİK'te İstifa Depremi Sürüyor: Son Olarak Açıklanan %73.5'lik Enflasyondaki 7, 3 ve 5 Rakamları da Sağlık Sebebiyle Görevden Aflarını İstediler...",https://www.zaytung.com/haberdetay.asp?newsid=405553,31
Uygunsuz Görüntüler Bu Kez Bakırköy'den: Litresi 26 TL'lik Benzin Taşıyan Pompayı Yüzlerce Kişinin Gözleri Önünde Araçların Depolarına Soktular...,https://www.zaytung.com/haberdetay.asp?newsid=405486,31
Yanlışlıkla Televizyonda Erdoğan'ın Konuşmasına Denk Gelen Arda Kuycuk(6) Kontrolden Çıktı: ''Acıktık şu sofraya kuru sulu bi şey koyun lan sürtükler!'',https://www.zaytung.com/haberdetay.asp?newsid=405460,31
"Köylerinin Yakınında Bulunan Kavşağa Trafik Işığı Takılan Barazlar Köyü Sakinleri, En Önemli Geçim Kaynaklarını Kaybetme Tehlikesiyle Karşı Karşıya...",https://www.zaytung.com/haberdetay.asp?newsid=405424,31
Enflasyonda Kritik Eşik Aşıldı: Artık Nebati Bile Güldürmüyor...,https://www.zaytung.com/haberdetay.asp?newsid=405393,31
Piyasalarda Bugün: Gıybet Endeksi ''Bu kız tatile gidecek parayı nerden buluyor?'' Seviyesinden ''Bu kız dışarıda kahve içecek parayı nereden buluyor?'' Seviyesine Geriledi...,https://www.zaytung.com/haberdetay.asp?newsid=405337,31
Ekonominin Faiz Artışıyla Falan Kurtarılabilecek Eşiği Aşmasının Ardından Merkez Bankası'na Bir Rahatlama Geldi: ''İnsan ister istemez stres oluyordu...'',https://www.zaytung.com/haberdetay.asp?newsid=405294,31
"Suriye Dışişleri Bakanlığı, Sınırdaki Duvarın Biraz Daha Yükseltilmesi Konusunda Türkiye'ye Her Türlü Desteği Vermeye Hazır Olduklarını Açıkladı...",https://www.zaytung.com/haberdetay.asp?newsid=405188,31
İki Milyonluk Dairede Oturup İçtikleri 2 Çayın Bile Hesabını Yapmak Zorunda Kalan Umak Ailesinde Kafalar Karışık: ''Zengin miyiz fakir mi?'',https://www.zaytung.com/haberdetay.asp?newsid=405178,31
NATO Konusunda Türkiye'yi İkna Etmeye Çalışan Finlandiya'nın Cumhurbaşkanı Sauli Niinistö: ''Bıçak kesmiyor deyiminin anlamını bir çözebilirsek...'',https://www.zaytung.com/haberdetay.asp?newsid=405067,32
"AKP, Suriyelilerin Gönüllü Geri Dönüşü İçin Başlatılan ''Ekonomi bitmiş ya, bu Türkiye'de yaşanmaz artık'' Kampanyasından Umutlu...",https://www.zaytung.com/haberdetay.asp?newsid=405053,32
LUNA'da Kriz Büyüyor: TL'ye Karşı Bile Değer Kaybettiği Ortaya Çıktı...,https://www.zaytung.com/haberdetay.asp?newsid=404950,32
"Ümraniye'de Daire Alma Umudunu Tamamen Yitiren Serkan Çurhacı(44), Mecburen Akdeniz'de Uygun Bir Ada Bakmaya Başladı...",https://www.zaytung.com/haberdetay.asp?newsid=404884,32
"Türkiye Bu Yıl Turizm Sezonuna İddialı Giriyor: ''Tek Ülke Parasına Bütün Ortadoğu, Afganistan ve Pakistan'ı Deneyimlemek İster misiniz?''",https://www.zaytung.com/haberdetay.asp?newsid=404656,32
Rehberde Kayıtlı Olmayan 0541'li Numara Bu Bayramı da Pas Geçmedi. Şüpheler Tesisatçı Üzerinde Yoğunlaşıyor....,https://www.zaytung.com/haberdetay.asp?newsid=404629,32
Benzin ve Ulaşım Zamları Nedeniyle Yok Olma Tehlikesiyle Karşı Karşıya Kalan Bir Tür: Bayramdan Bayrama Görülen Lüzumsuz Soru Akrabaları...,https://www.zaytung.com/haberdetay.asp?newsid=404544,32
"Cemal Kaşıkçı Davasını Suudi Arabistan'a Satan AKP, Gezi Parkı Davası İçin Gelecek Teklifleri Bekliyor. Hedef Yıllık 1 Milyar Dolarlık Dava İhracatı...",https://www.zaytung.com/haberdetay.asp?newsid=404470,32
Aşk Acısı Çekme Maliyetinin Aylık 13.800 TL'ye Yükseldiğine Dikkat Çeken Uzmanlar ''Bahar Çarpması'' Tehlikesine Karşı Uyarıyor...,https://www.zaytung.com/haberdetay.asp?newsid=404419,32
"Almanya Sonunda Pes Etti: ''Tamam ya bizdeki %7 enflasyon, sizdeki %150 enflasyondan daha kötü tamam...''",https://www.zaytung.com/haberdetay.asp?newsid=404350,33
"32 Yaşında Aile Evine Geri Taşınmak Zorunda Kalan Mert Aycan, Sahip Olduğu Tek Lüks Olan Netflix'e Sıkı Sıkı Tutunuyor...",https://www.zaytung.com/haberdetay.asp?newsid=404291,33
"300 Bin Dolara Hem İstanbul'dan Ev Hem de Kendisi, 3 Eşi ve 14 Çocuğu İçin TC Vatandaşlığı Satın Alan Iraklı, Türkiye'deki Hayat Pahalılığı Şikayetlerine Anlam Veremiyor...",https://www.zaytung.com/haberdetay.asp?newsid=404221,33
Bir Yıl Önce 7 TL'ye Aldığı Benzini Bugün 19 TL'ye Alan 25 Milyon Araç Sahibine ''Resmi TÜİK Enflasyonuna Muhalefet'' Soruşturması...,https://www.zaytung.com/haberdetay.asp?newsid=404149,33
İstifa Edip Kendi İşini Kurma Hayali Yine Aynı Soruya Takıldı: ''Hadi maaş neyse de MultiNet yemek kartından nasıl vazgeçicem?'',https://www.zaytung.com/haberdetay.asp?newsid=404068,33
"Gücü Artık Sadece 4 Kilo Yeşil Bibere Yeten 200 TL'lik Banknot, Depresyona Girdi...",https://www.zaytung.com/haberdetay.asp?newsid=404021,33
Yıl Sonu Enflasyon Hedefi Olan %23'ü İlk 3 Ayda Yakalayan Merkez Bankası: ''Bunun bir başarı sayılmadığından emin miyiz ya?'',https://www.zaytung.com/haberdetay.asp?newsid=403859,33
"İki Darbe, 1 Savaş, 1 Ambargo, 1 Büyük Deprem, 3 Büyük Ekonomik Kriz Görüp İlk Kez Taneyle Domates Almak Zorunda Kalan Muzaffer Yiycek(65), Açlıktan Ölecek Ama Hala: ''Siz eskileri bilmezsiniz yeenim...''",https://www.zaytung.com/haberdetay.asp?newsid=403830,33
İnternet Tarifelerine %67 Zam Yapan Türk Telekom: ''İnternette video izleyerek fakirliğini unutmak isteyenler kuyruğa neden oluyordu...'',https://www.zaytung.com/haberdetay.asp?newsid=403699,33
"Zamlardan Sonra İnternet Kullanımını Kısmaya çalışan Orkun T. (23), Kız Arkadaşına Podcast Sevgisini Aşılamaya Çalışacak...",https://www.zaytung.com/haberdetay.asp?newsid=403694,33
Uyarı: Will Smith'in Attığı Tokatla İlgili Görüş Bildirmeyen Bir Tek Siz Kaldınız...,https://www.zaytung.com/haberdetay.asp?newsid=403650,34
"Yazın Gidebileceği En Uzak Yer Köşedeki Marketin Yağ Kuyruğu Olan Ezgi Kurcak(26), ''Yaz gelsin artık'' Dedirten Bir Fotoğrafını Ekledi...",https://www.zaytung.com/haberdetay.asp?newsid=403552,34
''Bakan Nebati'' Karakteriyle Türkiye'yi Kahkahalara Boğan Ünlü Stand-up'çı: ''Bu zor dönemde halkımıza bir nebze moral verebildiysem...'',https://www.zaytung.com/haberdetay.asp?newsid=403480,34
"Ön Kamerada Patates Gibi Çıkanlar Derneği, Görüntülü Sohbette Avatar Kullanma Özelliği Getiren Azar'la Yola Devam Edeceklerini Açıkladı…",https://www.zaytung.com/haberdetay.asp?newsid=403416,34
"AKP'nin ''Doktorsuz Devlet Hastaneleri'' Projesinde Dev Adım: 20.000 AK Troll, Açtıkları #midespazmihaddinibil Hashtag'iyle Bir Hastayı Sağlığına Kavuşturmayı Başardı...",https://www.zaytung.com/haberdetay.asp?newsid=403366,34
Erdoğan'ın ''Mültecileri ülkelerine göndermeyeceğiz'' Açıklaması Suriyeliler Arasında Tedirginliğe Yol Açtı: ''Afganları da mı?'',https://www.zaytung.com/haberdetay.asp?newsid=403235,34
"Bir Haftadır ''Şöyle Kar Yağacak, Böyle Kar Yağacak'' Diye Aşırı Beklentiye Sokan Meteoroloji, 30 Suni Kar Makinesiyle Hafta Sonunu Bekliyor: ''Kimseyi kendimize güldürmeyiz...''",https://www.zaytung.com/haberdetay.asp?newsid=403119,34
"Yokluktan 65 Yaş Üstü Emekli Doktorları Tekrar Göreve Çağıran Sağlık Bakanlığı, Vatandaşları Uyardı: ''Bunları döverken dikkat edin, elinizde kalabilirler...''",https://www.zaytung.com/haberdetay.asp?newsid=403040,34
"Yoğun Çalışma Saatleri, Şiddet, Ödenmeyen Nöbet Ücretleri Gibi Nedenlerle 3 Ay Önce Yurt Dışına Giden Doktor A.Y. (30) Net Konuştu: ''Bizim orda kurulu düzenimiz var, yoksa ülkemiz cennet...''",https://www.zaytung.com/haberdetay.asp?newsid=402993,34
EPDK: ''Kamuoyunu gereksiz yere meşgul etmemek için bundan böyle zam gelmeyeceği zaman açıklama yapacağız...'',https://www.zaytung.com/haberdetay.asp?newsid=402948,34
"İkide Bir ""Türk drone'larıyla Rusları şöyle vurduk böyle indirdik'' Şeklinde Açıklama Yapan Ukrayna'ya Dışişleri'nden Uyarı: ''Birader isim verip durmayın...''",https://www.zaytung.com/haberdetay.asp?newsid=402692,35
"Rusya'ya Yönelik Ekonomik Yaptırımlarda Türkiye de Masada: Cumhurbaşkanı Erdoğan ''Faiz Sebep, Enflasyon Sonuç'' Teorisine İkna Etmek İçin Putin'le Görüşecek...",https://www.zaytung.com/haberdetay.asp?newsid=402566,35
"Dünya Bankası, Rusya Ukrayna'yı İşgal Ederken Her İki Ülkenin Para Biriminden Daha Fazla Değer Kaybetmeyi Başaran TL'yi İncelemek Üzere Türkiye'ye Heyet Gönderiyor...",https://www.zaytung.com/haberdetay.asp?newsid=402467,35
''Altınlarınızı Getirin'' Çağrısına Beklediği Geri Dönüşü Alamayan Hazine ve Maliye Bakanlığı'ndan Yeni Finansal Ürün: Kur Korumalı Böbrek Mevduat Hesabı,https://www.zaytung.com/haberdetay.asp?newsid=402239,35
"''Oy verdiğim adam ülkeyi batırdı'' Demeye Dili Varmayan Muzaffer İcek(67), ''Hep bu marketler şeyapıyor'' Numarasını Son 3 Yılda 7. Kez Yemeye Hazır...",https://www.zaytung.com/haberdetay.asp?newsid=402208,35
Boş Baklava ve Boş Tosttan Sonra ''Boş Ekonomi Paketi'' de Piyasaya Sürüldü...,https://www.zaytung.com/haberdetay.asp?newsid=402098,35
Mert Yuvak(27) Sevgililer Günü Öncesi Kritik Virajda: Hediye mi Alsam Japon Kirpi Balığı’nın Dişisine Kur Yapma Dansını mı Öğrensem?,https://www.zaytung.com/haberdetay.asp?newsid=402039,35
Gizemli Tarih: Tavuk Etiyle Tatlı Yapmak İlk Kimin Aklına Geldi?,https://www.zaytung.com/haberdetay.asp?newsid=401840,35
Isparta'yı -5 Derecede 48 Saat Elektriksiz Bırakan Akdeniz Elektrik Dağıtım AŞ'den Türkiye'ye Müjdeli Haber: ''Henüz can kaybı yok. Pahalı geliyorsa siz de komple şalterleri indirebilirsiniz...'',https://www.zaytung.com/haberdetay.asp?newsid=401838,35
"Rapor: Mühendislik Eğitimi Artı MBA Artı Özel Sektörde Son 2 Yılı Yönetici Pozisyonunda Olmak Üzere 7 Yıllık İş Deneyimi, Markette En Ucuz Sütü Bulmak ve Gece Yatmadan Önce Kombiyi Kapatmak İçindi...",https://www.zaytung.com/haberdetay.asp?newsid=401811,36
Normal Takvimle Girdiği 2022'den de Umudu Kesen Ezgi Yuncuk(28)'da Çin Takvimi Coşkusu: ''Oha Kaplan diyor!'',https://www.zaytung.com/haberdetay.asp?newsid=401743,36
Son 3 Yılda 6 Kez Başkan Değiştiren TÜİK'te İhale Sistemine Geçiliyor: Enflasyon İçin En Düşük Teklifi Veren 1 Yıllığına Başkan Olacak...,https://www.zaytung.com/haberdetay.asp?newsid=401712,36
"Ekonomide Düşündüren Tablo: 1 Haftadır Evde Yatan Oksijen İsrafı(14), Günde Ortalama 30 TL'lik Doğalgaz, 25 TL'lik Elektrik Tüketiyor...",https://www.zaytung.com/haberdetay.asp?newsid=401603,36
''Teknik sorunlar'' Nedeniyle Türkiye'ye Doğalgaz Satışını Durduran İran: ''Teknik olarak bedavaya gaz vermiyoruz...'',https://www.zaytung.com/haberdetay.asp?newsid=401467,36
İki Haftadır Evde Her İşe Koşturan Mert Çuvhan(30) ya Aldatıyor ya da Bitcoin'de Büyük Battı...,https://www.zaytung.com/haberdetay.asp?newsid=401402,36
"Kamu Bankaları, ''Elektrik Faturası Yüzünden Battım'' Demeye Utanan İşletmeler İçin de Devrede: Yüzde 300 Faizli ''Gururlu Batış Kredisi''",https://www.zaytung.com/haberdetay.asp?newsid=401291,36
"Dedesi Sülün Osman'a, Babası Jet Fadıl'a, Abisi Çiftlikbank'a Para Kaptıran Gökhan Uruk(26), Metaverse'den Arsa Alarak Geleneği Blok Zincir Teknolojisine Taşıdı...",https://www.zaytung.com/haberdetay.asp?newsid=401156,36
Evde Oturmaya da Dışarı Çıkmaya da Parası Yetmeyenler İçin: Tüm Yönleriyle Merdiven Boşluğu...,https://www.zaytung.com/haberdetay.asp?newsid=401063,36
Dünya Sağlık Örgütü'nden Türkiye'ye ''Kapanma Kararı'' Tavsiyesi: ''Parasızlıktan dışarı çıkamıyoruz demekten iyidir...'',https://www.zaytung.com/haberdetay.asp?newsid=400860,37
"Ekonomide Ürküten Senaryo: Elektrik Faturalarını Ödeyemeyecekleri İçin A Haber-TRT-CNN Türk İzleyemeyecek Olan Emekliler, Bakkaldan Ekmek Alamaz Hale Geldiklerini Fark Edebilirler mi?",https://www.zaytung.com/haberdetay.asp?newsid=400721,37
Zincir Marketler Birliği'nden Hükümete Çağrı: ''Dolar düştü zamları geri alın!'',https://www.zaytung.com/haberdetay.asp?newsid=400591,37
Ankara'da Kamu Kurum ve Kuruluşlarını ''Kılıçdaroğlu yarım saate sizi ziyarete geliyor'' Diye Arayıp Fahiş Fiyattan Zincir ve Asma Kilit Satan Çete Çökertildi...,https://www.zaytung.com/haberdetay.asp?newsid=400474,37
Doların Yeniden 13 TL Seviyelerine Çıkması Üzerine Merkez Bankası Piyasalara Malatya Halay Ekibiyle Müdahale Etti...,https://www.zaytung.com/haberdetay.asp?newsid=400432,37
Süt Fiyatlarına Müdahale İçin Ahır Basacak Ticaret Bakanlığı'na Bağlı Özel Tim Basına Tanıtıldı...,https://www.zaytung.com/haberdetay.asp?newsid=400333,37
BÖRÜ 2039 Fragmanındaki FSM Köprüsünün Yıkılma Sahnesi Soru İşaretlerine Neden Oldu: ''Ya bizimkiler sonunda özel efekt yapmayı öğrendi ya da... Lan? Köprü?!'',https://www.zaytung.com/haberdetay.asp?newsid=400284,37
"''Gerekirse Ağaç Kabuğu Kemireceğiz!'' Açıklamasıyla Eli Yükseltecek Saray Ünlüsü İçin Bahis Oranları Açıklandı. Orhan Gencebay: 1.1, Alişan: 1.15, Yavuz Bingöl: 1.18...",https://www.zaytung.com/haberdetay.asp?newsid=400253,37
"Hazine ve Maliye Bakanı Nebati, Ekonomide ''Çin Olmadan Fakir Çarpma'' Modeline Geçildiğini Duyurdu...",https://www.zaytung.com/haberdetay.asp?newsid=400161,37
"Türkiye, Dolar'ın 1 Ay Önceki Seviyesine İnmesinin Ardından Fiyatların da 1 Ay Önce ''Oha her şey çok pahalı!'' Dediği Seviyeye İnmesini Bekliyor...",https://www.zaytung.com/haberdetay.asp?newsid=400102,37
"Geçtiğimiz Hafta Asgari Ücretin 380 Dolar'dan 270 Dolar'a Çıkmasını, Bu Hafta da Dolar'ın 7 TL'den 11.5 TL'ye Düşmesini Kutlayan AK Parti, Matematiğe Karşı Verdiği Kurtuluş Savaşında Destan Yazmaya Devam Ediyor...",https://www.zaytung.com/haberdetay.asp?newsid=400040,38
"Turizm ile Hazine ve Maliye Bakanlığı'ndan Ortak Çalışma: Balkanlardan Gelen Turistler ''Keyfinize bakın, biz battık'' Maskeleriyle Karşılanacak...",https://www.zaytung.com/haberdetay.asp?newsid=399916,38
"Bulgaristan İçişleri Bakanlığı, +90 Ülke Kodlu Numaralardan Gelen ''Pasaport için 500 Euro lazım'' Şeklindeki Aramalara Karşı Vatandaşları Uyardı...",https://www.zaytung.com/haberdetay.asp?newsid=399885,38
"Türkiye İşverenler Sendikası, Yüksek Lisans Mezunu, İngilizce Bilen ve En Az 2 Yıl İş Tecrübeli Adaylara Teklif Edilecek ''İşinize Gelirse'' Ücretinin de Net 4250 TL'ye Çıkarıldığını Açıkladı...",https://www.zaytung.com/haberdetay.asp?newsid=399792,38
"Türkiye, Ekonomik Model Tutmazsa Eve Boynu Bükük Gideceğini Açıklayan Maliye Bakanı Nebati İçin Seferber Oldu: ''Abi her şey para değil...''",https://www.zaytung.com/haberdetay.asp?newsid=399610,38
Asgari Ücret Tespit Komisyonu ''2 Ay Sonra Yine 200 Dolar Edecek Bir Ücret İçin Bu Kadar Toplanmaya Gerek Var mı?'' Gündemiyle Toplandı...,https://www.zaytung.com/haberdetay.asp?newsid=399466,38
"McDonald’s’tan 14,99’a TBT Burger Alan Genç, Evinin Camlarını ''Hoş Geldin 2018'' Yazısıyla Süsledi…",https://www.zaytung.com/haberdetay.asp?newsid=399432,38
Türkiye'ye Yatırım İçin 10 Milyar Dolar Ayıran Katar'da Kafalar Karışık: ''Biraz daha bekleyip o parayla ülkenin tamamını mı alsak?'',https://www.zaytung.com/haberdetay.asp?newsid=399296,38
Sonunda İstifa Etmeyi Başaran Lütfi Elvan'dan Henüz Mecburi Hazine ve Maliye Bakanlığı Hizmetini Yapmamış Gençlere Tavsiyeler: ''Fazla göze batmiycan. Komutanın postası olursan rahat edersin...'',https://www.zaytung.com/haberdetay.asp?newsid=399074,38
"Ay Sonu İtibariyle Kredi Kartı Patlak Durumda Olan Ezgi Parsu(26), Motokuryelerin Güvenliği İçin Bu Havada Eve Yemek Siparişi Vermeyecek. Başka Havada da Vermeyecek....",https://www.zaytung.com/haberdetay.asp?newsid=398967,38
"Dünya Sağlık Örgütü, Nu Varyantı Konusunda Türkiye'nin Endişe Etmesine Gerek Olmadığını Açıkladı: ''Size pahalı gelir zaten o...''",https://www.zaytung.com/haberdetay.asp?newsid=398840,39
"''Abi Bunu Alıp Unutacaksın'' Sloganıyla Bitcoin Piyasasına Giren Mert Birazlar(32), Unutamadı...",https://www.zaytung.com/haberdetay.asp?newsid=398783,39
"Para Birimi Son 1 Yılda TL'ye Karşı %50 Değer Kazanan Gambiya, Neden Durduk Yere Türkiye'ye Ekonomik Savaş Açtığından Emin Değil...",https://www.zaytung.com/haberdetay.asp?newsid=398667,39
Dolar'ın Sabit Kalması Nedeniyle 2 Gündür Fakirleşemeyen Gülşah Urbuz(28)'un İçinde Garip Bir Boşluk Var. Sanki Bir Şeyler Eksik Gibi...,https://www.zaytung.com/haberdetay.asp?newsid=398506,39
''Bu Kardeşine'' Tam Yetki Verdikten 3 Yıl Sonra Marketten Yağ Alamaz Hale Gelen Muzaffer Yiycek(65) Hatayı Kendinde Arıyor: ''Kesin bir yetkiyi unuttum...'',https://www.zaytung.com/haberdetay.asp?newsid=398382,39
"Milli Piyango İdaresi, Yılbaşı Çekilişinin Büyük İkramiyesini ''1 Adet Çeyrek Altın + 5 Litrelik Ayçiçek Yağı'' Olarak Açıkladı...",https://www.zaytung.com/haberdetay.asp?newsid=398271,39
Elektrik Faturalarından TRT Payı'nın Kaldırılmasıyla Cebinizde Kalacak 2 TL'yi Hangi Yatırım Enstrümanlarında Değerlendirebilirsiniz? Uzmanlar Yanıtlıyor...,https://www.zaytung.com/haberdetay.asp?newsid=398029,39
İstanbul Maratonu'nda Rekor Dereceyle İpi Göğüsleyen Taner Kurcak(38): ''Akşamki Hepsiburada indirimine yetişmeye çalışıyordum. Maraton olduğunu fark etmedim...'',https://www.zaytung.com/haberdetay.asp?newsid=397990,39
"Meteorolojiden Sis Uyarısı: ''Bu havada ne çekseniz güzel çıkar, yeteneksizliğinizde değişen bir şey yok...''",https://www.zaytung.com/haberdetay.asp?newsid=397979,39
Enerji Bakanı'ndan Bir Tüyo da Otomobil Sahiplerine: ''Yokuş aşağı boşa alırsanız az yakar...'',https://www.zaytung.com/haberdetay.asp?newsid=397891,39
F-35 Pazarlığında Sona Gelindi: Dışişleri Bakanlığı Uçakların Yerine 1.4 Milyar USD Değerinde iPhone 13 Pro ve AirPods İçin Bastırıyor...,https://www.zaytung.com/haberdetay.asp?newsid=397849,40
"‘‘Efendiler, yarın cumhuriyeti ilan edeceğiz’’ Sözünün Ardından ‘‘Paşam öğleden sonra tatil mi?’’ Sorusunu Yönelten Bilecik Mebusu Nejat Erdem Bey, Mezarı Başında Anıldı...",https://www.zaytung.com/haberdetay.asp?newsid=397734,40
"Aldığı Maaşla Türkiye'de Geçinmesi İmkansız Hale Gelen Gabon Ankara Büyükelçisi, Ülkesine Dönmeye Kararlı: ''Osman Kavala kim bilmiyorum ama bizim de kırmızı çizgimizdir...''",https://www.zaytung.com/haberdetay.asp?newsid=397608,40
"''Paniğe gerek yok, dolar 10 TL olunca hükümet 1 tane 0 atacak'' Esprisi, Emeklilik İçin Gün Sayıyor...",https://www.zaytung.com/haberdetay.asp?newsid=397534,40
"Fahiş Fiyat Uygulayan Benzin İstasyonu, Duyarlı Vatandaşlar Tarafından Polise İhbar Edildi: ''Ekonomik darbe yoluyla ülkemize diz çöktürmeye çalışan bu hainler...''",https://www.zaytung.com/haberdetay.asp?newsid=397431,40
"Akaryakıtta Beklenen Müjde Geldi: ''Bundan sonra benzinin litre fiyatına zam yok, litreyi azaltacağız...''",https://www.zaytung.com/haberdetay.asp?newsid=397403,40
Görevdeki İlk Ayında Afganistan Para Birimine TL Karşısında Yüzde 2 Değer Kazandıran Afganistan Merkez Bankası Başkanı: ''Demek bir de şu bilgisayarı açabilsem...'',https://www.zaytung.com/haberdetay.asp?newsid=397295,40
"Squid Game'den ''Seksek ve Körebe Oynayarak Kredi Kartı Borcunu Kapatmak Mümkün'' Sonucunu Çıkaran Cenk Murzunlar(28), Artık Geleceğe Daha Umutla Bakıyor...",https://www.zaytung.com/haberdetay.asp?newsid=397245,40
"TÜİK, Ekim Ayında Kombi Yakmak İçin Gereken Minimum Aylık Geliri 9.400 TL Olarak Açıkladı...",https://www.zaytung.com/haberdetay.asp?newsid=397188,41
Mark Zuckerberg: ''Instagram kesintisi sayesinde ne kadar huzur bulduğunu Instagram'dan paylaşanları ibretle izliyoruz...'',https://www.zaytung.com/haberdetay.asp?newsid=397126,41
"İlk Kez Venom İzleyen Bilge Suarı(26), Açken İçinden Çıkan Yaratığın İsmini Sonunda Öğrendi...",https://www.zaytung.com/haberdetay.asp?newsid=397120,41
"Cumartesi Gecesi Evde Çay İçip Story'lere Alev Yollayabilecek Kadar Bütçesi Olan Emre Erfin(27), Neslinin Tükenmesi Tehdidiyle Karşı Karşıya...",https://www.zaytung.com/haberdetay.asp?newsid=397031,41
Uzmanlar Öneriyor: ''İlişkide kaybolan heyecanı geri getirmenin en iyi yolu birlikte Bitcoin piyasasına girmek...'',https://www.zaytung.com/haberdetay.asp?newsid=396963,41
Sadece Hazır Çorba ve Makarnayla Beslenerek Çaktırmadan Açlık Grevi Yapan Üniversitelilere Terörle Mücadele Ekiplerinden Şafak Operasyonu...,https://www.zaytung.com/haberdetay.asp?newsid=396939,41
"Son 8 Yılda Kefen Bezine Gelen Yüzde 500 Zam Nedeniyle Dağılmanın Eşiğine Gelen AKP Çarşıbaşı Gençlik Kolları, Kendilerine Uzanacak Yardım Elini Bekliyor…",https://www.zaytung.com/haberdetay.asp?newsid=396900,41
Merkez Bankası'ndan Piyasaları Rahatlatan Açıklama: ''Bi noktadan sonra artık isteseniz de daha fazla fakirleşemiyorsunuz...'',https://www.zaytung.com/haberdetay.asp?newsid=396840,41
Yüz Yüze Eğitimin İlk Haftasında Yüz Yüze Eğitim Alamayacak Kadar Fakir Olduğunu Öğrenen Merve Kurazcı(19)'ın Akademik Yılı Oldukça Verimli Başladı...,https://www.zaytung.com/haberdetay.asp?newsid=396740,41
"Pahalılıktan Market Raflarının Sorumlu Olduğunu Öğrenen Muzaffer Yiycek(64), Bir Daha Asla Bir Rafa Oy Vermemeye Yemin Etti...",https://www.zaytung.com/haberdetay.asp?newsid=396587,41
iPhone 13'ün Tanıtılmasının Ardından Bir Müjde de AKP'li Dayılardan: iPhone 6 Sahipleri de Artık Ekonomiden Şikayet Edebilecek...,https://www.zaytung.com/haberdetay.asp?newsid=396528,42
"Eğitimi İçin Yapılan Yatırımı 35 Yaşından Önce Çıkarmasının İmkansız Olduğunu Fark Eden Arda Kumcuk(11), Konkordato İlan Etti...",https://www.zaytung.com/haberdetay.asp?newsid=396431,42
"Aşı Olmamak İçin Haftada 2 Kez PCR Testine Razı Olan Sınıf Öğretmeni, Çocuklara Dünyanın Düz Olduğunu Öğretmek İçin Her Türlü Fedakarlığa Hazır...",https://www.zaytung.com/haberdetay.asp?newsid=396277,42
TÜİK'in Açıkladığı Yüzde 21'lik Büyümeyi Hissettiği İddia Edilen Saniye Gunduz(82)'un Evi Meraklı Ziyaretçilerin Akınına Uğruyor...,https://www.zaytung.com/haberdetay.asp?newsid=396154,42
"Vize Başvurusu 6. Kez Reddedilen Genç, Yurt Dışına Gitmek Yerine Yeteneklerini Ve Birikimini Ülkesi İçin Kullanmak İstiyor...",https://www.zaytung.com/haberdetay.asp?newsid=396059,42
"Elektrik Dağıtım Şirketlerinden Gülümseten Kampanya: ''Bir Sonraki Ay Faturada Ne Kadar Geçireceğimizi Doğru Tahmin Et, iPhone 12 Çekilişine Katılma Hakkı Kazan!''",https://www.zaytung.com/haberdetay.asp?newsid=395920,42
Güngören'de 8 Kişilik Afgan Grup ile 3 Kişilik Öğrenci Grup Arasında Nefes Kesen Yarış: 2+1 Köpek Bağlasan Durmaz Zemin Kat Daireye 2500 TL Kira Verme Şansı Kimin Olacak?,https://www.zaytung.com/haberdetay.asp?newsid=395864,42
"20 Yıl Süren Kanlı Çatışmaların Ardından Afganistan'da Yönetimi Ele Geçiren Taliban, Sırf Uyuşturucu Satıp Kadın Öldürmek İçin O Kadar Zahmete Değip Değmediğini Sorguluyor...",https://www.zaytung.com/haberdetay.asp?newsid=395798,42
Taliban Yeni Koronavirüs Tedbirlerini Açıkladı: Kadınlara Dışarıda Maske Zorunluluğu Kalktı...,https://www.zaytung.com/haberdetay.asp?newsid=395757,42
"Geçtiğimiz Yıl Yaşanan Furyada WhatsApp'ı Kaldırıp Telefonuna Telegram Yükleyen Nizamettin Yareren(58), Satışa Geldiğinin Farkına Yeni Yeni Varıyor...",https://www.zaytung.com/haberdetay.asp?newsid=395748,43
300'den Fazla Kişinin ''Kayıp'' Olduğu ve Bir İlçenin Neredeyse Haritadan Silindiği Sel Felaketinde Korkulan Olmadı: HES'lerin İtibarında Önemli Bir Hasar Yok,https://www.zaytung.com/haberdetay.asp?newsid=395620,43
"Yunanistan'a Yardım İçin 2 Adet Yangın Söndürme Uçağı Gönderileceğini Açıklayan Dışişleri Bakanı Çavuşoğlu: ''Yalnız uçaklar emanet hocam, biraz dikkatli şeyapabilirsek...''",https://www.zaytung.com/haberdetay.asp?newsid=395461,43
Efsanelerde Adı Geçen Dingo'nun Ahırı'nın Türkiye Sınırları İçerisinde Olduğu Kesinlik Kazandı...,https://www.zaytung.com/haberdetay.asp?newsid=395422,43
Gündemdeki Tartışmalar Her Gün Sınırdan Ellerini Kollarını Sallayarak Geçen Afgan Mültecileri de Tedirgin Etti: ''İnşallah Türkiye'yi aciz göstermiyoruzdur...'',https://www.zaytung.com/haberdetay.asp?newsid=395328,43
"''Aşılandık gelin'' Maskeleri ve Kevgire Dönen Sınırlarla Kırılmayan Türkiye'nin Milli Gururu, ''Yanıyoruz yardıma gelin'' Çağrıları Yüzünden Tehdit Altında. Ayrıntılar Geliyor...",https://www.zaytung.com/haberdetay.asp?newsid=395146,43
"Ülkesindeki Yangını Rusya'dan Kiraladığı 3 Uçakla Söndürmeye Çalışan Türkiye, Yanan Bölgelere Birer Saray Daha İnşa Edilerek İtibarın Korunmasını Bekliyor...",https://www.zaytung.com/haberdetay.asp?newsid=394936,43
"YKS'de İlk 10.000'e Girmeyi Başaran Genç, En Büyük Hayali Olan Kanada'da Pizza Dağıtıcılığına Bir Adım Daha Yaklaştı...",https://www.zaytung.com/haberdetay.asp?newsid=394827,43
İç Savaş Tehlikesi Beliren Burkina Faso'da Türkiye Büyükelçisi Dışişlerine Çağrıldı: ''Eylül ayı için 2 milyon mültecilik bir rezervasyon yaptıracaktık...'',https://www.zaytung.com/haberdetay.asp?newsid=394751,43
"Bayram Boyunca İstanbul'un Tadını Çıkaran Suriyeli ve Afganlar, Tatilden Dönen Türk Azınlık Yüzünden Vaka Sayılarının Artmasından Endişeli...",https://www.zaytung.com/haberdetay.asp?newsid=394673,43
"Mülteci Dramı: İstanbul'a Varışları Bayram'a Denk Gelen 60 Kişilik Afgan Grup, Şehrin Hep Böyle Olduğunu Sanıyor...",https://www.zaytung.com/haberdetay.asp?newsid=394541,44
Türkiye'ye Yönelik Afgan Göçü Suriyelileri Endişelendiriyor: 'Kendi ülkemizde azınlık durumuna düşeceğiz...'',https://www.zaytung.com/haberdetay.asp?newsid=394426,44
"Delta Varyantı, Girişte Oluşan 8 Kilometrelik Araç Kuyruğu Yüzünden Hala Bodrum'a Giremedi...",https://www.zaytung.com/haberdetay.asp?newsid=394316,44
Yabancı Turist Sayısı Hedefini Afgan Mülteciler Sayesinde Yakalamayı Başaran Turizm Bakanlığı'nda Yüzler Gülüyor...,https://www.zaytung.com/haberdetay.asp?newsid=394252,44
Portekiz'de Oturma İzni Ödüllü Yeni Yarışma Programı ''Kaçan Kurtulur Türkiye'' Yakında TV8'de...,https://www.zaytung.com/haberdetay.asp?newsid=394192,44
Ekonomide Ürküten Tablo: Cumhurbaşkanlığı Yazlık Sarayı İçin Maldivler Yerine Salda'dan Kum Getiren Türkiye Zorda mı?,https://www.zaytung.com/haberdetay.asp?newsid=394125,44
Türkiye'yi Soyanlar Arasında En İnsaflılardan Biri Olduğu Ortaya Çıkan Tosuncuğa Havaalanında Sevgi Seli: ''Hoşgeldin mütevazı yiğit!'',https://www.zaytung.com/haberdetay.asp?newsid=394040,44
Emine Erdoğan Tepkilere Anlam Veremiyor: ''Her gün evde ziyafet vermek de ne bileyim. İnsan en azından üşenir yani...'',https://www.zaytung.com/haberdetay.asp?newsid=393962,44
Sedat Peker'in ''3 Milyon Dolar Rüşvet Alan Savcı'' İddialarının Ardından Hukuk Fakülteleri Tercih Döneminin Yıldızı Olma Yolunda...,https://www.zaytung.com/haberdetay.asp?newsid=393818,44
"YKS'de Yine Yürek Burkan Görüntüler: Sınava Yetişmeyi Başaran 2 Milyon Genç, Önümüzdeki 10 Yıl Bir Baltaya Sap Olma Şansını Mucizelere Bıraktı...",https://www.zaytung.com/haberdetay.asp?newsid=393737,44
"İşe İlk Başladığında Maaşı 1100 Dolar'a Denk Gelen Ezgi Çağaz(32), 8 Yıllık Başarılı Kariyerin Ardından 800 Dolar Seviyesinde Tutunmaya Çalışıyor...",https://www.zaytung.com/haberdetay.asp?newsid=393553,45
"İddiaların Odağındaki Bodrum Paramount Otel'den Açıklama: ''Kimse para ödeyerek kalmıyor, biz de mağduruz...''",https://www.zaytung.com/haberdetay.asp?newsid=393460,45
"Covid-19 Aşısıyla İlgili Kafasında Soru İşaretleri Olan Yiğit Kurap(32), Tercihini 4 Milyon Kişiyi Öldürerek Etkisini Kanıtlayan Covid-19 Virüsünden Yana Kullanacak...",https://www.zaytung.com/haberdetay.asp?newsid=393325,45
"Bilge Eycil(27), Sedat Peker'in İyi Olduğunu Bilmenin Huzuruyla Uykuya Dalacağına Kendisi de İnanamıyor...",https://www.zaytung.com/haberdetay.asp?newsid=393266,45
"Sedat Peker, Pis İşlere Bulaşan Gazeteci, Siyasetçi, Yargı Mensubu Sayısını Günlük Tablo Olarak Açıklamaya Başlayacak...",https://www.zaytung.com/haberdetay.asp?newsid=393148,45
Abdulkadir Selvi'den sitem: ''Bir valizle gönderilebilecekken koca bir uçağın tesis edilmesi ülkemizdeki israfın boyutlarını gözler önüne seriyor...'',https://www.zaytung.com/haberdetay.asp?newsid=393105,45
"Beş Yılda Sadece Marmaris'in Dağ Başındaki Bir Pansiyona Çökebilen Amatör Mafya Örgütü, Dağılmanın Eşiğinde...",https://www.zaytung.com/haberdetay.asp?newsid=393104,45
Demirören Grubu'ndan Sedat Peker'in İddialarına Yanıt: ''Ziraat Bankası'na borcumuzu piyango bileti olarak ödüyoruz. Henüz bir şey çıkmamış olması talihsizlik...'',https://www.zaytung.com/haberdetay.asp?newsid=393032,45
"Türkiye'de Enflasyonun Yüzde 16 Oranında Yaşandığı Tek Yer Olan TÜİK Binası, Bu Yaz Tatilcilerin Gözdesi Oldu...",https://www.zaytung.com/haberdetay.asp?newsid=392974,45
Dolar'ın 8.6 TL'yi Görmesinin Ardından Gizem Yuvar(25)'ın Yurt Dışına Çıkabilmek İçin En Büyük Umudu Uzaylılar Tarafından Kaçırılmak..,https://www.zaytung.com/haberdetay.asp?newsid=392909,45
"Sedat Peker'le Başladığı Günü Anadolu Efes Şampiyonluğu ile Bitiren Murat Sezek(26), Sadece Ekrana Bakarak 27 Temel İnsan Duygusunun Tamamını Yaşamayı Başardı...",https://www.zaytung.com/haberdetay.asp?newsid=392742,46
"Merkez Bankası, 8.60'a Dayanan Dolar'a Pazar Sabahı Yayınlayacağı Bir Video ile Müdahale Edeceğini Açıkladı...",https://www.zaytung.com/haberdetay.asp?newsid=392622,46
Sağlık Bakanı Koca: ''1 Haziran'dan itibaren 50 yaş üstü vatandaşlarımızı da... Amaaan neyse ya kimmiş şimdi o Defne belli mi?'',https://www.zaytung.com/haberdetay.asp?newsid=392574,46
Son Günlerde Kamuoyunu Meşgul Eden ''Acaba Soylu'nun jipinin markası ne? Telefon numarası kaç yıllık? Daha önce hangi işi yapıyordu?'' Gibi Önemli Sorular HaberTürk Ekranlarında Yanıt Buldu...,https://www.zaytung.com/haberdetay.asp?newsid=392485,46
"Birlikte Türkiye'nin Siyaset-Mafya-Medya Üçgeninde Nasıl Çamura Battığını İzlemek, İlişkiye Yeni Bir Soluk Getirdi...",https://www.zaytung.com/haberdetay.asp?newsid=392393,46
Türkiye'nin Eurovision Şarkı Yarışması'na Şarkıcılarının Bir Kısmının Pandemide İntihar Etmesi Bir Kısmının da Sedat Peker'le Olan Fotoğraflarını Silmekle Meşgul Olması Nedeniyle Katılamadığı Açıklandı...,https://www.zaytung.com/haberdetay.asp?newsid=392336,46
"Son Model Telefonları Çekiçle Test Ettiği 3 Sene Önceki Videolarını İzleyen YouTuber, Aynı Çekiçle İntihara Kalkıştı...",https://www.zaytung.com/haberdetay.asp?newsid=392313,46
"Milli Eğitim Bakanlığı, Online Derste ''Süslü Sülü burda mısın?'' Şeklinde Yoklama Alan 328.000 Öğretmen Hakkında İnceleme Başlattı...",https://www.zaytung.com/haberdetay.asp?newsid=392251,46
"İçişleri Bakanlığı, Kademeli ''Aşı yok, para hiç yok. Mecburen eve tıkılmaya, borç batağında sürünmeye ve bize hakkınızı helal etmeye devam'' Takvimini Açıkladı...",https://www.zaytung.com/haberdetay.asp?newsid=392052,46
Kültür ve Turizm Bakanlığı: ''Güney sahillerindeki erkek garson ve şezlongcularımızı kısırlaştırma işlemine de start veriyoruz...'',https://www.zaytung.com/haberdetay.asp?newsid=391913,46
Kısıtlamalara Rağmen Dün Gece Konyaaltı Plajında Denize Giren Vatandaşlardan Dünyaya Net Mesaj: 'İsrail zulmüne her yerde dur diyeceğiz...'',https://www.zaytung.com/haberdetay.asp?newsid=391821,47
"Kapanmada İzlenecek Sürükleyici Bir Şeyler Arayışının Sedat Peker Videolarıyla Sonlanması, Bilge Eycek(28) İçin de Sürpriz Oldu...",https://www.zaytung.com/haberdetay.asp?newsid=391742,47
Çavuşoğlu: ''Turistin göz zevkini bozacak çirkin vatandaşlarımızı da etkili bir estetik operasyon kampanyasıyla...'',https://www.zaytung.com/haberdetay.asp?newsid=391538,47
İçişleri Bakanlığı: ''Kalan 12 günde tam kapanmayla ilgili kuralları tamamen netleştirmeyi umuyoruz...'',https://www.zaytung.com/haberdetay.asp?newsid=391475,47
"Bu Kapanmada Instagram'dan Çok Paribu'da Vakit Geçiren Yeşim Kuvar(28), Uygulamaya Story Özelliğinin Gelmesini Dört Gözle Bekliyor...",https://www.zaytung.com/haberdetay.asp?newsid=391370,47
Turistler İçin PCR Testi Zorunluluğunun Kaldırılmasının Ardından 2021 Turizm Sezonu ''En Kötü İhtimalle Türkiye!'' Sloganıyla Açılıyor,https://www.zaytung.com/haberdetay.asp?newsid=391331,47
"Dünya Sağlık Örgütü, Parasızlıktan Ancak Bu Kadar Tam Kapanabilen Türkiye'ye Gidiş Yolundan Puan Verileceğini Açıkladı...",https://www.zaytung.com/haberdetay.asp?newsid=391217,47
AKP'den Ödüllü Yarışma: Alkol Yasağı İçin ''Ekonomiyi batırdık kimseye destek veremiyoruz. Aşı yok pandemiyi bitiremiyoruz. Bari şeriat fantezimizle avunalım'' Dışında Bir Neden Bulabilenlere 1000 TL İkramiye,https://www.zaytung.com/haberdetay.asp?newsid=391135,47
"Türkiye, Nüfusun Yarısının Muaf Olduğu Diğer Yarısının Bir Yolunu Bulup Yine Kendini Dışarı Atacağı ''Tam Kapanma''yla Vaka Sayılarını Düşürmeye Kararlı...",https://www.zaytung.com/haberdetay.asp?newsid=391030,47
"Dedesi Banker Kastelli'ye, Babası Jet Fadıl'a, Abisi Çiftlikbank'a Para Kaptıran Gökhan Uruk(26), Thodex Mağduru Olarak Geleneği Teknolojiyle Buluşturdu...",https://www.zaytung.com/haberdetay.asp?newsid=390974,47
"23 Nisan'da Merkez Bankası Başkanı Koltuğuna Oturan İlkokul Öğrencisi, Görevden Af Talebini Youtube Kids Kanalı Üzerinden Yayınladı...",https://www.zaytung.com/haberdetay.asp?newsid=390807,48
128 Milyar Dolar'da Final Heyecanı: ''Öyle bir rezerv hiç olmadı'' ve ''Milletimiz için harcandı'' Arasındaki Mücadelede Şampiyon SMS Oylarıyla Belirlenecek..,https://www.zaytung.com/haberdetay.asp?newsid=390748,48
"Belediyeler Aracılığıyla Yurt Dışına İnsan Kaçırdığı Ortaya Çıkan AK Parti, Z Kuşağıyla Arasındaki Buzları Hızla Eritiyor...",https://www.zaytung.com/haberdetay.asp?newsid=390623,48
"Makyaj Malzemesi Üreticileri, Hayvanlar Üzerinde Yapılan Deneylere Son Veriyor: ''Zaten pek yakışmıyordu... ''",https://www.zaytung.com/haberdetay.asp?newsid=390550,48
Libya'ya 150.000 Doz Aşı Gönderen Türkiye'den Yeni İyilik Hamlesi: 30 Milyon Vatandaşı Açlık Sınırının Altında Yaşayan Türkiye'ye Patates Yardımı...,https://www.zaytung.com/haberdetay.asp?newsid=390434,48
"Bu Hafta Siyaset Yüzünden mi, Pandemi Yüzünden mi Yoksa Ekonomi Yüzünden mi Hayattan Tiksinmesi Gerektiğine Karar Veremeyen Gizem Buray(27), Akışına Bırakmaya Karar Verdi...",https://www.zaytung.com/haberdetay.asp?newsid=390326,48
"Sağlık Bakanlığı Uyarıyor: ''Vaka sayıları bu hızla artarsa ne işe yaradığı belirsiz, kimsenin sallamayacağı yeni tedbirler almak zorunda kalabiliriz...''",https://www.zaytung.com/haberdetay.asp?newsid=390151,48
"Saba Tümer'in Kahkahasına 90.000 TL Veren İzzet Pinto, Merkez Bankası'nı Heyecanlandırdı: ''Eski başkanların görevden alındıkları andaki yüz ifadeleri var, ilgilenirseniz...""",https://www.zaytung.com/haberdetay.asp?newsid=390046,48
"Kısa Çalışma Ödeneğinin Kesilmesiyle Ayda 1400 TL'ye Mahkum Olan Caner Yuvak(32), Yine AKP Kadar Mağdur Olmayı Başaramadı...",https://www.zaytung.com/haberdetay.asp?newsid=389996,48
Piyasalarda Bugün: Geçen Hafta ''Abi coin işine bulaşmamak lazım'' Diyen O Eleman da Altcoin Tavsiyesi Vermeye Başladı...,https://www.zaytung.com/haberdetay.asp?newsid=389898,48
"Sağlık Bakanlığı, 40.000'i Geçen Günlük Vaka Sayısını Turizm Sezonu Açılana Kadar 1000'in Altına Düşürecek Yetenekli Matematikçiler Arıyor...",https://www.zaytung.com/haberdetay.asp?newsid=389874,49
"Kısıtlamalar Nedeniyle İflas Eden Esnafa AK Parti'den Sert Tepki: ''Koca ülkeyi batırdık, sizin kadar ağlamıyoruz...''",https://www.zaytung.com/haberdetay.asp?newsid=389738,49
İfadesinde Burnuna Pudra Şekeri Çektiğini Belirten Kürşat Ayvatoğlu: ''Ayrıca araba da modifiye 93 Şahin...'',https://www.zaytung.com/haberdetay.asp?newsid=389589,49
Kongrelerin Parlayan Yıldızı Olmasına Rağmen AK Parti MKYK'sinde Yer Verilmeyen Covid-19: ''Bizde küskünlük olmaz ama kırılmadım desem yalan olur...'',https://www.zaytung.com/haberdetay.asp?newsid=389440,49
Merkez Bankası'ndan Dolar'a Sert Müdahale: Piyasaya Bol Miktarda Bayraklı ve Göbekli Yiğit Bulut Sürüldü...,https://www.zaytung.com/haberdetay.asp?newsid=389336,49
Yeni Merkez Bankası Başkanı Göreve Hızlı Başladı: ''Beni 1 ay sonra görevden alacağı için sayın Cumhurbaşkanımıza şükranlarımı... Haftaya da olur...'',https://www.zaytung.com/haberdetay.asp?newsid=389247,49
"İstanbul Sözleşmesi'nin, Sözleşmede Cengiz-Kolin-Limak-Kalyon Konsorsiyumuna Herhangi Bir Garanti Verilmediği İçin Feshedildiği İddiaları Gündemde...",https://www.zaytung.com/haberdetay.asp?newsid=389135,49
"Türkiye İlham Kaynağı Olmayı Sürdürüyor: Salgının Başından Beri Sıfır Vaka Bildiren Türkmenistan, Başarısını Bir Filmle Dünyaya Anlatacak...",https://www.zaytung.com/haberdetay.asp?newsid=389004,49
Bu Kez Koronavirüs’ten Özür: ''Sayın Bakan’ın cenazeye geleceğini bilmiyordum...'',https://www.zaytung.com/haberdetay.asp?newsid=388920,49
"Önümüzdeki Ay İşten Çıkarılacak Olan Caner Aygar(30), Tazminatı Nerede Batıracağına Henüz Karar Veremedi...",https://www.zaytung.com/haberdetay.asp?newsid=388854,49
"Merkez Bankası'ndan 128 Milyar Dolar Açıklaması: ''Her şey ateş pahası olmuş, nereye harcadım bilemiyosun...''",https://www.zaytung.com/haberdetay.asp?newsid=388764,50
"Altı Kişilik WhatsApp Gıybet Grubu, Meghan Markel'a Desteğini Açıkladı: ''Dilediği zaman aramızda yeri hazır...''",https://www.zaytung.com/haberdetay.asp?newsid=388721,50
Dünya Kadınlar Günü'nde Hoş Tesadüf: Tacizci Eski Patron ve Ayrıldıktan Sonra 2 Sene Kan Kusturan Eski Sevgili Aynı 8 Mart Videosunu Paylaştı...,https://www.zaytung.com/haberdetay.asp?newsid=388609,50
Bakan Koca'dan İstanbullular'a Sitem: ''Bir gün izin verdik şehri AKP kongresine çevirdiniz...'',https://www.zaytung.com/haberdetay.asp?newsid=388577,50
Ekonomi Bülteni: Kafedeki Tek Müşteri ve Kafe İflasa Eşit Derecede Yakın...,https://www.zaytung.com/haberdetay.asp?newsid=388507,50
Yayınlanan Risk Haritasının Ardından ''Uşak'' Diye Bir Yerin Gerçekten Var Olduğu İddiaları Tekrar Gündemde...,https://www.zaytung.com/haberdetay.asp?newsid=388414,50
Kısıtlamaların Kademeli Olarak Kaldırılacağı Söylentisi AK Parti'de Şaşkınlık Yarattı: ''Ne kısıtlaması?'',https://www.zaytung.com/haberdetay.asp?newsid=388294,50
Mart'tan Sonra İşsiz Kalacak 4 Milyon Kişiye Çalışma Bakanlığı'ndan Müjde: ''Youtube kanalı açarsanız abone oluruz...'',https://www.zaytung.com/haberdetay.asp?newsid=388279,50
Türkiye Moto Kuryeler Birliği: ''Daft Punk kim bilmiyoruz ama biz de üzüldük...'',https://www.zaytung.com/haberdetay.asp?newsid=388159,50
Ücretsiz İzin ve Kısa Çalışma Ödeneklerinin Kesilmesine Gelen İtirazlar Hükümet Cephesinde Şaşkınlık Yarattı: ''Lan siz hala ölmediniz mi?!'',https://www.zaytung.com/haberdetay.asp?newsid=388129,50
"NASA, Fotoğrafların Beklenen Like Sayısına Ulaşamaması Nedeniyle Mars Programını Sonlandırdığını Açıkladı...",https://www.zaytung.com/haberdetay.asp?newsid=388057,51
"İki Yıl Önce Fırsat Varken Alınmayan 0.1 Bitcoin, Ocaklara Ateş Düşürmeye Devam Ediyor...",https://www.zaytung.com/haberdetay.asp?newsid=388007,51
Mars'tan İlk Fotoğraflar Geldi,https://www.zaytung.com/haberdetay.asp?newsid=387996,51
Üç Günlük Kar Yağışının Ardından İstanbul'da Acı Bilanço: Kimse Nasıl Kardan Adam Yapılacağını Hatırlamıyor...,https://www.zaytung.com/haberdetay.asp?newsid=387973,51
Hükümetten Esnafa Kısıtlamaların Gevşetilmesi Müjdesi: ''AKP kongrelerinde tezgah açıp çay-kahve satabilirsiniz...'',https://www.zaytung.com/haberdetay.asp?newsid=387846,51
"Dışarıda Kar Yağışı, Evde Sıcak Şarap ve Netflix'le Mükemmel Bir Sevgililer Günü Geçiren Ezgi Yunak(27)'ın Demek Bir de Sevgilisi Olsa...",https://www.zaytung.com/haberdetay.asp?newsid=387789,51
"TÜBİTAK, Yapay Zeka ile Çalışan Rastgele Müjde Üreteci Geliştirdi...",https://www.zaytung.com/haberdetay.asp?newsid=387690,51
AK Parti İl Kongresi Süsü Verilen Düğüne Polis Baskını...,https://www.zaytung.com/haberdetay.asp?newsid=387629,51
Devletin Kasasında Para Olmadığı İçin İflasın Eşiğine Gelen 2 Milyon Esnafa Bu Gece de Uyku Yok: ''Astronot yerine ne desek?'',https://www.zaytung.com/haberdetay.asp?newsid=387538,51
"TÜİK, Parasızlıktan Şikayet Edebilmek İçin Gereken Maksimum Telefon Modelini Nokia 3310 Olarak Açıkladı...",https://www.zaytung.com/haberdetay.asp?newsid=387481,51
"Temel Gıda Fiyatlarındaki Yükselişi Engelleyemeyen Market Kasiyeri, Instagram Hesabından Görevi Bıraktığını Açıkladı: ''Allah sonumuzu hayretsin...''",https://www.zaytung.com/haberdetay.asp?newsid=387438,52
"Sevgililer Günü Hediyeleri ''Oral-B Şarjlı Diş Fırçası'' Olgunluğuna Erişen 4 Yıllık Çift, Evlilik Yolunda Emin Adımlarla İlerliyor...",https://www.zaytung.com/haberdetay.asp?newsid=387379,52
"Clubhouse'da 3. Moderatörlüğünü Geride Bırakan Yekta Baykın(26), Özgeçmişine CEO Ünvanını Eklemeye Hazır...",https://www.zaytung.com/haberdetay.asp?newsid=387356,52
"Bulu: ''Ne istifası ya? Biraz empati, en son istifa eden arkadaştan aylardır haber alınamıyor...''",https://www.zaytung.com/haberdetay.asp?newsid=387233,52
AK Parti Sözcüsü: ''Boğaziçi Üniversitesi öğrencilerine özel bir garezimiz yok. Hakkını arayan herkese eşit bir faşizmle yaklaşıyoruz...'',https://www.zaytung.com/haberdetay.asp?newsid=387190,52
"PTT, Yüzde 26 Zam Gelen Avrasya Tüneli İçin de Devrede: Karşıda Acil İşi Olanlar Kargo Araçlarıyla Ücretsiz Taşınacak...",https://www.zaytung.com/haberdetay.asp?newsid=387126,52
"Pahalılıktan Marketlerin Sorumlu Olduğunu Öğrenen Muzaffer Yiycek(64), Bir Daha Asla Markete Oy Vermemeye Yemin Etti...",https://www.zaytung.com/haberdetay.asp?newsid=387024,52
Ayçiçek Yağı Fiyatlarına Müdahale İçin Ayçiçeği Tarlası Basacak Özel Tim Basına Tanıtıldı...,https://www.zaytung.com/haberdetay.asp?newsid=386935,52
"Sağlık Bakanlığı, Yaklaşan Merkür Retrosu Nedeniyle Aşılamanın İleri Bir Tarihe Ertelendiğini Açıkladı...",https://www.zaytung.com/haberdetay.asp?newsid=386819,52
700 TL'lik Bitcoin Yatırımı İçin Günde 8 Saat Grafik İzleyen Mert Eygin(28)'e Piyasalardan Sert Tepki: ''Lan hani 5 yıl unutacaktın?!'',https://www.zaytung.com/haberdetay.asp?newsid=386792,52
"Parası Sadece Evde Çay İçip Dizi İzlemeye Yeten Esra Cobay(27), Pandemi Sayesinde Herkesin Aynı Standarda İnmesinden Memnun...",https://www.zaytung.com/haberdetay.asp?newsid=386691,53
"Sağlık Çalışanları ve AKP Kodamanları Aşılandıktan Sonra Kalan 8 Doz Aşı, Survivor'da Kazanan Takıma Ödül Olarak Vurulacak...",https://www.zaytung.com/haberdetay.asp?newsid=386635,53
Meteoroloji'den İstanbullulara Müjde: ''Hepinizin story atmasına yetecek kadar kar yağacak. Telaşa lüzum yok...'',https://www.zaytung.com/haberdetay.asp?newsid=386526,53
Çin Sağlık Bakanlığı: ''Ne diyorsunuz şimdi aşıya başlayalım mı biz de?'',https://www.zaytung.com/haberdetay.asp?newsid=386433,53
Sinovac Aşısının Etkinliğiyle İlgili Tartışmalara Sağlık Bakanlığı'ndan Sert Tepki: ''Aşıyı buldunuz da etkinliği kaldı...'',https://www.zaytung.com/haberdetay.asp?newsid=386368,53
"Gizem Canay(22), Kişisel Bilgilerini Korumak İçin WhatsApp'ı Kapattığını Instagram ve Facebook Hesaplarından Duyurdu. Evet...",https://www.zaytung.com/haberdetay.asp?newsid=386222,53
''Berat Albayrak Nerede?'' Sorusu Yanıt Buldu...,https://www.zaytung.com/haberdetay.asp?newsid=386140,53
"Neye Elini Atsa Zarar Edenler Derneği, 2021 Yılı Favori Yatırım Araçları Listesini Açıkladı...",https://www.zaytung.com/haberdetay.asp?newsid=386137,53
"Dışişleri Bakanlığı, ABD Kongresi'nde Kısa Bir Süre de Olsa Kontrolü Ele Geçiren Bizon Kafalı Göstericiye Ulaşmaya Çalışıyor: ''Bizim bi Halkbank olayı vardı...''",https://www.zaytung.com/haberdetay.asp?newsid=386093,53
Piyasalarda Bugün: Yılbaşından Kalan 4 Kutu Bira Günü %17'lik Yükselişle Kapadı...,https://www.zaytung.com/haberdetay.asp?newsid=385963,53
A Haber'den Memur Maaşları Açıklaması: ''Gönlümüzden geçen rakamları yazdık. İnşallah 1-2 seneye gerçek de olacaktır...'',https://www.zaytung.com/haberdetay.asp?newsid=385925,54
"Türkiye Varlık Fonu, Milli Piyango Yılbaşı Çekilişine İtiraz Edecek...",https://www.zaytung.com/haberdetay.asp?newsid=385864,54
"EPDK, Mevsim Normallerinin Üzerinde Seyreden Hava Sıcaklıklarının Ocak'tan İtibaren Faturalara ''Küresel Isınma Hizmet Bedeli'' Olarak Yansıtılacağını Açıkladı...",https://www.zaytung.com/haberdetay.asp?newsid=385848,54
"Yılbaşını Evde İbo Şov İzleyip Mandalina Soyarak Geçiren Türkiye, 1996'ya Girmiş Olmayı Umuyor...",https://www.zaytung.com/haberdetay.asp?newsid=385789,54
2021'e Giren Avustralya'dan Mesaj: ''Aynı bokun laciverdi...'',https://www.zaytung.com/haberdetay.asp?newsid=385713,54
"Okulu Bitirse de Bitirmese de Aynı Maaşı Alacağını Fark Eden Ceren Yunak(8), Tablette Boşuna Yer İşgal Eden EBA Uygulamasını Kaldırdı",https://www.zaytung.com/haberdetay.asp?newsid=385645,54
"10001. Şubesini Açan A101: ''101 şube diye yola çıkmıştık, ne ara böyle oldu ki?""",https://www.zaytung.com/haberdetay.asp?newsid=385598,54
Ticaret Bakanlığı'ndan Esnafa Destek Müjdesi: ''Milli Piyango size de çıkabilir...'',https://www.zaytung.com/haberdetay.asp?newsid=385557,54
"Halkın Güvenini Tekrar Kazanmaya Çalışan Sağlık Bakanı Koca, Çin'den Gelecek 3 Milyon Doz Aşıyı Kameralar Önünde Tek Tek Sayacak...",https://www.zaytung.com/haberdetay.asp?newsid=385452,54
Türkiye Psikologlar Derneği'nden 2020 Raporu: ''Bizce harika bir yıldı...'',https://www.zaytung.com/haberdetay.asp?newsid=385373,54
Koronavirüs'te Bu Kez İyi Haber: Mutasyon Geçiren Balyöz Ailesi Fotosentez'le Beslenmeye Başladı...,https://www.zaytung.com/haberdetay.asp?newsid=385292,55
Hamza Yerlikaya: ''18 yıl önce diploma mı vardı?'',https://www.zaytung.com/haberdetay.asp?newsid=385209,55
"İlk ''Balon abi ya, girilmez bu işe'' Yorumunu Bitcoin 100 Dolar Seviyesini Aşarken Yapan Taner Alcay, 22.000 Dolar Seviyesi Geçilirken de İstikrarını Bozmadı...",https://www.zaytung.com/haberdetay.asp?newsid=385147,55
1000 TL Yardım Alacağı Öğrenilen Cafe İşletmecisi Alihan Yücep(30)'in Telefonu Dünden Beri Susmuyor: ''Meğer ne çok akrabam varmış...'',https://www.zaytung.com/haberdetay.asp?newsid=385079,55
"Yılbaşı İçin Kayınvalidesine Davetli Olan Onur Tuday(33), Google'da Araştırmalara Başladı: ''Koronavirüs belirtileri...''",https://www.zaytung.com/haberdetay.asp?newsid=385045,55
"Hükümetten Esnafa Kira Desteği Müjdesi: ''İhtarnamesiydi, mahkemesiydi derken 1 sene kira ödemeden oturabiliyorsunuz aslında...''",https://www.zaytung.com/haberdetay.asp?newsid=384997,55
"Günlük Programı Müge Anlı, Esra Erol ve Akşamki 3 Saatlik Diziden Oluşan Aslı Kuyar(28), Beyaz Yakalı Olarak Girdiği Pandemiden Annesi Olarak Çıkmaya Hazırlanıyor...",https://www.zaytung.com/haberdetay.asp?newsid=384896,55
Yeme-İçme Masraflarını da Faturalara Ekleyen Elektrik Dağıtım Şirketlerinden Vatandaşlara Büyük Kolaylık: ''Faturanın o kısmını ödeyemeyenler bulaşığa yardım edebilir...'',https://www.zaytung.com/haberdetay.asp?newsid=384814,55
Asgari Ücret Tespit Komisyonu ''Ücreti buldunuz da asgarisi kaldı'' Gündemiyle Toplandı...,https://www.zaytung.com/haberdetay.asp?newsid=384736,55
Rapor: İkinci Karantina İlkinin Daha Fakir ve Bezgin Versiyonu...,https://www.zaytung.com/haberdetay.asp?newsid=384703,55
Hazine ve Maliye Bakanlığı'ndan Rahatlatan Açıklama: ''Aşılarda çip falan yok. Olsa TRT bandrol ücreti alırdık...'',https://www.zaytung.com/haberdetay.asp?newsid=384638,56
Geleneksel Hafta Sonu Sokağa Çıkma Yasağı Öncesi ''Lan 2 poşet şey nasıl 300 Lira tuttu?'' Şenlikleri Tüm Yurtta Coşkuyla Kutlanıyor...,https://www.zaytung.com/haberdetay.asp?newsid=384584,56
Sağlık Bakanlığı'ndan Kritik Uyarı: ''Böyle giderse gerçek vefat sayılarını da vermek zorunda kalabiliriz...'',https://www.zaytung.com/haberdetay.asp?newsid=384511,56
''Cuma Akşamı Bana Gelsene Hafta Sonu Takılırız'' 2. Sezon Denemeleri Alfabetik Sıradan Başladı...,https://www.zaytung.com/haberdetay.asp?newsid=384450,56
"2020'de Henüz Gülümsetecek Bir Haber Alamayan İpek Dünay(28), Dişlerinin Beyazlığını Gösterme Umutlarını Önümüzdeki Seneye Devretti...",https://www.zaytung.com/haberdetay.asp?newsid=384423,56
Meteoroloji'den Müjde: ''Trendyol bildirimleri hafta başından itibaren yurt genelinde etkisini yitirecek...'',https://www.zaytung.com/haberdetay.asp?newsid=384389,56
Hükümetten Esnafa Destek Müjdesi: ''Aranızdan 5 kişiyi Katar Kraliyet Ailesi'ne evlatlık vereceğiz...'',https://www.zaytung.com/haberdetay.asp?newsid=384304,56
"Ekonomik Kriz, Salgın, Instagram'ın Yeni Hali Derken Yeterince Derdi Olan Türkiye, Yonca Evcimik'i Görmezden Gelerek Savuşturacak...",https://www.zaytung.com/haberdetay.asp?newsid=384262,56
"Sağlık Bakanlığı, Mart'taki Karantina Sayesinde Dünyaya Gelen Çocuk Sayısını da Günlük Olarak Açıklayacağını Duyurdu...",https://www.zaytung.com/haberdetay.asp?newsid=384214,56
"Beş Yıl Önce Bitcoin Almadığı İçin Pişman Olanlar Derneği Olağan Genel Kurulu, Paribu Sponsorluğunda Toplandı…",https://www.zaytung.com/haberdetay.asp?newsid=384151,56
Google ''Motokurye İş İlanları'' Aramasını Türkiye İçin Açılış Sayfası Yapma Kararı Aldı...,https://www.zaytung.com/haberdetay.asp?newsid=384101,57
''AK Yiyiciler'' Hareketi Zor Durumdaki Esnafa Destek İçin Yollarda: Her Gün Üst Düzey Bir AKP'li ve Beraberindekiler Bir Restoranda Yemek Yiyecek...,https://www.zaytung.com/haberdetay.asp?newsid=384055,57
Pandemi Döneminin Gözde Padişahı Ekranlara Taşınıyor. ''Yayılış: Üçüncü Osman'' Yakında TRT'de...,https://www.zaytung.com/haberdetay.asp?newsid=384012,57
Kasım Ayı İndirim Furyasına Son Hafta Dahil Olan A101: ''Birileri gerçekten indirim yapar mı diye bekledik. Baktık olmuyor...'',https://www.zaytung.com/haberdetay.asp?newsid=383948,57
"Baydur Ailesi, Yüz Yüze Eğitimle 7 Senedir İngilizce Öğrenemeyen Çocuklarının Uzaktan Eğitimden Verim Alamamasından Endişeli...",https://www.zaytung.com/haberdetay.asp?newsid=383905,57
Bakan Koca'dan Müjdeli Haber: ''Covid-19 kısıtlamalarını tam olarak anlayıp bana da anlatacak olan 10 vatandaşımız tüm kısıtlamalardan muaf tutulacak...'',https://www.zaytung.com/haberdetay.asp?newsid=383767,57
"Hazine ve Maliye Bakanlığı, Koronavirüs Aşısı İçin ÖTV Geliştirme Çalışmalarında 3. Faza Girildiğini Açıkladı...",https://www.zaytung.com/haberdetay.asp?newsid=383740,57
"Azar Azar Şarkısını Unutma Çabasından Umudu Kesen Türkiye, Faruk K Dansını Geleneksel Halk Oyunu Olarak Tescil Etmeye Hazırlanıyor...",https://www.zaytung.com/haberdetay.asp?newsid=383705,57
Yabancı Yatırımcıya Şirin Gözükmek İçin Bir Süre Hukuka Uygun Kararlar Vermesi Gereken Yargı Camiasında Moraller Bozuk: ''O kadar kanunu kim ezberleyecek şimdi?'',https://www.zaytung.com/haberdetay.asp?newsid=383573,57
Uzun Süredir Ekonomi Gündeminde Yer Bulamayan Bitcoin İsyan Etti: ''Ben de yükseliyorum!'',https://www.zaytung.com/haberdetay.asp?newsid=383515,57
Kapalı Alanlardan Sonra Açık Alanlarda da Yasaklanan Sigara: ''Abi siz benim yasal olduğumdan emin misiniz?'',https://www.zaytung.com/haberdetay.asp?newsid=383462,58
"Görevdeki İlk Gününde Doları %5 Düşüren Boş Makam Koltuğu, Piyasalara Güven Verdi...",https://www.zaytung.com/haberdetay.asp?newsid=383253,58
"Murat Uysal, Yeni Başkan Naci Ağbal'a Merkez Bankası'nın Kalan Döviz Rezervlerini Teslim Etti...",https://www.zaytung.com/haberdetay.asp?newsid=383088,58
"Biden da Seçilse Trump da Seçilse İstikrarlı Bir Şekilde Fakirleşmeye Devam Edecek Olan Mert Cünay(30), Türkiye'nin Ekonomik Bağımsızlığını Kazanmış Olmasından Memnun...",https://www.zaytung.com/haberdetay.asp?newsid=382970,58
"İlkokul Mezunu Müteahhit, Uyduruk Bina, Yalandan Denetim, İmar Affı Gibi Sıkıcı Konuları Pas Geçen Türkiye, Enkaz Altından Mucize Bekleyeceği Bir Sonraki Depreme Hazır...",https://www.zaytung.com/haberdetay.asp?newsid=382853,58
"Etrafındaki Çemberin Giderek Daraldığını Hisseden Elif Yucak(28), Yaklaşan Tehlikenin Hangisi Olduğundan Emin Değil: Covid-19, İşsizlik, Deprem, Kasım Ayı Doğal Gaz Faturası?",https://www.zaytung.com/haberdetay.asp?newsid=382760,58
"Ekonomide Umut Veren Gelişme: Döviz Borcu Yüzünden İflasın Eşiğine Gelen Albazlar Holding, Alacaklıları Çay Cinsinden Ödemeye İkna Etmeyi Başardı...",https://www.zaytung.com/haberdetay.asp?newsid=382589,58
Merter Çakma Channel ve Lacoste İmalatçıları Birliği'nden İtidal Çağrısı: ''Fransız mallarının boykot edilmesi kimseye bir fayda sağlamaz...'',https://www.zaytung.com/haberdetay.asp?newsid=382476,58
Sağlık Bakanı'ndan Korkutan Uyarı: ''İstanbul'da vaka artışı sürerse İBB Başkanı'nı daha fazla görmezden gelemeyebiliriz...'',https://www.zaytung.com/haberdetay.asp?newsid=382310,58
"Cumhurbaşkanı Erdoğan'ın Faiz Kararını Açıklayan Merkez Bankası Başkanı, Eleştirilerin Hedefinde: ''Tonlamaları zayıf, diksiyonu daha düzgün olabilirdi...''",https://www.zaytung.com/haberdetay.asp?newsid=382256,58
"Aynı Anda Koronavirüs, İşsizlik, Parasızlık ve Sonbahar Depresyonlarıyla Mücadele Etmesi Beklenen Sıcak Su Torbası, Görevinden İstifa Etmeyi Düşünüyor...",https://www.zaytung.com/haberdetay.asp?newsid=382158,59
"İç Anadolu Bölgesini Akdeniz'e bağlayan ""Garanti Geçişli"" Yola Vatandaşların İlgisi Büyük...",https://www.zaytung.com/haberdetay.asp?newsid=382129,59
Acı Haber Bu Kez İstanbul'dan Geldi: Sahte Vergiden Zehirlenen 27 Kişi Yoğun Bakımda Yaşam Mücadelesi Veriyor...,https://www.zaytung.com/haberdetay.asp?newsid=381962,59
"Apple, Türkiye Pazarı İçin Özel Olarak Üretilen ''Dokunmatiği arızalı, kozmetik olarak 10 üzerinden 7 alır 2. el iPhone 8''in Lansmanını Yaptı...",https://www.zaytung.com/haberdetay.asp?newsid=381868,59
"Sağlık Bakanlığı'nın 15 Ekim'den İtibaren Gerçek Vaka Sayılarını Açıklama Kararı, Son Anda Rezervasyon Yaptıran 20 Kişilik Turist Kafilesi Nedeniyle 1 Hafta Ertelendi...",https://www.zaytung.com/haberdetay.asp?newsid=381775,59
"Aylık Geliri 350 Dolar Seviyesine Gerileyen Genç Bankacı, Kendi Kendine Çince Konuşmaya Başladı...",https://www.zaytung.com/haberdetay.asp?newsid=381736,59
Meteoroloji'den Kritik Uyarı: ''O halılar hep öyle dursun. Arabanın başına bir şey gelse yenisini alamazsınız...'',https://www.zaytung.com/haberdetay.asp?newsid=381651,59
"Bulgaristan Dolandırıcılar Birliği, Kişi Başına Düşen Geliri Hızla Eriyen Türkiye'nin ''Bana para yolla, yanına geliym'' Dolandırıcılığı Kapsamından Çıkarıldığını Açıkladı...",https://www.zaytung.com/haberdetay.asp?newsid=381589,59
"Kırmızı Oda İzleyip Kendi Haline Şükretmeye Çalışan Bilge Eyir(28), Yine 1 Saatlik Terapiye Verecek 600 TL'si Olmadığı Gerçeğine Takıldı...",https://www.zaytung.com/haberdetay.asp?newsid=381550,59
"Trump ile Aradaki Buzları Eritmeye Çalışan Dünya Sağlık Örgütü, Covid-19 Tedavisi İçin Bir Şişe Tuz Ruhu İle Beyaz Saray'ı Ziyaret Edecek...",https://www.zaytung.com/haberdetay.asp?newsid=381476,59
"Velilerin Israrıyla Yüz Yüze Eğitime Geçmeye Karar Veren Özel Beybihan Koleji, Eğitim Hayatına Beybihan Yatılı Kuran Kursu Olarak Devam Edecek...",https://www.zaytung.com/haberdetay.asp?newsid=381429,60
"30 Bin Hasta Arasından Sıyrılarak 1500 Kişilik Günlük Covid Vaka Tablosu'na Girmeyi Başaran Fabrika İşçisi, Çayıralan'ın Gururu Oldu...",https://www.zaytung.com/haberdetay.asp?newsid=381325,60
"Sağlık Bakanı Koca, Asgari Ücret ve Altında Gelir Sahibi Olanların da Vefat İstatistiklerine Dahil Edilmediğini Açıkladı: ''Onlarınki de yaşamak mı be...''",https://www.zaytung.com/haberdetay.asp?newsid=381274,60
"Uzaktan Eğitimde Yaşanan Sıkıntılar, Cengiz-Kolin-Limak-Kalyon Dörtlüsünü Endişelendiriyor: ''Bu çocuklardan 150 milyar doları nasıl tahsil edicez?'''",https://www.zaytung.com/haberdetay.asp?newsid=381262,60
"Dünya Bankası, Azerbaycan ve Ermenistan Savaşırken Her İkisinin Para Birimine Karşı da Değer Kaybetmeyi Başaran TL'yi İncelemek Üzere Heyet Gönderiyor...",https://www.zaytung.com/haberdetay.asp?newsid=381176,60
"''Faiz yüzünden mi yoksa döviz kuru yüzünden mi batalım?'' Sorusuna Yanıt Arayan Albazlar Holding, Çalışanlar Arasında Anket Düzenlemeye Karar Verdi...",https://www.zaytung.com/haberdetay.asp?newsid=381051,60
Rapor: Gece Uyumadan Önce DM'den Yürümek Bile Eskisi Kadar Keyif Vermiyor...,https://www.zaytung.com/haberdetay.asp?newsid=381036,60
"Çocuğun Gidemediği Özel Okula Senede 40.000 TL Ödeyen Özbar Ailesi, Dövizdeki Yükselişten Memnun: ''5000 Dolar olarak düşününce o kadar koymuyor...''",https://www.zaytung.com/haberdetay.asp?newsid=380994,60
"Covid-19'a Yakalanan Sağlık Çalışanı, Yönetimden Mobbing, Hasta Yakınlarından Darp Göreceği Sağlıklı Günlere Geri Dönmek İçin Gün Sayıyor...",https://www.zaytung.com/haberdetay.asp?newsid=380926,60
81 İlin Tamamında Hizmete Giren A101 Kapıda Uygulaması Nedeniyle Kadim Bir Anadolu Geleneği Tehdit Altında: ‘'Evin en küçüğünü markete yollamak…'',https://www.zaytung.com/haberdetay.asp?newsid=380882,60
"Pandeminin Yayılmasını Engelleyemediği Gibi TL'deki Değer Kaybını da Durduramayan Mert Aycan(37), Vatandaşlıktan İstifa Seçeneğini Değerlendiriyor...",https://www.zaytung.com/haberdetay.asp?newsid=380826,61
Filyasyon Ekibi Kılığında Evlere Giren Hırsızlık Çetesinden Ürküten Rapor: ''Tespit ettiğimiz vakalar açıklananın 3 katı...'',https://www.zaytung.com/haberdetay.asp?newsid=380734,61
Kredi Notunun Türkiye İle Aynı Olduğunu Fark Eden Tanzanya'da Moraller Yerinde: ''Demek kabilede bir de ekonomi bilen adam olsa...'',https://www.zaytung.com/haberdetay.asp?newsid=380671,61
"Yeni Dizisi ''Yarım Kalan Aşklar''da da Holding, Yalı, Ağa, Fakir Kız, Zengin Oğlan Gibi Geleneksel Değerlere Yer Vermeyen BluTV'ye Tepkiler Çığ Gibi Büyüyor...",https://www.zaytung.com/haberdetay.asp?newsid=380624,61
Sağlık Bakanlığı Uyarıyor: ''Böyle giderse gerçekten işe yarar tedbirler almak zorunda kalabiliriz...'',https://www.zaytung.com/haberdetay.asp?newsid=380607,61
Türkiye'nin Ne Kadar Pahalı Olduğunu Göstermek İçin Yurt Dışında Market Alışverişi Videosu Çeken Youtuber'ların Ekonomik Büyüklüğü 600 Milyon Doları Geçti...,https://www.zaytung.com/haberdetay.asp?newsid=380559,61
"Pandemi Nedeniyle Kapanmaya Yüz Tutan Üniversite İtiraf Sayfaları, Hükümetten Destek Bekliyor...",https://www.zaytung.com/haberdetay.asp?newsid=380525,61
Gece 12'den Sonra Müzik Yasağının Kapsamı Genişliyor: 18-24 Saatleri Arasında da Sadece Slow Müzik Çalınacak...,https://www.zaytung.com/haberdetay.asp?newsid=380513,61
"Sağlık Bakanlığı, KPSS 2020 Sonuçlarının 2 Hafta İçinde Netleşeceğini Açıkladı: ''İşsiz sayısında bir miktar azalma bekliyoruz...''",https://www.zaytung.com/haberdetay.asp?newsid=380439,61
YÖK'ten Uzaktan Eğitim Açıklaması: ''Mezun olduktan sonra da annenizin dizinin dibinde oturup bütün gün ekrana bakacaksınız. Şimdiden alışın...'',https://www.zaytung.com/haberdetay.asp?newsid=380398,61
"Mert Yunak(22), 2020 Yaz Raporunu Açıkladı: Moda Sahilde Geçirilen Saat 196, Tüketilen Tadım Kuruyemiş 6.5 KG, Alev Yollanan Story 2480, Atılan DM 517, Geri Dönüş 2...",https://www.zaytung.com/haberdetay.asp?newsid=380359,62
"Covid Vakalarıyla Paralel İlerleyen Sağlık Bakanı Fahrettin Koca’nın Takipçi Sayısı, Yeniden Altın Günlerini Yaşıyor...",https://www.zaytung.com/haberdetay.asp?newsid=380338,62
"Gizem Buray(28), KPSS Öncesi Stresle Baş Etmeye Çalışıyor: ''Kazansam da atamazlar, atasalar da alacağım para ayda 500 dolar etmiyor...''",https://www.zaytung.com/haberdetay.asp?newsid=380321,62
"Tüm Yazı Tatil Yaparak Geçiren Sosyal Medya Fenomenleri, 2. Dalga '‘Evde Kal’' Mesajları İçin Sağlık Bakanlığı İle Protokol İmzaladı...",https://www.zaytung.com/haberdetay.asp?newsid=380311,62
Bilim Kurulu Uyarıyor: ''Böyle giderse az ünlülerin Instagram canlı yayınlarında 2. dalga kaçınılmaz...'',https://www.zaytung.com/haberdetay.asp?newsid=380241,62
Hükümetten Bir Müjde de Geleceğe Umutla Bakmak İsteyen Gençlere: Yerli ve Milli Antidepresanımız ''SomaTurk'' 2023'te Eczanelerde...,https://www.zaytung.com/haberdetay.asp?newsid=380172,62
"Paralı Abonelik Dönemini Başlatan Hürriyet, Ayda Sadece 29.90'a Ahmet Hakan'sız Versiyonu Okuma Keyfi Vaat Ediyor...",https://www.zaytung.com/haberdetay.asp?newsid=380113,62
"Euro Kaplamalı Çikolata, Haftayı 1.25 TL Seviyesinden Kapatarak Tüm Zamanlar Rekorunu Kırdı...",https://www.zaytung.com/haberdetay.asp?newsid=380104,62
"Tıp Fakültesini Kazanan Öğrencilere YÖK'ten İyi Haber: ''Siz direkt en yakın hastanede başlayın, yapa yapa öğrenirsiniz...''",https://www.zaytung.com/haberdetay.asp?newsid=380060,62
"Kamu Atamalarında ''Kimin torpili daha güçlü?'' Karmaşası, Ağırlıklı Akraba/Tanıdık Katsayısı (AATK) İle Son Buluyor...",https://www.zaytung.com/haberdetay.asp?newsid=379967,62
Bir Büyük Müjde Daha: Döviz Kurunu Kontrol Altında Tutmak İçin Haftalık Düzenli Müjde Verecek ''Müjdeler Bakanlığı'' Kuruluyor...,https://www.zaytung.com/haberdetay.asp?newsid=379867,63
"Okula Dönüş Sezonu, Yurdun Dört Bir Yanındaki Kırtasiye Bağımlıları Tarafından Bu Yıl da Coşkuyla Kutlanıyor...",https://www.zaytung.com/haberdetay.asp?newsid=379851,63
"Sabaha Kadar Petrol Zengini Olma Hayali Kuran İşsiz Genç, Tespit Edilen Doğalgazdan Kendi Payına Düşen 800 Dolar ile Ne Yapacağına Bir Türlü Karar Veremiyor..",https://www.zaytung.com/haberdetay.asp?newsid=379753,63
Bir Müjde de Adalet Bakanlığı'ndan: Kadın Cinayetlerinde Zanlının Tutuklanması İçin Gereken 400.000 Tweet Şartı 250.000'e İndiriliyor...,https://www.zaytung.com/haberdetay.asp?newsid=379672,63
Dalga Geçmek İçin Başlayan Masterchef İzleme Sürecinde ''Ya kıyamam bu Celal'e çok yükleniyorlar'' Aşamasına Geçildi...,https://www.zaytung.com/haberdetay.asp?newsid=379637,63
"ABD Eski Başkan Yardımcısı Joe Biden’ın Türkiye Hakkında Aralık Ayında Yaptığı Açıklamaları Taşıyan Gemi, 8 Ay Süren Yolculuğunun Ardından İskenderun Limanı’na Ulaştı...",https://www.zaytung.com/haberdetay.asp?newsid=379595,63
"Ormanda Kurtlar Tarafından Yetiştirilen Çocukların Daha Başarılı Olduğunu Ortaya Koyan Rapor, Okula Dönüşten Umudu Kesen Veliler Arasında Heyecan Yarattı...",https://www.zaytung.com/haberdetay.asp?newsid=379566,63
"Dolar'la Maaş Almayanların Kurdaki Yükselişi Dert Etmemesi Gerektiğini Belirten Bakan Albayrak'tan Bir Müjde de İşsizlere: ''Siz TL de almıyorsunuz, valla en güzeli...''",https://www.zaytung.com/haberdetay.asp?newsid=379505,63
Koronavirüs Aşısı Denemelerinde Rusya'dan İyi Haber: 10 Ayıdan 8'i Hayatta Kalmayı Başardı...,https://www.zaytung.com/haberdetay.asp?newsid=379442,63
Eşinin Niteliklerine Uygun İşe Alım İlanı Verdiği İçin YÖK Tarafından Görevden Uzaklaştırılan Pamukkale Üniversitesi Rektörü Hüseyin Bağ’ın Yerine Eşi Atandı..,https://www.zaytung.com/haberdetay.asp?newsid=379437,63
"En Az 40 Yıldır Neredeyse Her Evde Olduğu İçin Kanıksanan Buzdolabı, Cumhurbaşkanı Erdoğan Sayesinde Tekrar Hak Ettiği Değeri Görmenin Sevincini Yaşıyor...",https://www.zaytung.com/haberdetay.asp?newsid=379408,64
Araştırma: Gençler Arasında Kariyer Planı Olarak ''Düğün Yapıp Takılan Altınlarla Birlikte Kaçmak'' Giderek Popülerlik Kazanıyor...,https://www.zaytung.com/haberdetay.asp?newsid=379322,64
"Hayata 1-0 Önde Başlatacak Bir Üniversite Arayan Genç, En Az 5-0'lık Bir Skora İhtiyacı Olduğunun Henüz Farkında Değil...",https://www.zaytung.com/haberdetay.asp?newsid=379254,64
"AHaber'den Eleştirilere Sert Yanıt: ''Yarım saatliğine de olsa insanları gerçek hayattan uzaklaştırıp eğlendirmek suçsa, suçluyuz evet...''",https://www.zaytung.com/haberdetay.asp?newsid=379209,64
Pandemi Sürecinde Firma Sahiplerinin Egolarının Zarar Görmemesi İçin Ofiste Bulunması Gereken Minimum Çalışan Sayısı 3 Olarak Açıklandı...,https://www.zaytung.com/haberdetay.asp?newsid=379112,64
İstanbul Avrupa Yakasında Yaşayan Araplar Endişeli: ''Tatilden dönen Türk azınlığın 15 gün karantinaya alınması şart...'',https://www.zaytung.com/haberdetay.asp?newsid=379051,64
Tatil Story'lerine ''İnşallah Korona Olursun'' Emojisi Yollamaya İmkan Veren Instagram Güncellemesi Yayınlandı...,https://www.zaytung.com/haberdetay.asp?newsid=379030,64
"Cumhurbaşkanı Erdoğan, Ünlü Popçu Serdar Ortaç’ın Sözünü Ettiği 12 Adayı Basına Tanıttı..",https://www.zaytung.com/haberdetay.asp?newsid=378990,64
"Bayram İznine Ayrılan Sağlık Bakanı Koca, Önümüzdeki 4 Günün İstatistiklerini Toplu Olarak Paylaştı...",https://www.zaytung.com/haberdetay.asp?newsid=378946,64
Tercih Döneminde Gelenek Yine Bozulmadı: 100'de 95'i İlk Dönem Bitmeden Ayrılacak Olan On Binlerce Çift Bu Yıl da ''Birbirine Yakın Üniversite'' Arıyor...,https://www.zaytung.com/haberdetay.asp?newsid=378897,64
Euro'nun 8 TL'yi Geçmesine Üzülmüş Gibi Yapmaya Çalışırken Yüz Felci Geçiren Gurbetçinin Tedavisi Sürüyor...,https://www.zaytung.com/haberdetay.asp?newsid=378882,65
"Ekim Ayından İtibaren Günlük 39 TL İle Geçinmeye Başlayacak Olan Burak Sebiz(29), Kritik Karar Aşamasında: ''Konut kredisi çekerek mi icralık olsam otomobil kredisi çekerek mi?''",https://www.zaytung.com/haberdetay.asp?newsid=378802,65
"Özgüver Ailesi, Yeni Öğretim Yılında Çocuğun En Az 3 Gün Evde Olmamasını Sağlayacak Her Türlü Çözüm Önerisini Sonuna Kadar Destekliyor...",https://www.zaytung.com/haberdetay.asp?newsid=378758,65
"Türkiye'nin Dertleri Sıralamasında 2 Basamak Daha Gerileyerek 6.'lığa Düşen Koronavirüs, Eski Parlak Günlerini Arıyor...",https://www.zaytung.com/haberdetay.asp?newsid=378650,65
Aşk-ı Memnu'nun 16. Kez Yayınlanan Finalinde Yine Bihter Öldü. Taraftarın Sabrı Taşıyor...,https://www.zaytung.com/haberdetay.asp?newsid=378630,65
"İşsizlik Yüzünden Zaman Zaman Kendisini Başarısız Hisseden Ezgi Saycı(27), Türkiye'de Bu Yaşa Kadar Gelebilmiş Olmanın da Önemli Bir Başarı Olduğu Gerçeğiyle Hayata Tutunuyor...",https://www.zaytung.com/haberdetay.asp?newsid=378592,65
"Ülkede İşlenen Her Kadın Cinayeti Sonrası Gündeme Gelen Türk Dizisi ''Yerli ve Şiveli'', Cinayete Azmettirmekten Gözaltına Alındı..",https://www.zaytung.com/haberdetay.asp?newsid=378579,65
"''İyi Hal''di, ''Tahrik İndirimi''ydi Derken Altı Üstü 5-6 Sene Hapis Cezasıyla Kurtulabileceği Kadın Cinayetini Gizlemek İçin Bir Yığın Zahmete Giren Katilin Akıl Sağlığı Sorgulanıyor...",https://www.zaytung.com/haberdetay.asp?newsid=378578,65
"Salona Her Girişinde FOX'da Aynı Yaz Dizisinin Farklı Bir Anına Denk Gelen Cemre Duray(21), Hiç İzlemediği Dizinin Bir Sonraki Bölümünü Merakla Bekliyor...",https://www.zaytung.com/haberdetay.asp?newsid=378440,65
"Masrafları Bölüşme İşini Tosla İle Halleden Arkadaş Grubu, Tatil Boyunca Kavga Edecek Alternatif Konu Arayışını Sürdürüyor...",https://www.zaytung.com/haberdetay.asp?newsid=378392,66
İkinci El Arabaya Parasının Yetmeyeceğini Kabullenen Bir Kişi Daha Mecburen ''Sıfır'' Almaya Karar Verdi...,https://www.zaytung.com/haberdetay.asp?newsid=378369,66
Twitter'ın Hack'lendiğini Geç Fark Eden Merkez Bankası'nda Panik: ''Bir şey diycez ama kızmayacağınıza söz verin...'',https://www.zaytung.com/haberdetay.asp?newsid=378336,66
"TÜBİTAK, AKP'lilerin Çocuklarının Süper Zeki Olmasına Neden Olan Geni Bulma Çalışmalarında Sona Yaklaşıldığını Açıkladı...",https://www.zaytung.com/haberdetay.asp?newsid=378295,66
"Genç Çift, E-Ticaret Sitelerinde 10 Bin Dolara Çocuk Satıldığı Yönündeki İddiaların Gerçek Olmamasını Diliyor: ''Bunun sırf özel okulu senede 10.000 Dolar...''",https://www.zaytung.com/haberdetay.asp?newsid=378279,66
"Hazine ve Maliye Bakanlığı'ndan Batı'ya Açık Teklif: ''Yaşlılara bakamıyorsanız maaşlarıyla birlikte gönderin, biz onları başımızın tacı yaparız...''",https://www.zaytung.com/haberdetay.asp?newsid=378261,66
Berat Albayrak'tan İşsizlikle Mücadelede ''Ayasofya Modeli'' Müjdesi: Boşta Duran Tüm Konutlar Camiiye Çevrilerek En Az 4 Milyon Kişiye İmam ve Müezzin Kadrosundan İstihdam Sağlanacak,https://www.zaytung.com/haberdetay.asp?newsid=378196,66
Hasankeyf'i Yeniden İnşa Eden TOKİ'den Rahatlatan Açıklama: ''En geç 10 seneye burası da tarihi eser görünümüne kavuşacaktır...'',https://www.zaytung.com/haberdetay.asp?newsid=378076,66
"Antalya Belediyesi, Şehre Gelen 20 Kişilik Ukraynalı Turist Kafilesinin Cebindeki Toplam 12.500 USD'nin Esnaf Arasında Eşit Olarak Bölüştürüleceğini Açıkladı...",https://www.zaytung.com/haberdetay.asp?newsid=377984,66
Tatil Planlarının Yalan Olmasının Ardından Hortumla Balkon Yıkamanın En Güzel Yaz Aktivitesi Olduğuna Kendini İkna Çabaları Sürüyor...,https://www.zaytung.com/haberdetay.asp?newsid=377944,66
Canı Sıkıldığında En Fazla Kendi Instagram'ını Kapatabilen Ceren Aydan(22)'ın Bir Hayali Var: ''Keşke ülke babamın çiftliği olsa da sıkıldıkça herkese kapatabilsem...'',https://www.zaytung.com/haberdetay.asp?newsid=377880,67
"TÜİK, Turizm İçin de Devrede: Suriyeli Mülteciler Yaz Sezonu Boyunca Yabancı Turist Olarak Sayılacak...",https://www.zaytung.com/haberdetay.asp?newsid=377767,67
"Herkesin Maske ve Güneş Gözlüğüyle Oturduğu Moda Sahili'nde Kaos Büyüyor: ''Bunlardan hangisi benim arkadaş grubumdu?""",https://www.zaytung.com/haberdetay.asp?newsid=377731,67
"Cumhurbaşkanı'nın YouTube Videosuna Verdiği Dislike Ailesi Tarafından Çerçeveletip Duvara Asılan Genç, Oyun Laptop'larının 10.000 TL Olmasına Tepki Gösterdiğini Henüz Söyleyemedi...",https://www.zaytung.com/haberdetay.asp?newsid=377709,67
"Baroların Bölünmesiyle İlgili ''Hukuku bitirecek hamle'' İtirazları, Ülkede Hala Bitirilebilecek Bir Hukuk Olduğu Yönündeki Umutları Yeşertti",https://www.zaytung.com/haberdetay.asp?newsid=377634,67
"Korona Önlemleri Nedeniyle Düğünün Davetli Sayısını 300'den 80'e Düşürmek Zorunda Kalan Çift, En Az Bir Çeyrek Takacak Seçkin Azınlığı Belirlemeye Çalışıyor...",https://www.zaytung.com/haberdetay.asp?newsid=377581,67
"Ferda Koleji’ni de Bünyesine Katan Diyanet İşleri Başkanlığı, Dünyanın En Yüksek Bütçeli Kuruluşları Listesinde IMF ve Real Madrid’in Ardından Üçüncülüğe Yerleşti..",https://www.zaytung.com/haberdetay.asp?newsid=377560,67
"Vakıfbank Halkalı Şubesi’nde Bulgar Kerzakov İle Karşılaşan Hamza Yerlikaya, Kredi Başvurusu İçin Bankaya Gelen Bulgar Rakibine Acımadı..",https://www.zaytung.com/haberdetay.asp?newsid=377530,67
24 Farklı İlde Aynı Anda Göz Altına Alınan Jonas Kahnwald İsimli Turistlerin Sorgusu Sürüyor,https://www.zaytung.com/haberdetay.asp?newsid=377517,67
"Türkiye, Sadece Tek Bir Kurumdan Maaş Aldığı Ortaya Çıkan AKP'li Bürokrat İçin Seferber Oldu...",https://www.zaytung.com/haberdetay.asp?newsid=377479,67
"Bu Yıl 66.sı Düzenlenen Tarihi Vakıfbank Olağan Genel Kurul Toplantısı, Edirne'de Gerçekleştirildi...",https://www.zaytung.com/haberdetay.asp?newsid=377448,68
"Babalar Günü Hediyesi Olarak Kendisine A101’den Smart TV Alan Murat Yanay(26, Bekar), Fırsat Verilirse Bu Hediyeyi Hak Eden Çok İyi Bir Baba Olacağından Emin...",https://www.zaytung.com/haberdetay.asp?newsid=377425,68
Babalar Günü İçin ''Cepli Baba Maskesi'' Üreten Firma İflasın Eşiğinde: ''İyi bir fikir gibi gelmişti...'',https://www.zaytung.com/haberdetay.asp?newsid=377400,68
YKS'de Başarı Kriteri ''Sınavdan eve virüs getirmesin yeter'' Seviyesine İnen Yiğit Buray(18) Cephesinde Yüzler Gülüyor...,https://www.zaytung.com/haberdetay.asp?newsid=377307,68
"Hazine ve Maliye Bakanı Berat Albayrak, ''Ev de Al'' Çağrısı Sonrası Güncel Konut Satışı Sayılarını Paylaştı: ''Üzülerek söylüyorum ki durum hiç iç açıcı değil...''",https://www.zaytung.com/haberdetay.asp?newsid=377245,68
"Vaka Sayısının Artışa Geçmesi Üzerine Toplanan Bilim Kurulu'ndan, Konut Kredisi Faizlerinin Bir Miktar Daha Düşürülmesi Yönünde Tavsiye Kararı Çıktı...",https://www.zaytung.com/haberdetay.asp?newsid=377216,68
Okulu Bırakıp Kırkpınar Yağlı Güreşlerine Hazırlanmaya Başlayan ODTÜ İktisat 4.Sınıf Öğrencisi Mete Akkurt İddialı: “İlk hedefim Vakıfbank'ta şube müdürlüğü...”,https://www.zaytung.com/haberdetay.asp?newsid=377158,68
"Twitter Hesabı Kapatılan AK Troll, Faaliyetlerine Google'da Devam Ediyor: ''Ücretsiz izin desteği başvuru şartları. Enter...''",https://www.zaytung.com/haberdetay.asp?newsid=377146,68
"Parasızlık Yüzünden Kimsenin Gidemediği Bar, Kafe ve Restoranlar, Türkiye'de Sosyal Mesafenin En İyi Korunduğu Yerler Olarak Öne Çıkıyor...",https://www.zaytung.com/haberdetay.asp?newsid=377090,68
Enflasyonun Ardından İşsizliği de Düşürmeyi Başaran TÜİK'in Anketlerdeki Hızlı Yükselişi Sürüyor...,https://www.zaytung.com/haberdetay.asp?newsid=377047,68
Önümüzdeki 3 Ayı da 1100 TL'lik Ücretsiz İzin Desteği İle Geçireceği Netlik Kazanan Murat Yucak(30)'ı Bu Gece de Uyku Tutmadı: ''Nolacak bu Ayasofya işi ya?'',https://www.zaytung.com/haberdetay.asp?newsid=377026,69
"TÜİK Bölge Müdürlüğü İçin Yapılan İhalede, En Yüksek Enflasyon Oranı Teklifi Sunan 10 Bölge Müdürü Görevden Alındı...",https://www.zaytung.com/haberdetay.asp?newsid=376977,69
İlkem Solunum Cihazları Sponsorluğunda Gerçekleştirilen ''Coronafest-İstanbul'' En Geç İki Haftaya Katılımcıların Nefesini Kesecek...,https://www.zaytung.com/haberdetay.asp?newsid=376886,69
"İddaa'dan Bahisseverlere Yeni Oyun Müjdesi: Hafta Sonu Sokağa Çıkma Yasağı Var mı Yok mu Bil, Yasak Gelirse Kesilecek Cezanın %10'u Senin Olsun...",https://www.zaytung.com/haberdetay.asp?newsid=376808,69
"Karantina Sürecinde de Açık Olması Nedeniyle Müşterilerine ''Sizi özledik'' Mesajı Yollayamayan A101, Gece ''Uyudun mu?'' Mesajıyla Açığı Kapatmayı Planlıyor...",https://www.zaytung.com/haberdetay.asp?newsid=376738,69
"Meksika, Mülteci Akınını Önlemek Amacıyla ABD Sınırına Duvar Örmeye Hazırlanıyor...",https://www.zaytung.com/haberdetay.asp?newsid=376634,69
"Türkiye, Hala Günlük Vaka Sayısı Falan Açıklayan Sağlık Bakanı'na Durumu İzah Etmeye Çalışıyor: ''Abi biz saldık, sen de bırak istersen artık...''",https://www.zaytung.com/haberdetay.asp?newsid=376629,69
"Hala Bir İşi Olduğu İçin Şükretme Çabaları, Pazartesi Sendromuna Yenik Düştü: ''Mk iyiydik böyle ya...''",https://www.zaytung.com/haberdetay.asp?newsid=376556,69
"SpaceX'in Fırlatılması Öncesi Konuşan ABD Başkanı Trump, Göstericileri Hedef Aldı: ''Ne yaparsanız yapın, Mars'a kutlu yürüyüşümüzü durduramayacaksınız...''",https://www.zaytung.com/haberdetay.asp?newsid=376503,69
"Bu Yaz Türkiye'den Turist Kabul Edilmeyeceğini Açıklayan Yunanistan Turizm Bakanlığı: ''Sizinki korona'dan değil ya, nasılsa gelemiyorsunuz diye...''",https://www.zaytung.com/haberdetay.asp?newsid=376466,69
"Türkiye Reklamcılar Birliği, Normalleşmenin Bir An Önce Başlamasından Yana: ''Bir tane daha özledik, geçecek, kavuşacağız temalı reklam çekmeye takatimiz kalmadı...''",https://www.zaytung.com/haberdetay.asp?newsid=376359,70
"Her Şeye Rağmen Bayram Geleneklerine Sahip Çıkan Ezgi Araylar(25), Bu Kez de Görüntülü Arayan Akrabalardan Kaçmak İçin Odasına Kapandı...",https://www.zaytung.com/haberdetay.asp?newsid=376285,70
"Üç Ay Sonra Konkordato İlan Edecek Şirkette, Yeniden İşe Dönüş Heyecanı...",https://www.zaytung.com/haberdetay.asp?newsid=376169,70
Sevgilisi Başka Şehirde Yaşayan ve Şehirlerarası Geçiş Yasağı İlan Edilir Edilmez Terk Edilen İbrahim Ömüroğlu(26) İlişkisini Yasaklar Kalkana Kadar Whatsapp Üzerinden Kurtarmaya Çalışıyor.,https://www.zaytung.com/haberdetay.asp?newsid=376084,70
"İlişkiyi Uzaktan Yürütmenin Çok Daha Düşük Maliyetli Olduğunu Fark Eden Barış Yunak(29), Önlemlerin Gevşetilmesi İçin Henüz Erken Olduğunu Düşünüyor...",https://www.zaytung.com/haberdetay.asp?newsid=376070,70
"Korona’dan Önce de Haftada Bir A101’e Gidip, Onun Dışında Evde İnternet Başında Vakit Geçiren Gizem Aycer(19)’in Eski Hayatında Tam Olarak Neyi Özlediği Belirsizliğini Koruyor...",https://www.zaytung.com/haberdetay.asp?newsid=375971,70
"Korona Sayesinde ''Daha önceki düğünlerde takılan altınların geri dönmesi için düğün yapma'' Döngüsünü Kırma Şansını Yakalayan Türkiye, Büyük İhtimalle Bunu da Heba Edecek...",https://www.zaytung.com/haberdetay.asp?newsid=375916,70
"''Sadece Bayram Namazı Kılanlar Platformu'', Bayram Namazının İptal Edilmemesi için Diyanet İşleri Başkanlığı Önünde Basın Açıklaması Yaptı…",https://www.zaytung.com/haberdetay.asp?newsid=375879,70
"Bodrum Belediyesi, Virüsü Ezik Gibi Şehirde Kapmak Yerine Ege'nin Mavi Sularında Kapmak İsteyenler İçin Sezonu Açıyor...",https://www.zaytung.com/haberdetay.asp?newsid=375769,70
"Türkiye, Önemli Bir Bölümü Yaz Sonunu Göremeyecek Olan AVM'lere Son Görevini Yapmak İçin Kuyruğa Girdi...",https://www.zaytung.com/haberdetay.asp?newsid=375726,70
"50 Günlük Hasretin Ardından Meydandaki Bankına Kavuşan Muzaffer Celep(68), Eve Hayal Kırıklığıyla Döndü: ''Eskisi gibi değil, ikimizde de bazı şeyler bitmiş...''",https://www.zaytung.com/haberdetay.asp?newsid=375684,71
"2 Aydır Evde Olan Cemre Aygül(8), Anneler Günü Hediyesi Olarak 24 Saat Boyunca Annesinin Gözüne Gözükmemeyi Planlıyor...",https://www.zaytung.com/haberdetay.asp?newsid=375630,71
"Mert Suvak(28), Ücretsiz İzin Desteği Olarak Aldığı 545 TL ile ABD'ye mi Yoksa İngiltere'ye mi Yardım Etmesi Gerektiğinden Emin Değil...",https://www.zaytung.com/haberdetay.asp?newsid=375613,71
Dolar'ın 7.15'e Dayanmasının Ardından ABD Büyükelçisi Dışişleri'ne Çağrıldı: ''Yalnız o maskeler bedava değildi ya...'',https://www.zaytung.com/haberdetay.asp?newsid=375508,71
"İşsizlik ve Hayat Pahalılığı ile Boğuşan Türkiye, Twitter'daki Küçük Dünyalarında Büyük Oyun Bozmacılık Oynayan Bir Grup Mutlu İnsanı Gıptayla İzliyor",https://www.zaytung.com/haberdetay.asp?newsid=375495,71
"Milli Eğitim Bakanlığı, YKS Tarihinin Öne Çekilmesine Gelen ''Geleceğimizle oynuyorsunuz'' Tepkilerine Anlam Veremiyor: ''Gelecek derken?''",https://www.zaytung.com/haberdetay.asp?newsid=375447,71
Adalet Bakanlığı'ndan Basın Özgürlüğü Hamlesi: Muhalif Gazeteciler Hangi Terör Örgütünden Yargılanacaklarına Kendileri Karar Verebilecekler...,https://www.zaytung.com/haberdetay.asp?newsid=375396,71
"Story'lere Ateş Yollama Hızını Saatte 15'e Çıkaran Onur Acaklı(28), Rekorunu Neye Borçlu Olduğundan Emin Değil: Bahara mı Yoksa 6 Haftadır Evde Olmaya mı?",https://www.zaytung.com/haberdetay.asp?newsid=375380,71
Merkez Bankası'ndan Dolar'a Sert Müdahale: Parasını Dövize Yatıranların Listesi Her Gün Murat Övüç'e Verilerek Tek Tek Küfrettirilecek...,https://www.zaytung.com/haberdetay.asp?newsid=375327,71
"Sokağa Çıkma Yasağı Öncesi Bu Kez İnsan Gibi Market Alışverişi Yapma Kararı, ''Ya evde açlıktan ölürsem'' Korkusuna Yenik Düştü. Bilanço Ağır...",https://www.zaytung.com/haberdetay.asp?newsid=375279,71
Sağlık Bakanlığı'ndan Müjde: Yurt Dışına Gönderilen Maskeler de SMS'le Eczanelerden Temin Edilebilecek...,https://www.zaytung.com/haberdetay.asp?newsid=375251,72
"Bilge Eycil(28), 1 Aydır Birlikte Olduğu Maskesiyle Aralarında Özel Bir Bağ Oluştuğuna İnanıyor...",https://www.zaytung.com/haberdetay.asp?newsid=375201,72
Hayırseverler Tarafından Ödenmek Üzere Hazır Sahte Veresiye Defterleri Basan Şebeke Çökertildi...,https://www.zaytung.com/haberdetay.asp?newsid=375128,72
"Diğer Tüm Opsiyonları Tüketen Yeşim Karey(26), Karantinanın ''Survivor'dan Keyif Almaya Çalışma'' Aşamasına Geçti...",https://www.zaytung.com/haberdetay.asp?newsid=375053,72
"23 Nisan'ı Coşkulu Kutlamalarla Geride Bırakan Türkiye, 1.5 Aydır Evde Olan Çocuklara Tekrar Sinir Olmaya Hazır...",https://www.zaytung.com/haberdetay.asp?newsid=374993,72
"İlk Kez İnternetten Masal Dinleyen Ceren Sunak(6), Ebeveynlerinin Bu Masal Okuma İşini Pek Beceremediği Gerçeğiyle Tanıştı...",https://www.zaytung.com/haberdetay.asp?newsid=374923,72
Dolar'ın 7 TL'ye Dayanmasının Ardından Esnaf Sabırsız: ''Piyasa bir an önce açılsa da batsak...'',https://www.zaytung.com/haberdetay.asp?newsid=374880,72
"Bütün Gün Evde Oturup Milletin Story'lerini İzlemekten Sıkılan Genç, Aynı Şeyi Dışarıda Arkadaşlarıyla Yapabildiği Günleri Özlüyor...",https://www.zaytung.com/haberdetay.asp?newsid=374795,72
TV Kanallarının Artan İhtiyacına Yanıt Vermek Üzere 2 Yıllık Televizyon Hekimliği Meslek Yüksek Okulları Kuruluyor...,https://www.zaytung.com/haberdetay.asp?newsid=374648,72
En Ayırt Edici Özelliği Hiç Türk Dizisi Seyretmemek Olan Aytun Yunak(29)'ın Ünvanı FX'in Yeni Dizisi ''Alef'' Yüzünden Tehdit Altında...,https://www.zaytung.com/haberdetay.asp?newsid=374632,72
"Birkaç Haftalık Bocalamanın Ardından Home Office'e Adapte Olan Ofis Çalışanı, İş Yerindeki Verimsizliği Evde de Yakalamayı Başardı...",https://www.zaytung.com/haberdetay.asp?newsid=374629,73
"Ne Maskesi Gelen, Ne de Kredi Başvurusu Onaylanan Ceren Aysal(29), Instagram'a Gelen Müzik Özelliğiyle Moral Buldu...",https://www.zaytung.com/haberdetay.asp?newsid=374573,73
"Gece Yarısı TBMM'ye Giren Yüzleri Maskeli 300 Kişilik Grup, 90 Bine Yakın Mahkumu Serbest Bıraktıktan Sonra Farklı Yönlere Kaçarak İzlerini Kaybettirdi...",https://www.zaytung.com/haberdetay.asp?newsid=374465,73
"Evde Oturmaktan Sıkılan Türkiye, Pazar Gecesini 2.5 Saatlik Eğlenceli Bir Görsel Şovla Renklendiren Hükümete Minnettar...",https://www.zaytung.com/haberdetay.asp?newsid=374340,73
''Hükümet para olmadığı için sokağa çıkma yasağı ilan edemiyor'' İddiaları Dün Gece İtibariyle Çöktü: Nasıl Yapılacağını Bilmiyorlarmış...,https://www.zaytung.com/haberdetay.asp?newsid=374198,73
Bakan Soylu: ''E hani herkes evinde ekmek yapıyordu?!'',https://www.zaytung.com/haberdetay.asp?newsid=374105,73
"İş Yerleri ve Okulların, Sırf Bütün Aile 24 Saat Bir Arada Olmasın Diye İcat Edildiği Netlik Kazandı...",https://www.zaytung.com/haberdetay.asp?newsid=373968,73
Türkiye Berberler ve Kuaförler Odası Uyarıyor: ''Sakın...'',https://www.zaytung.com/haberdetay.asp?newsid=373875,73
"''Birlikte aşacağız Türkiye, dayan Türkiye'' Temalı Duygusal Reklamda, Yine Kimse ''2 ay ödeme yapmasan da olur Türkiye'' Demedi...",https://www.zaytung.com/haberdetay.asp?newsid=373804,73
"Bir Ay Öncesine Kadar Dalga Geçtiği Tüm Instagram Gerzekliklerini Karantina Sürecinde Sırayla Yapan Ezgi Yunak(26), TikTok'a Düşmeden Önceki Son Çırpınışlarını Yaşıyor...",https://www.zaytung.com/haberdetay.asp?newsid=373694,73
"Rapor: Mezun Olduktan Sonra da Büyük İhtimalle Ailelerinin Evinde Oturup Bütün Gün Ekrana Bakacak Olan Gençler, Uzaktan Eğitimle Hayata Daha İyi Hazırlanıyor...",https://www.zaytung.com/haberdetay.asp?newsid=373553,74
"Vatandaşlardan Gelen Talebi Değerlendiren Sağlık Bakanı, Günlük Rutin Duyurularında Haftanın Hangi Gününde Olduğumuzu da Açıklayacak...",https://www.zaytung.com/haberdetay.asp?newsid=373498,74
CHP'li Belediyelerin Bağış Hesaplarına Bloke Koyduran AK Parti: ''Ekonomiyi kim batırdıysa yardımı da o toplar. Size ne oluyor?'',https://www.zaytung.com/haberdetay.asp?newsid=373410,74
Kaynatılıp İçilince Koronavirüs'e İyi Gelmeyen Bitki Keşfedildi...,https://www.zaytung.com/haberdetay.asp?newsid=373217,74
Mehmet Cahit Turhan'ın Yerine Ulaştırma Bakanlığı Görevine Getirilen Mehmet Cahit Turhan'ın Gençliği İddialı Konuştu: ''Aynı hataları tekrarlamayacağım...'',https://www.zaytung.com/haberdetay.asp?newsid=373158,74
"Küresel Ekonomiyi Durma Noktasına Getirip Şu Ana Dek 28 Bin Kişiyi Öldüren Koronavirüs Salgını, Ezgi Yalsın(29)'a 2.5 Kilo Daha Ekledi...",https://www.zaytung.com/haberdetay.asp?newsid=373151,74
"Uzaktan Eğitime ''Zeki ama çalışmıyor'' Seviyesinden Başlayan Ege Caner Türelik(10), 4. Gün İtibariyle ''Galiba mal bu oğlan'' Seviyesinden İşlem Görüyor...",https://www.zaytung.com/haberdetay.asp?newsid=373025,74
"Suriye’de Koronavirüs ile Mücadele: Bulunduğun Delikte Kal Suriyem, Steril Silahlar ve Viral İntihar Saldırısı Riski",https://www.zaytung.com/haberdetay.asp?newsid=372895,74
"Başarı Öyküsü: Kendi OHAL'ini İlan Eden Yücek Ailesi, Kredi ve Faturaları da Evde Kendi Bastığı Paralarla Ödüyor...",https://www.zaytung.com/haberdetay.asp?newsid=372835,74
"Koronavirüs'te Ürküten Tablo: Türkiye, Sıkıntıdan Oturma Odasında Canlı Yayın Açıp Mal Mal Ekrana Bakan Kişi Sayısı En Hızlı Artan Ülke...",https://www.zaytung.com/haberdetay.asp?newsid=372745,74
Türkiye'nin Coronavirüs ile Mücadele İçin Gönderdiği 72 Milyon TL'yi Kumarda Kaybeden KKTC'den 2 Gündür Haber Alınamıyor..,https://www.zaytung.com/haberdetay.asp?newsid=372613,75
Sağlık Bakanlığı Bir Türlü Evde Tutamadığı Yaşlıları Sahte Belediye Otobüsleriyle Yakalayacak,https://www.zaytung.com/haberdetay.asp?newsid=372543,75
"Hükümetten, İşsizliği ve Sağlık Personelinin Malzeme Sorununu Çözme Yönünde Önemli Adım: ''Boş oturacağınıza evde maske yapıp internetten satsanız...''",https://www.zaytung.com/haberdetay.asp?newsid=372535,75
Açıkladığı koronavirüsle mücadelede destek paketleri yeterli bulunmayan Berat Albayrak’tan yeni paket müjdesi: ''Yemeksepeti’nden 30 TL tutarında yemek sipariş edenler 20 TL ödeyecek...'',https://www.zaytung.com/haberdetay.asp?newsid=372525,75
"Sağlık Bakanı Koca, Türkiye'ye Durumun Ciddiyetini Anlatmak İçin WhatsApp Gruplarına Ses Kaydı Olarak Sızmayı Deneyecek: ''Arkadaşlar bakanlıkta çalışan bir arkadaşımdan duydum...''",https://www.zaytung.com/haberdetay.asp?newsid=372398,75
Umreden Döner Dönmez Korona Şüphesiyle Karantinaya Alınan Beş Hacının Kaçış Hikayesini Konu Edinen ''La Havle Ve La Kuvvete'' Mayıs'ta Netflix İzleyicileriyle Buluşuyor..,https://www.zaytung.com/haberdetay.asp?newsid=372314,75
"Hindistan Sağlık Bakanlığı, Bugün İtibariyle Koronavirüs Saptanan Vaka Sayısını 627, Ölen Virüs Sayısını 113 Olarak Açıkladı...",https://www.zaytung.com/haberdetay.asp?newsid=372267,75
İngiltere Tahtının Veliahtlarından Sussex Dükü Prens Harry ve Eşi Meghan Markle’ın Neneyi Yıkamamak İçin Kraliyet Ailesi’nden Çekildiği Ortaya Çıktı..,https://www.zaytung.com/haberdetay.asp?newsid=372244,75
"Umre Dönüşü Karantinaya Alınacağını Anlayınca Çantasına Das Kapital Koyan Ebubekir Y.(73), Sığındığı Ateizm Derneği'nde Kıskıvrak Yakalandı...",https://www.zaytung.com/haberdetay.asp?newsid=372110,75
"Türkiye, 14 Mart Tıp Bayramı'nı Bu Yıl Daha Bir Coşkulu Kutluyor: ''Şimdi sizin elinizin altında epey maske falan vardır di mi...''",https://www.zaytung.com/haberdetay.asp?newsid=372054,75
Coronavirüse Karşı Alınan Tedbirlerle Uzun Zamandır İlk Kez Önemsendiğini Hisseden Türk Halkının İçini Kemiren Şüphe: ''Acaba hükumetin hayatında başka bir halk mı var?'',https://www.zaytung.com/haberdetay.asp?newsid=371997,76
"En Az 2 Haftayı Eşi ve Çocuklarıyla Evde Geçirmesi Gereken Murat Yakak(35), Karantina Odasında 14 Gün Fikrine Giderek Daha Sıcak Bakıyor...",https://www.zaytung.com/haberdetay.asp?newsid=371960,76
"Gaza Gelip Alınan 5 Litrelik Limon Kolonyası Bidonu, Önümüzdeki 3 Yılı Geçireceği Buzdolabı Rafına Yerleştirildi...",https://www.zaytung.com/haberdetay.asp?newsid=371882,76
"Salgın Yüzünden Krizin Eşiğine Gelen Küresel Piyasalara Türk Üniversite Öğrencisinden Müjdeli Haber: ''Bu korona işi çok abartılıyor abi, normal grip daha çok insan öldürüyor...''",https://www.zaytung.com/haberdetay.asp?newsid=371756,76
"En Büyük Hayali Dünyayı Gezmesine Sponsor Olacak Zengin Bir Koca Olan Gözde Eygin(22), Diğer Kadınların Çalışma Hayatında Daha Aktif Rol Almalarını Destekliyor...",https://www.zaytung.com/haberdetay.asp?newsid=371668,76
Türkiye’nin Rusya’ya 100.000 Tondan Fazla Domates Sattığı Yönündeki İddialara Kremlin’den Yalanlama: “Domatesleri rejim güçlerinden aldık...”,https://www.zaytung.com/haberdetay.asp?newsid=371609,76
"Rapor: Ofisteki Herkes, Koronavirüs'e Yakalanırsa İlk Bulaştıracağı İsimlerin Listesini Netleştirdi...",https://www.zaytung.com/haberdetay.asp?newsid=371585,76
"Doğu Sınırları Zaten Yol Geçen Hanı Olan Türkiye'nin Batıdaki Sınırlarını da Açtığını Haber Alan Pakistan Karaçi Belediyesi, Ağrı'ya Ücretsiz Otobüs Seferlerine Başlıyor...",https://www.zaytung.com/haberdetay.asp?newsid=371441,76
"Cumhurbaşkanı Erdoğan, Muhalefete Yüklendi: ''Ekonomiyi düzeltsek bu kadar mülteci ölümü göze alma pahasına ülkemizden gitmek ister miydi? Bunlar daha bunu anlamıyor...''",https://www.zaytung.com/haberdetay.asp?newsid=371399,76
"Dünyaca Ünlü Emoji Şirketi Smiley Co., ''Gülen Cukka'' Emojisinin Telif Hakkı İçin Hareketin Yaratıcısı İsmail Kahraman’ın Kapısını Çalmaya Hazırlanıyor..",https://www.zaytung.com/haberdetay.asp?newsid=371390,76
"Beşer Esad: ''Biz de müslümanız, bizim de şehitler tepemiz var...''",https://www.zaytung.com/haberdetay.asp?newsid=371328,77
"''Acaba Türkiye'nin Ocak ayı turist sayısı ne alemde?'' Diye Düşünmekten 3 Gündür Uyuyamayan Türkiye, Cumhurbaşkanı Erdoğan'ın Açıklamalarıyla Rahat Bir Nefes Aldı...",https://www.zaytung.com/haberdetay.asp?newsid=371316,77
"İdlib Saldırısına İnterneti Yavaşlatıp, Afgan Mültecileri Otobüsle Yunanistan ve Bulgaristan Sınırına Taşıyarak Yanıt Veren Hükümet, Rusya'nın Mesajı Almasını Umuyor...",https://www.zaytung.com/haberdetay.asp?newsid=371246,77
Fiyatı Bir Ayda 20 Katına Çıkan Sağlık Maskesinin Enflasyon Sepetinde Yer Aldığını Fark Eden TÜİK'te Panik Büyüyor...,https://www.zaytung.com/haberdetay.asp?newsid=371148,77
"Türkiye, Koronavirüs Endişesiyle Bu Yıl Düğünlerin İptal Edilmesinden Yana... Belki Biraz da Çeyrek Altının 550 TL Olmasından... Ama Esas Korona Yani...",https://www.zaytung.com/haberdetay.asp?newsid=371090,77
"Sağlık Bakanlığı, Koronavirüs'e Karşı İran ve Irak Sınırların Kapatılmasını İsteyen Vatandaşlara Suriye Sınırındaki Durumdan Bahsetmenin Uygun Bir Yolunu Arıyor...",https://www.zaytung.com/haberdetay.asp?newsid=370982,77
"Kişi Başına Düşen Kitap Okuma Oranı 0.1 Olan Ülke, 3 Gündür Bir Çocuğu Tartışıyor...",https://www.zaytung.com/haberdetay.asp?newsid=370887,77
"14,99 TL'den Menü Satmaya Başlayan McDonald's'a, 2015 Yılında Olmadığımız İzah Edilmeye Çalışılıyor...",https://www.zaytung.com/haberdetay.asp?newsid=370866,77
"Osman Kavala'nın Yeni Bir Beraat Alması İhtimaline Karşı Harekete Geçen Başsavcılık, Habil Cinayeti Dosyasını Raftan İndirdi...",https://www.zaytung.com/haberdetay.asp?newsid=370804,77
"''Hükümetimiz sayesinde tatmadığım zevk, mutluluk kalmadı. Artık her şey anlamsız geliyor'' Notuyla İntihar Eden Başarılı İşadamından ''Ekonomik Kriz'' İddialarına Tokat Gibi Yanıt...",https://www.zaytung.com/haberdetay.asp?newsid=370771,77
"Dominik Cumhuriyeti, Survivor İçin Ülkeye Gelen En Ünlü İsmin Ersin Korkut Olması Nedeniyle Türkiye'ye Nota Vermeye Hazırlanıyor...",https://www.zaytung.com/haberdetay.asp?newsid=370738,78
"Sevgili Olup Olmadıkları Henüz Netleşmemiş, ''Takılıyoruz yaa'' Çiftlerinin 14 Şubat Gerginliği Sürüyor: Şakayla Karışık Kutlasak mı? Görmezden mi Gelsek? Nasıl Yapsak?",https://www.zaytung.com/haberdetay.asp?newsid=370662,78
"Atlas Jet'in de Gitmesinin Ardından İflas Edebilecek Şirket Sayısı 2 Haneli Rakamlara Düşen Türkiye, Ekonomide Dengelenme İşaretleri Vermeye Devam Ediyor...",https://www.zaytung.com/haberdetay.asp?newsid=370643,78
"Sevgililer Günü Hediyesi Olarak Pırlanta Yerine A101'den 39 Ekran LED TV Alan Mert Yücek(26), Piyasalarda ''Tam evlenilecek adam'' Seviyesinden İşlem Görüyor...",https://www.zaytung.com/haberdetay.asp?newsid=370642,78
Sevgiliyle Dizi İzlerken Yine Lanet Pırlanta Tek Taş Reklamı Çıktı. Odada Gergin Anlar...,https://www.zaytung.com/haberdetay.asp?newsid=370512,78
"Cumhurbaşkanlığı İletişim Başkanlığı, Havuz Medyası Çalışanları İçin ''Bugün kim düşman, kim dost'' Bilgilendirme Portalını Hizmete Açtı...",https://www.zaytung.com/haberdetay.asp?newsid=370478,78
"İBB'nin Ulaşım Zammına Tepki Gösterirken Hızını Alamayıp ''Vatandaş zaten perişan, kimsede para yok!'' Yazan AK Troll, 2 Hafta Sahalardan Uzak Kalacak...",https://www.zaytung.com/haberdetay.asp?newsid=370465,78
"Pek Bir Şey Yaşanmadığı İçin Felaket de Yaşanmayan Yozgat, Türkiye'nin En Yaşanılabilir Şehirleri Sıralamasında Hızla Yükselmeye Devam Ediyor...",https://www.zaytung.com/haberdetay.asp?newsid=370415,78
"Aldığı %12'lik Zamla Birlikte Önümüzdeki Yılı %10 Daha Fakir Geçireceği Netleşen Genç Bankacı, Instagram'da Kaliteli Yaşıyor Gibi Görünme Yarışından Çekildiğini Açıkladı...",https://www.zaytung.com/haberdetay.asp?newsid=370345,78
"Üniversite Öğrencilerine Yönelik ''Yol Yakınken Okulu Bırakıp Bekçilik Sınavlarına Hazırlanma Kursu'', Yoğun İlgi Görüyor...",https://www.zaytung.com/haberdetay.asp?newsid=370287,78
"Salgın Riskine Karşı Taktığı Maskeyle Birlikte Özgüveni Yerine Gelen Ezgi Vaydar(26), Filtresiz İlk Story'sini Paylaşmaya Hazır Hissediyor...",https://www.zaytung.com/haberdetay.asp?newsid=370230,79
"Hafta Sonu Çocuklarla AVM Turu İşkencesinden Kurtulmayı Hedefleyen Gökhan Aydanlı(37) Cephesinde Gözler, Türkiye'den Gelecek İlk Coronavirus Vakası Haberinde...",https://www.zaytung.com/haberdetay.asp?newsid=370177,79
Kızılay'dan İddialara Yanıt: ''Vergiden yırtmak isteyen tüm vatandaşlarımıza aynı hizmeti veriyoruz. Sizin aklınıza gelmediyse ne yapalım?'',https://www.zaytung.com/haberdetay.asp?newsid=370134,79
"Sigarayı Bırakmak, Spora Başlamak, Yurt Dışında İş Bulmak Gibi Maddelerden Oluşan 2020 Hedefleri Listesi, İlk Ayın Ardından ''Bir Şekilde Sağ Salim Atlatmak'' Olarak Güncellendi...",https://www.zaytung.com/haberdetay.asp?newsid=370092,79
"Depremin Başından İtibaren Sosyal Medyada 7x24 Mesai Yapan AK Troller, ''Deprem vergileri ne oldu?'' Sorusuna Yanıt Oldu: ''O soruyu sordurmamak için harcanmış...''",https://www.zaytung.com/haberdetay.asp?newsid=370019,79
"Bedelli Askerlik Yaptığı Kışlada Hiç Ünlü Asker Olmayan Serkan Ç. (28), Ünlü Asker Bulunan Kışlaya Sevkini İstedi...",https://www.zaytung.com/haberdetay.asp?newsid=369872,79
"Başarı Öyküsü: A101'den Aldığı Sebze-Meyveyi ''Memleketten taze geldi'' Diyerek 3 Katı Fiyata İş Arkadaşlarına Satan Mine Turaç(27), 2 Ayda Cirosunu 3'e Katladı...",https://www.zaytung.com/haberdetay.asp?newsid=369860,79
Kayak Hocaları İsyan Etti: “Takımları giyip insta'lık fotoğraf stoğunu yapan gidiyor. Kimsenin kayakta gözü yok...“,https://www.zaytung.com/haberdetay.asp?newsid=369843,79
Berat Albayrak’tan Eleştirilere Sert Yanıt: ''Anlaşılan o ki kayınpederimin Avrupa Kıtası'nı yararak babama ait arazilerin orta yerinden boğaz geçirmek istemesi birilerini rahatsız etmiş...'',https://www.zaytung.com/haberdetay.asp?newsid=369753,79
Kanal İstanbul Güzergahında Türklerin Arazi Satın Aldığı İddiası Katar'ı Karıştırdı...,https://www.zaytung.com/haberdetay.asp?newsid=369751,79
"Ekonomide Düşündüren Tablo: Sömestr Tatilini YouTube Videolarının Altına ''Boş yapma aq'' Yazarak Geçiren Oksijen İsrafı(14), Günde Ortalama 20 TL'lik Doğalgaz, 10 TL'lik Elektrik Tüketiyor...",https://www.zaytung.com/haberdetay.asp?newsid=369746,80
"İki Gündür Teyze Olmanın Sevincini Yaşayan Zeynep Arılar(27), Önümüzdeki 12-13 Yıl Maaşı Lego'ya Gömeceğinin Henüz Farkında Değil...",https://www.zaytung.com/haberdetay.asp?newsid=369704,80
"Çocuğun Mal Olduğundan Kuşku Duymayan Yören Ailesi, Teşekkür Belgesine Olan İnancını Kaybetmeye Başlıyor...",https://www.zaytung.com/haberdetay.asp?newsid=369672,80
Wikipedia'nın Erişime Açılmasının Ardından Telefonlarda Yüklü VPN Uygulamaları İçin Yeni Bahane Arayışları Sürüyor...,https://www.zaytung.com/haberdetay.asp?newsid=369600,80
"''Bekarlık Vergisi''nin Gerçek Olabileceğine İhtimal Veren Milyonlar, Maliye Bakanlığı'nı Heyecanlandırdı: ''Bunlar olmuş ya, dayayalım gitsin...''",https://www.zaytung.com/haberdetay.asp?newsid=369567,80
Türkiye'den İran'a Yardım Eli: Düşürülen Yolcu Uçağı Olayını Soruşturup Hiçbir İranlı Yetkilinin Sorumlu Olmadığı Sonucuna Varacak Savcı ve Bilirkişi Heyetimiz Tahran Yolcusu...,https://www.zaytung.com/haberdetay.asp?newsid=369501,80
"İran Turizm Bakanlığı, 2020 Yılı Turizm Gelirlerinde Bir Miktar Düşüş Beklendiğini Açıkladı...",https://www.zaytung.com/haberdetay.asp?newsid=369470,80
Görkem Sertaç Göçmen'i Yarım Kalan Cinayetini Tamamlaması İçin Tahliye Eden Mahkeme Heyeti: ''Herkes 2. bir şansı hak eder...'',https://www.zaytung.com/haberdetay.asp?newsid=369252,80
"Babasının Belediyeden Aldığı İhalelerle Vakıf Üniversitesinde Okuyan Berat Yusuf Murazlar(19), ''Öğrenciler aç, geçinemiyor'' Söylentilerinin Maksatlı Bir Provokasyon Olduğuna İnanıyor...",https://www.zaytung.com/haberdetay.asp?newsid=369221,80
"Cumhurbaşkanı Erdoğan'ın Talimatı Sonrası İtalya'nın Torino Kentindeki Yerleşkesinden Sökülen Milli Kredi Derecelendirme Kuruluşumuz ''Hürnot'', Türkiye'ye Doğru Yola Çıktı..",https://www.zaytung.com/haberdetay.asp?newsid=369220,81
"ABD-İran Krizine Temkinli Yaklaşan Dışişleri Bakanlığı, Türkiye'nin Maksimum Zarar Görebileceği Adımı Bu Kez Dikkatli Bir Şekilde Atmayı Planlıyor...",https://www.zaytung.com/haberdetay.asp?newsid=369162,81
"İran, Öldürülen Kasım Süleymani'nin Yerine Haftada Bir ''İsrail'i Haritadan Sileriz'' Açıklaması Yapacak Yeni İsmin En Kısa Sürede Atanacağını Açıkladı...",https://www.zaytung.com/haberdetay.asp?newsid=369140,81
"Takip Ettiği Herkesin Yılbaşını Kendisi Gibi Evde Mandalina Soyarak Geçirdiğini Fark Eden Ezgi Aycan(28), 2 Yıl Sonra Ekonomik Krizin İlk Faydasını Gördü...",https://www.zaytung.com/haberdetay.asp?newsid=369088,81
"Türkiye’den İthal Ettiği Tarım Ürünlerini Geri Gönderen Rusya’nın, Fazladan Tarım Ürünü Göndererek Gizli İhracat Yaptığı Ortaya Çıktı…",https://www.zaytung.com/haberdetay.asp?newsid=369085,81
Hükümetten Memur ve Emekliye Yılbaşı Müjdesi: ''Milli Piyango size de çıkabilir...'',https://www.zaytung.com/haberdetay.asp?newsid=368974,81
"İlk Elektrikli Otomobilini 2 Sene, İlk Hibrit Otomobilini 1 Sene Önce Üreten Uganda, Yerli Otomobil Tantanası Üretim Teknolojisini İncelemek Üzere Türkiye'ye Heyet Gönderiyor...",https://www.zaytung.com/haberdetay.asp?newsid=368915,81
"İBB'den Katılımcı Demokrasi Dersi: Önümüzdeki Günlerde Kar Yüzünden Trafiğin Felç Olacağı Noktalar, İstanbulluların Oylarıyla Belirlenecek...",https://www.zaytung.com/haberdetay.asp?newsid=368863,81
"Yerli Otomobili Büyük Bir Heyecanla Bekleyen Nizam Petekci (38), Öğrenci Akbili'ne Veda Etmeye Hazırlanıyor...",https://www.zaytung.com/haberdetay.asp?newsid=368786,81
"Türkiye İşverenler Sendikası, Yüksek Lisans Mezunu, İngilizce Bilen ve En Az 2 Yıl İş Tecrübeli Adaylara Teklif Edilecek ''İşinize Gelirse'' Ücretinin de Net 2334 TL'ye Çıkarıldığını Açıkladı...",https://www.zaytung.com/haberdetay.asp?newsid=368767,81
"Çevre ve Şehircilik Bakanlığı'ndan ''Kanal İstanbul yapılırsa İstanbul susuz kalacak'' İddialarına Yanıt: ''Ya Araplar alışık zaten, size ne oluyor?''",https://www.zaytung.com/haberdetay.asp?newsid=368679,82
"Şirketin Yılbaşı Çekilişinde İş Arkadaşına Çeyrek Milli Piyango Bileti Hediye Eden Egemen Turfan(29), Uykusuz 5. Gecesini de Geride Bırakmak Üzere...",https://www.zaytung.com/haberdetay.asp?newsid=368637,82
Bugüne Dek 30'dan Fazla Ülkeye ''Yerli ve Milli Otomobil'' Tasarlayan İtalyan Otomotiv Tasarım Devi Pininfarina’nın Bu Seneki Durağı Kocaeli/Gebze..,https://www.zaytung.com/haberdetay.asp?newsid=368595,82
"Yılbaşına Yalnız Girmeye Hazırlananlar Bir Kez Daha Kritik Virajda: ''Ailemle mi girsem daha az berbat hissederim, evde tek başıma mı?''",https://www.zaytung.com/haberdetay.asp?newsid=368473,82
"Osmanlı Hanedan Torunlarından, Şehzade Konseptli Sünnet Düğünleri ile Sultan Konseptli Kına Gecelerine Telif Davası Şoku...",https://www.zaytung.com/haberdetay.asp?newsid=368461,82
"Kar Yüzünden Yolları Kapanan Kars'a Bağlı Aydağar Beldesi, Dünya ile Tek Bağlantısı Olan A101 Şubesine Sıkı Sıkı Sarılıyor...",https://www.zaytung.com/haberdetay.asp?newsid=368443,82
"Yılbaşı Gecesini Finanse Etmek İçin 2 Hafta Önce Aldığı 60 Dolar, Murat Sünerli(26)'nın Son 3 Yıldır Yaptığı En Karlı Yatırım Olma Yolunda...",https://www.zaytung.com/haberdetay.asp?newsid=368419,82
"Sağlık Bakanlığı, Dizi Sektörünün Artan İhtiyacı Doğrultusunda İzleyici Garantili 16 Yeni Şehir Hastanesi İçin İhaleye Çıkıyor...",https://www.zaytung.com/haberdetay.asp?newsid=368379,82
TÜİK Yine Tartışmaların Odağında: İşsizlik Oranları Hesaplanırken Instagram Yoga ve Pilatesçilerinin de Çalışan Kesime Dahil Edildiği Ortaya Çıktı...,https://www.zaytung.com/haberdetay.asp?newsid=368311,82
"Simit Sarayı'nı Satın Alan Ziraat Bankası, Doğa Koleji'ni Kurtarmak İçin de Devrede: ''Çocuklar okuldan sonra bizim simitleri satsa...''",https://www.zaytung.com/haberdetay.asp?newsid=368268,82
"Hazine ve Maliye Bakanlığı, Kanal İstanbul Yapılacak Ümidiyle 12 Milyon TL'ye 44 Dönüm Arazi Kapatan Katar Kraliyet Ailesine ''Yalnız bize bi 80 milyar daha ateşlemeniz lazım'' Demenin Yolunu Arıyor...",https://www.zaytung.com/haberdetay.asp?newsid=368228,83
"İki Ay Sonra Yarısı Kapı Önüne Konacak Personel, Şirketin Yılbaşı Yemeğinde Doyasıya Eğlendi...",https://www.zaytung.com/haberdetay.asp?newsid=368154,83
463 Bin Türk Kullanıcının Kredi Kartı Bilgilerini Çalan Hacker Grubunda Sular Durulmuyor: ''Lan bunların hepsi takipte?!'',https://www.zaytung.com/haberdetay.asp?newsid=368086,83
"Cinsiyet Değiştirme Ameliyatıyla Erkek Olan İlkim Şahbaz, Artık Her Türlü İtliği Serseriliği Özgürce Yapabiliyor...",https://www.zaytung.com/haberdetay.asp?newsid=368017,83
2000 Doğumluların 20 Yaşına Girmek Üzere Olduğunu Yeni Fark Eden Mine Özgen(34)'e Birinin Çok Acil ''Aa ama hiç göstermiyosun'' Demesi Gerekiyor...,https://www.zaytung.com/haberdetay.asp?newsid=368004,83
"Cumhurbaşkanlığı Sistemiyle Birlikte Saray'daki Bir Bahçıvandan Daha Etkisiz Hale Gelen Milletvekilleri, Çakar Lambayla Hayata Tutunmaya Çalışıyor...",https://www.zaytung.com/haberdetay.asp?newsid=367923,83
"Kadın Cinayetlerini Durdurmada Başarısız Olan Twitter'a, Hükümetten Sert Tepki: ''İstifa da bir hizmettir...''",https://www.zaytung.com/haberdetay.asp?newsid=367912,83
"Spotify'in Ardından Kullanıcıların En Çok İzlediği Videoları Açıklamaya Hazırlanan YouTube: ''Yüreğiniz yetiyorsa bunu da paylaşın...""",https://www.zaytung.com/haberdetay.asp?newsid=367851,83
"Hafızasında Yeterince Gereksiz Ünlü Bilgisi Barındıran Mine Ezgit(30), Can Yaman'ın Kim Olduğunu Öğrenmemeye Kararlı...",https://www.zaytung.com/haberdetay.asp?newsid=367789,83
Veto Olayından Garip Bir Zevk Alan AKP'li ve MHP'li Vekiller Eli Yükseltiyor: Yavru Kedilerin İtlaf Edilmesi Yasa Tasarısı Meclis Gündeminde...,https://www.zaytung.com/haberdetay.asp?newsid=367784,83
"Black Friday'i En Çok Bebek Bezi ve Tuvalet Kağıdı Almak İçin Kullanan Türkiye, Kapitalizme Tutunma Çabasıyla İzleyenleri Duygulandırdı...",https://www.zaytung.com/haberdetay.asp?newsid=367707,84
Black Friday'i Fırsat Bilerek Enflasyon Hesaplaması Yapmak İçin Mağazalara Dalan 18 TÜİK Çalışanı Akıntıya Kapıldı. Arama Kurtarma Çalışmaları Sürüyor...,https://www.zaytung.com/haberdetay.asp?newsid=367666,84
"Meteoroloji Genel Müdürlüğü, Trendyol Reklamlarının Hafta Sonunda da Etkisini Sürdüreceğini Açıkladı: ''Mecbur kalmadıkça internete girmeyin...''",https://www.zaytung.com/haberdetay.asp?newsid=367621,84
"4 Gün Boyunca %30 İndirim Yapılacağı Öğrenilen A101 Şubesi, Mahalleli Tarafından Abluka Altına Alındı...",https://www.zaytung.com/haberdetay.asp?newsid=367541,84
"Rapor: Ofisteki En Yüksek Performansla Çalışan Personel, Alışveriş Sitelerinden Alınan Ürünleri Getiren Kargocu Çocuk...",https://www.zaytung.com/haberdetay.asp?newsid=367532,84
"Geçim Sıkıntısı ve İşsizlik Nedeniyle Yaşamına Son Vermeyi Düşünen Y.Z(27), ''Saray'a Giden CHP'li'' Konusu Çözülene Kadar Beklemeye Karar Verdi: ''Sonucu inanılmaz merak ediyorum...''",https://www.zaytung.com/haberdetay.asp?newsid=367453,84
"MEB, 24 Kasım'da 1 Günlüğüne Öğretmen Muamelesi Yapılan Sözleşmeli Öğretmenlerin Fazla Havaya Girmemesi İçin Önümüzdeki Hafta ''İntibak Mobbingi'' Uygulanacağını Açıkladı...",https://www.zaytung.com/haberdetay.asp?newsid=367444,84
"İki Saat Önce Atılan Story'e Herkes Baktı, Bir O Bakmadı. Umutlar Sabaha Taşınıyor...",https://www.zaytung.com/haberdetay.asp?newsid=367393,84
"Akciğer Kanseri Olmak İçin 2.5 Yıl Daha Sigaraya Para Vermesine Gerek Kalmayan Elbistanlılar, Termik Santralin Filtresiz Olarak Çalışmaya Devam Etmesinden Memnun...",https://www.zaytung.com/haberdetay.asp?newsid=367383,84
"Enerji Bakanlığı, Mevsim Normallerinin Üzerinde Seyreden Hava Sıcaklıklarının Kasım Ayı Faturalarına ''Küresel Isınma Hizmet Bedeli'' Olarak Yansıtılacağını Açıkladı...",https://www.zaytung.com/haberdetay.asp?newsid=367309,84
"Hem Tekel Bayi Hem Vergi Dairesi Olarak Çalışacak Olan İlk İşletme “Black Tekel & Vergi Shop” Pilot İl Denizli’de Hizmete Girdi. Amaç, Aradaki Vakit Kaybını Önlemek...",https://www.zaytung.com/haberdetay.asp?newsid=367246,85
"Pınar Aytanlı(28), Bebeğe Takılan Tek Taşla Kendi Parmağındakini Karşılaştırma Çalışmalarında 48 Saati Geride Bıraktı. Sonuç Üzücü...",https://www.zaytung.com/haberdetay.asp?newsid=367176,85
"Gümüşhane Valiliği, 12.000 Yıllık Dipsiz Göl'ün 12.001 Yıl Önceki Haline Başarıyla Geri Döndürüldüğünü Açıkladı...",https://www.zaytung.com/haberdetay.asp?newsid=367102,85
"Üniversite Mezunu İşsiz Oğullarının 3.600 TL GSS, 12.000 TL KYK Borcu Olduğunu Öğrenen Aile, Minik Yavruya Yeni Bir Yuva Arıyor...",https://www.zaytung.com/haberdetay.asp?newsid=367049,85
Konaklama Vergisinde Yeni Gelişme: Yatılı Misafirler İçin Ev Sahiplerinden de Vergi Alınacak...,https://www.zaytung.com/haberdetay.asp?newsid=367045,85
Hazine ve Maliye Bakanlığı Vergi Gelirlerini Bir Şekilde Artırmakta Kararlı: İçki ve Sigaranın Aslında O Kadar da Fena Şeyler Olmadığını Anlatan Kamu Spotları Hazırlanıyor...,https://www.zaytung.com/haberdetay.asp?newsid=366976,85
Rahat Kumar Oynamak İçin Adana'da Kurulan Değişen Türkiye Partisi'nin (DTP) Kıbrıs Kampında Bilanço Ağır: 450 Bin TL Borç,https://www.zaytung.com/haberdetay.asp?newsid=366971,85
"Türkiye ile Yunanistan Arasındaki Tampon Bölgede Kalan IŞİD'li, Özerkliğini İlan Etti...",https://www.zaytung.com/haberdetay.asp?newsid=366899,85
45 TL İndirimle Dikiz Aynası Almaya Çalışan Murat Yüren(32) ve n11.Com Sunucuları Arasındaki Mücadelede 4. Saat de Geride Kaldı. Golsüz Eşitlik Sürüyor...,https://www.zaytung.com/haberdetay.asp?newsid=366876,85
Türkiye'nin Ekonomik Durumuyla İlgili Herhangi Bir Soru İşaretine Neden Olmadan Eceliyle Vefat Eden İsmail Dersun(76)'a Bakanlık'tan Teşekkür Plaketi: ''Algı operasyonlarına en güzel yanıtı vermiştir...'',https://www.zaytung.com/haberdetay.asp?newsid=366846,85
"1 Haftadır Alışveriş Sitelerinin Kampanya Bildirimlerine Maruz Kalan Merve Araz(26), Kredi Kartında 46 TL Kaldığını Anlatmanın Uygun Bir Yolunu Arıyor...",https://www.zaytung.com/haberdetay.asp?newsid=366783,86
"Ispanağın Yenilecek Bir Şey Olmadığını 5 Yıldır Anlatmaya Çalışan Arda Baytek(7), En Azından Bir ''Özür dileriz'' Bekliyor...",https://www.zaytung.com/haberdetay.asp?newsid=366633,86
"Türkiye'de Enflasyonun Yüzde 8 Oranında Yaşandığı Tek Yer Olan TÜİK Binası, Meraklı Ziyaretçilerin Akınına Uğruyor...",https://www.zaytung.com/haberdetay.asp?newsid=366577,86
"Hazine ve Maliye Bakanlığı, Herhangi Bir Ürün Almaya Gerek Kalmadan ÖTV Ödeme İmkanı Sunan Yeni Vergi Paketini Tanıttı...",https://www.zaytung.com/haberdetay.asp?newsid=366520,86
Endişelendiren Rapor: Türkiye’de Genç Kızların Kendini Ünlü Zannetme Sınırı 500 Takipçinin Altına Düştü...,https://www.zaytung.com/haberdetay.asp?newsid=366454,86
"Ofiste 7 Ayrı WhatsApp Grubuna Dahil Olan Bilge Umak(27), Kimin Gıybetini Hangi Grupta Yaptığını Aklında Tutmak İçin Yoğun Çaba Sarfediyor...",https://www.zaytung.com/haberdetay.asp?newsid=366426,86
"AK Parti, Suriyelileri Güvenli Bölgeye Taşınmaya İkna Etmek İçin Başlatılan ''Valla bu Türkiye'de yaşanmaz abicim'' Kampanyasından Umutlu...",https://www.zaytung.com/haberdetay.asp?newsid=366381,86
"2. El Araba Fiyatına Cep Telefonu Alan Mert Yücek(26), Mantıklı Bir Tercih Yaptığına Kendini İkna Etmeye Çalışıyor: ""Abi bi defa 3 tane kamerası var...""",https://www.zaytung.com/haberdetay.asp?newsid=366359,86
"Hafta İçine Denk Gelen Bayram Tatili, Onur Özbun(39)'un Son 32 Yıldır En İstikrarlı Mutluluk Kaynağı...",https://www.zaytung.com/haberdetay.asp?newsid=366296,86
Meteoroloji'den Müjde: ''Parasızlıktan dışarı çıkamayışınıza estetik bir görünüm katacak enfes soğuk ve yağışlı hava kütlesi geliyor...'',https://www.zaytung.com/haberdetay.asp?newsid=366205,86
"Apple, Üzerine TikTok Kurulduğu Tespit Edilen 117.000 iPhone 11'i Geri Çağırıyor...",https://www.zaytung.com/haberdetay.asp?newsid=366162,87
"Türkiye, 8 Yıl Önce Esad'ı Devirmek İçin Başlayan Suriye Macerasında Ne Ara ''Esad ülkede kontrolü sağlasa da şu 4 milyon kişiyi geri alsa'' Noktasına Geldiğini Anlamaya Çalışıyor...",https://www.zaytung.com/haberdetay.asp?newsid=366151,87
"Ulaştırma Bakanı Turhan'dan Haydarpaşa ve Sirkeci Açıklaması: ''Şu yüzüme bir bakın. Hiç sudan bahanelerle İBB'yi eleyip, ihaleyi yandaş firmaya verdirecek kindar AKP'li Bakan tipi var mı?''",https://www.zaytung.com/haberdetay.asp?newsid=366102,87
Bir Pazar Gecesi Daha O Soruya Yanıt Arayarak Geçiyor: ''Hafta sonu 250 TL'yi nerede harcadım lan ben?'',https://www.zaytung.com/haberdetay.asp?newsid=366071,87
"Maliye Bakanlığı, Her Gün İki Paket Sigara İçip Bir 70’lik Deviren Şans Oyunları Tutkunu Halil Kuru’ya Sosyal Devlet Anlayışı Çerçevesinde Teşekkür Ziyareti Gerçekleştirdi..",https://www.zaytung.com/haberdetay.asp?newsid=366070,87
"''X yaparken ben'' Kalıbının Telif Haklarının Alınmasının Ardından, 2 Milyar İnternet Kullanıcısı Artık Komik Olamama Tehdidiyle Karşı Karşıya...",https://www.zaytung.com/haberdetay.asp?newsid=366040,87
"Altunizade Metrobüs Durağı’nın Meclis Gündemine Taşınması, Meclis Gündeminde İzdihama Neden Oldu..",https://www.zaytung.com/haberdetay.asp?newsid=365989,87
"Ateşkes Kararı ve Yeni Yaptırım Uygulanmayacağının Açıklanmasıyla Birlikte Rahatlayan Cumhurbaşkanı Erdoğan, Mektup Yazmak İçin Masasının Başına Geçti: ''Sensin lan fool!''",https://www.zaytung.com/haberdetay.asp?newsid=365970,87
Suriye Ordusu Ülkenin Kuzeyindeki Şehirleri Tek Mermi Atmadan Geri Alabilsin Diye Tüm Dünyayı Karşısına Alarak Askeri Operasyon Düzenleyen Türkiye'ye Beşar Esad'dan Teşekkür Mesajı: ''Mahcup ediyorsunuz...'',https://www.zaytung.com/haberdetay.asp?newsid=365894,87
"Ekonomik Yaptırımların Mevcut Durumda Pek Bir Şey Değiştirmeyeceğini Fark Eden ABD Hazine Bakanlığı, Öncelikle Türkiye'ye Mali Yardım Kararı Aldı...",https://www.zaytung.com/haberdetay.asp?newsid=365825,87
"Farklı Bir Belediye Başkanına Oy Verecekler Diye Daha 3 Ay Önce Türkiye'nin Yarısından Fazlasını Vatan Haini ve Terörist İlan Eden Ak Troll, Size Vatan Sevgisi ve Milli Birlik Konusunda Ders Vermeye Hazırlanıyor...",https://www.zaytung.com/haberdetay.asp?newsid=365760,88
"Beş Yıldır AB'yle Yaşanan Her Krizde Avrupa'ya Gönderilme Müjdesi Alan Suriyeli Mülteciler, Artık Umutlarını Yitirmeye Başlıyor...",https://www.zaytung.com/haberdetay.asp?newsid=365731,88
Instagram'da ''Takip'' Sekmesinin Kaldırılmasıyla Birlikte Takipçi Sayısı 124 Milyon'dan 219'a Düşen National Geographic: ''Lan hepiniz mi bizi paravan olarak kullanıyordunuz?!'',https://www.zaytung.com/haberdetay.asp?newsid=365668,88
Trump'ın Türkiye Ekonomisinde Tam Olarak Neyi Bitireceğini Araştırma Komisyonu Çalışmalarına Başladı...,https://www.zaytung.com/haberdetay.asp?newsid=365624,88
Sosyal Medya Hesaplarının Başına AV. Yazmadığı Tespit Edilen Genç Avukata Barodan İhraç Şoku...,https://www.zaytung.com/haberdetay.asp?newsid=365607,88
Zor Durumdaki İnşaat Firmalarını Kurtarmak İçin Son Olarak Köprü Geçişine de Yüzde 20 Daha Fazla Ödemesi İstenen Murat Cümenli: ''Lan bari Ferrari'ye bi tur bineyim!'',https://www.zaytung.com/haberdetay.asp?newsid=365601,88
"Maaşı Yine Gratis İndirimine Gömen Gizem Aycan(28), Mecbur Kalması Durumunda Yiyebileceği Makyaj Malzemelerinin Listesini Çıkarmaya Başladı...",https://www.zaytung.com/haberdetay.asp?newsid=365579,88
Ulusal Psikiyatri Kongresi'nde Tarihi Karar: Evdeki 3. Kedi Artık Resmi Olarak Delirme Eşiği...,https://www.zaytung.com/haberdetay.asp?newsid=365529,88
"Son 14 Maçta 1 Galibiyet Elde Edebilen Abdullah Avcı’nın Antrenörlüğünü Sorgularken Taşa Dönüşen Beşiktaş Taraftarı, Sevenlerini Yasa Boğdu...",https://www.zaytung.com/haberdetay.asp?newsid=365511,88
"IMF'den Sevindiren Rapor: Her Zam Haberinin Ardından Sosyal Medyada Esprilerin Havalarda Uçuştuğu Türkiye, En Neşeli Fakirleşen Ülke...",https://www.zaytung.com/haberdetay.asp?newsid=365437,88
"Açıkladığı Ekonomi Paketleri İnternette Mizah Malzemesi Olma Özelliğini de Yitiren Bakan Albayrak, Eski Hevesinden Uzakta: ''Ya hepsine yüzde 5 yazın işte...''",https://www.zaytung.com/haberdetay.asp?newsid=365369,89
"Yerel Seçimlerdi, Yaz Tatiliydi Derken Bir Türlü Dinlenme Fırsatı Bulamayan 27. Dönem Milletvekilleri, Yarın Başlayacak Yeni Yasama Yılını İple Çekiyor..",https://www.zaytung.com/haberdetay.asp?newsid=365291,89
AK Parti'den Rahatlatan Açıklama: ''Büyük İstanbul depremi gerçekleşmeden önce Ekrem İmamoğlu'nun başkanlığını hazmedebilmeyi umuyoruz...'',https://www.zaytung.com/haberdetay.asp?newsid=365241,89
"İstanbul Valiliği, Şehirde 10.000 Toplanma Alanı Bulunduğu Konusunda Israrlı: ''Biraz az yeseniz sığarsınız aslında şuraya...''",https://www.zaytung.com/haberdetay.asp?newsid=365186,89
Türk Telekom'dan Sert Açıklama: ''Şu telefonu bi bırakın artık ya! Yüz yüze sohbet etmeyi unuttuk!'',https://www.zaytung.com/haberdetay.asp?newsid=365141,89
"İçişleri Bakanlığı, 200.000 Polisin Katılımıyla Ülke Genelindeki Tüm Evlerde Sigara Kontrolü Yapılacağını Açıkladı...",https://www.zaytung.com/haberdetay.asp?newsid=365037,89
"Türkiye’nin de Aralarında Olduğu 5 Ülkeyi ''Rüyalarımı çaldınız'' Sözleriyle Suçlayan İklim Aktivisti Greta'ya Yanıt Cumhurbaşkanı Erdoğan’dan Geldi: ''Çalmadık, BMC’ye kiralamak suretiyle...''",https://www.zaytung.com/haberdetay.asp?newsid=364948,89
"Yargıda Reform Paketinin Ayrıntıları Netleşiyor: Her Hafta Kurayla Belirlenecek Bir Mahkeme, Tamamen Bağımsız Olarak Hukuka Uygun Kararlar Verecek...",https://www.zaytung.com/haberdetay.asp?newsid=364885,89
"3,5 Yıllık Meslek Hayatına Tamamı Ölümlü 5 Tren Kazası Sığdırmayı Başaran TCDD Genel Müdürü İsa Apaydın'dan 2 Ölümlü Buruk Veda..",https://www.zaytung.com/haberdetay.asp?newsid=364823,89
"Çocukları Henüz Yurt Dışına Kapağı Atamayan Yazılımcı Aileleri, Almanya Büyükelçiliği Önünde Oturma Eylemi Başlattı...",https://www.zaytung.com/haberdetay.asp?newsid=364741,89
Cumhurbaşkanlığı'ndan Tasarruf Hamlesi: Filodaki Makam Araçlarının Yakıt İhtiyacını Karşılamak İçin Beştepe'deki Sarayın Bahçesine Petrol Sondajı Vurulacak...,https://www.zaytung.com/haberdetay.asp?newsid=364641,90
"BEDAŞ'tan Gülümseten Kampanya: Bir Sonraki Ay Elektrik Faturasının Ne Kadar Artacağını Doğru Tahmin Et, iPhone 11 Çekilişine Katılma Hakkı Kazan!",https://www.zaytung.com/haberdetay.asp?newsid=364614,90
"DevRap Türkiye 2019 Yarı Finalinde Şanışer'i Saf Dışı Bırakan MHP Lideri Devlet Bahçeli, Finalde Grogi'yi Deviren Son Şampiyon Hidra İle Karşılaşacak...",https://www.zaytung.com/haberdetay.asp?newsid=364571,90
"Fake Hospital, Kansere Çare Bulduğunu Açıkladı...",https://www.zaytung.com/haberdetay.asp?newsid=364560,90
"TÜİK, Aşk Acısı Çekebilmek İçin Gereken Minimum Harcama Tutarının Kişi Başına Aylık 3800 TL'ye Yükseldiğini Açıkladı...",https://www.zaytung.com/haberdetay.asp?newsid=364522,90
"Yurt Dışına Taşınan Kalburüstü Beyaz Yakalılar, Aslında Fakir Olduklarını Fark Etmenin Şokunu Yaşıyor...",https://www.zaytung.com/haberdetay.asp?newsid=364517,90
"iPhone 11 Modeli İçin Türkiye'den Şu Ana Dek Toplam 7 Adet Sipariş Alan Apple, Geçen Yıl Başlatılan Boykotun Hala Devam Ettiğini Düşünüyor...",https://www.zaytung.com/haberdetay.asp?newsid=364466,90
Annesi Tarafından Yapılan ''Okulun İlk Günü'' Paylaşımı 19 Beğenide Kalan Eda Bulancı(8) Sezona Yine Hezimetle Başladı. Karşılıklı Sert Suçlamalar...,https://www.zaytung.com/haberdetay.asp?newsid=364442,90
Yaz Boyunca Torunlara Bedava Göz Kulak Olup Aile Bütçesine Binlerce Lira Tasarruf Sağlayan Kayınvalidelere Okullar Açılır Açılmaz Büyük Vefasızlık..,https://www.zaytung.com/haberdetay.asp?newsid=364419,90
Vatandaşa Hizmet İçin Yanıp Tutuşan Belediyelerin Tercihi Renault'nun Türkiye'ye Özel Tasarladığı Yeni Kasa Clio Doctor Görücüye Çıktı..,https://www.zaytung.com/haberdetay.asp?newsid=364410,90
AK Parti’nin Kendilerine Seçim Kaybettiren Herkesi Sırayla Hapse Attırması Binali Yıldırım Cephesinde Endişe Yarattı: “Lan gülüyoruz mülüyoruz da...'',https://www.zaytung.com/haberdetay.asp?newsid=364370,91
"İmamoğlu'nun Kiralık Araçlar Hamlesine CHP İstanbul İl Başkanı'nı Rehin Alarak Yanıt Veren AK Parti: ''Arabaları verin, kadını alın...''",https://www.zaytung.com/haberdetay.asp?newsid=364325,91
"İBB ve Renault-Mais Türkiye İşbirliğiyle Düzenlenen ''Vergilerle Kiralık Saltanat'' Sergisi, Yenikapı'da Ziyaretçilerini Bekliyor...",https://www.zaytung.com/haberdetay.asp?newsid=364247,91
''Müşterisinden En Çok Küfür Yiyen Şirket'' Ünvanını Geçtiğimiz Hafta Sonu İddaa’ya kaptıran Türk Telekom’da Sular Durulmuyor…,https://www.zaytung.com/haberdetay.asp?newsid=364187,91
"Öğretim Yılı Öncesi Seminer Programına Katılan Öğretmenlere, ''Çocuğunuz süzme mal'' Yerine Kurabilecekleri Yeni Cümleler Tanıtıldı...",https://www.zaytung.com/haberdetay.asp?newsid=364167,91
"Çocuklarına Miras Olarak Moda'da Boş Park Yeri Bırakan Suat Dumanlı, Ölümünün 10. Yıl Dönümünde Mezarı Başında Dualarla Anıldı...",https://www.zaytung.com/haberdetay.asp?newsid=364123,91
"Gece Yarısı Acil Koduyla Toplanan Vezüv Soba A.Ş Yönetim Kurulu, 20 Yıl Aradan Sonra Tekrar Seri Üretime Geçme Kararı Aldı...",https://www.zaytung.com/haberdetay.asp?newsid=364043,91
Küçük Ege'den Göz Yaşartan Fedakarlık: ''Okul masraflarım fazla olacaksa bu sene hiç başlamayayım diyorum ben...'',https://www.zaytung.com/haberdetay.asp?newsid=363973,91
"Yaz Başından Beri Dizleri Sürekli Farklı Bir Su Birikintisinin Kenarında Görünen Simge Çağıl'ın Mal Varlığını Araştırma Komisyonu, İlk Toplantısını WhatsApp'ta Gerçekleştirdi...",https://www.zaytung.com/haberdetay.asp?newsid=363963,91
İşe Döner Dönmez İBB'nin AKP'li Vakıflara Yaptığı 357 Milyon TL'lik Yardıma Son Veren İmamoğlu'na Aile Bakanı'ndan Sert Tepki: ''Niye ailesiyle birlikte uzun uzun tatil yapmıyor? Bu nasıl babalık?'',https://www.zaytung.com/haberdetay.asp?newsid=363927,91
Dolar'ın Ortada Herhangi Bir Sebep Yokken de Aniden Yükselip Düşebildiğini Fark Eden Hükümette Soru İşaretleri: ''E biz o rahibi boşuna mı verdik şimdi?'',https://www.zaytung.com/haberdetay.asp?newsid=363866,92
"Bir Kadını Daha Cinayete Kurban Veren Türkiye, Delikanlılık, Töre ve Ölümüne Sevda Temalı 50 Kadar Mal Yerli Diziyle Acısını Unutmaya Çalışacak...",https://www.zaytung.com/haberdetay.asp?newsid=363823,92
"Trafikte Tartıştığı Bir Erkek Tarafından Vahşice Öldürülen Kadın Sürücü, Suudi Arabistan'da Kadınlara Araba Kullanma Hakkı Veren Yasayı Tartışmaya Açtı: ''E bu kadar fazla hak verince haliyle erkekler sinirleniyor...''",https://www.zaytung.com/haberdetay.asp?newsid=363803,92
Orman Bakanlığı ile THK Arasındaki ''Uçaklar uçuyordu uçmuyordu'' Polemiğine Son Vermek Amacıyla Muğla'da 20 Hektar Ormanlık Alan Ateşe Verilecek...,https://www.zaytung.com/haberdetay.asp?newsid=363758,92
"Çalışır Durumdaki Tek Uçağı Kurban Derisi Toplamada Kullanılan Türk Hava Kurumu, Yangına 300 Küçükbaş Hayvanla Müdahale Etti...",https://www.zaytung.com/haberdetay.asp?newsid=363676,92
"2013 Ruhunu Yeniden Yakalamak İsteyen AK Parti, Türk Siyasetinin Sergen Yalçın’ı Olarak Kabul Edilen “Makara” Lakaplı Eski Yıldızıyla Yeniden Anlaştı...",https://www.zaytung.com/haberdetay.asp?newsid=363649,92
Zengin Arap Turistlerin Hem Tatil Hem Bal Yapabilecekleri ''Giant Bee Resort Bodrum'' Projesi’nde Sona Gelindi..,https://www.zaytung.com/haberdetay.asp?newsid=363577,92
"Bodrum Kaymakamlığı, Bayram Tatili Bitmesine Rağmen İlçenin Çeşitli Yerlerinde Gizlenmeye Devam Eden 20 Bin İstanbullu'yu Sınır Dışı Etti...",https://www.zaytung.com/haberdetay.asp?newsid=363545,92
Üç Yıllık Arayışın Sonunda İş Bulmayı Başaran Taner Buyar(26)'dan Sosyal Medya Linç Ekibindeki 4 Milyon Çalışma Arkadaşına Hüzünlü Veda...,https://www.zaytung.com/haberdetay.asp?newsid=363488,92
"İlk Bayramlarında Karşı Tarafın Bütün Genetik Çöplükleriyle Tanışma Fırsatı Bulan Yeni Evli Çift, Çocuk Yapma Fikrine Daha Temkinli Yaklaşıyor...",https://www.zaytung.com/haberdetay.asp?newsid=363428,92
"Misafirlerin Karşısına Çıkmak İçin Yeterince Başarılı Hissetmeyen Emir Gücek(27), Bir Bayramı Daha Odasında Varoluşu Sorgulayarak Geçiriyor...",https://www.zaytung.com/haberdetay.asp?newsid=363387,93
Hesabı Ödediği İçin Kendini Mekanın Sahibi Sanan Görgüsüz Turistler ve ''3 Ayda Ne Kadar Geçirebilirsem Kardır'' Yanlısı Esnaf Arasındaki Şiddetli Çatışmalar Sürüyor. Bilanço Ağır...,https://www.zaytung.com/haberdetay.asp?newsid=363360,93
"Çevre ve Şehircilik Bakanlığı, ''İstanbul Bomboş'' Fotoğrafları Sayesinde Tespit Edilen Yeşil Alanların İmara Açılması İçin Düğmeye Bastı...",https://www.zaytung.com/haberdetay.asp?newsid=363332,93
Tek Başına Girdiği Milli Piyango İhalesini Çetin Geçen Bir Mücadele Sonrası Ziraat Bankası-Demirören Ortak Girişim Grubu Kazandı...,https://www.zaytung.com/haberdetay.asp?newsid=363303,93
Esad'tan ABD ile Anlaşmaya Tepki: ''Türkiye girmesin de kim girerse girsin...'',https://www.zaytung.com/haberdetay.asp?newsid=363249,93
"Depremle Eş Zamanlı Olarak Sosyal Medyada ''Sallanıyoruz!'' Paylaşımı Yapanlar Arasında 1. Gelen Gökhan Sarız(27), Plaketini Denizli Valisi'nden Aldı...",https://www.zaytung.com/haberdetay.asp?newsid=363233,93
İş Bulamayacağını Bildiği Halde İnşaat Mühendisliği ve Mimarlık Bölümlerini Tercih Eden Toplam 187 Öğrencinin Emniyetteki Sorgusu Sürüyor: ''Maksadınız ne?'',https://www.zaytung.com/haberdetay.asp?newsid=363188,93
"Kullanmayacağı Halde Parasını Ödeyeceği Otoyol, Köprü ve Hastanelerin Sayısı 16'ya Çıkan Murat Büyürcük(37), Otoyolların Bir Kısmını Elden Çıkarmayı Düşünüyor...",https://www.zaytung.com/haberdetay.asp?newsid=363109,93
Yapılan Son Vergi Zammının Ardından Sigara Şirketlerinden Hükümete Sert Tepki: ''Lan bi müsade edin bir kere de biz zam yapalım...'',https://www.zaytung.com/haberdetay.asp?newsid=363022,93
"Birkaç Yüz Milyon Dolarlık Yatırımla On Binlerce Ağacı Kesip 4 Milyar Dolarlık Altın Çıkarma Hakkı Kazanan Alamos Gold, Anlaşmanın Fazla İyi Olmasından Kıllanmaya Başladı: ''Kesin bir pislik var...''",https://www.zaytung.com/haberdetay.asp?newsid=362987,93
Son Olarak Netflix ve BluTV'yi de Denetimi Altına Alan RTÜK'te Sıradaki Hedef Instagram Story'leri...,https://www.zaytung.com/haberdetay.asp?newsid=362954,94
Doğalgaza Yapılan %15'lik Zamla Birlikte Eylül'de Enflasyonun Tek Haneye Düşeceği Kesinlik Kazandı...,https://www.zaytung.com/haberdetay.asp?newsid=362918,94
"Yaz Tatilini Memleketinde Geçiren Bir Üniversite Öğrencisi Daha, Aşırı Miktarda Anne Dizisinden Zehirlenerek Hastaneye Kaldırıldı...",https://www.zaytung.com/haberdetay.asp?newsid=362908,94
"Gündemdeki Rap Atışmaları Sayesinde YouTube Yorumcusu Ergenleriyle Bir Kez Daha Yüzleşen Türkiye, Bunca Gerzeğe Okuma-Yazma Öğretmeyi Başaran Milli Eğitim Camiasına Minnettar...",https://www.zaytung.com/haberdetay.asp?newsid=362865,94
"Konut Fizibilitesinde Amortisman Süresi Yine 30 Yıl Çıkan İnşaat Firması Sahibi, Piyasayı Cimer'e Şikayet Etti...",https://www.zaytung.com/haberdetay.asp?newsid=362839,94
"Oğlunu, Gelinini, Bacanağını ve Şoförünü Belediyede Müdür Olarak İşe Alan CHP'li Belediye Başkanı Geri Adım Atmıyor: ''Anketler oylarımın daha da yükseldiğini gösteriyor...''",https://www.zaytung.com/haberdetay.asp?newsid=362812,94
Tekerlerli Sandalye Bağışlamak İsterken Yanlışlıkla Elektrikli Sandalye Bağışlayan İş Adamı Üzgün...,https://www.zaytung.com/haberdetay.asp?newsid=362770,94
"Instagram, Beğenileri Saklama Özelliğini Fareler Üzerinde Test Etmeye Başladı. İlk Gelen Sonuçlar Kaygı Verici...",https://www.zaytung.com/haberdetay.asp?newsid=362766,94
"Ülkede Basın Açıklaması ve Protesto Eylemi Yapmasına İzin Verilen Tek Grup Olan Suriyeli Mültecilerden Türklere Yardım Eli: ''Bir sıkıntınız varsa bize iletin, duyurulması konusunda yardımcı oluruz...''",https://www.zaytung.com/haberdetay.asp?newsid=362731,94
"İki Çocuklarıyla Birlikte Tatile Çıkan Günerler Çifti, Bir An Önce İşe Dönüp Kafa Dinlemek İçin Gün Sayıyor...",https://www.zaytung.com/haberdetay.asp?newsid=362666,94
"Üç Günlüğüne Gideceği Tatil Yeri Hakkında Üç Aydır İnternette Araştırma Yapan Hande Yüceza(28), Daha Görmeden Şehirden Sıkıldı...",https://www.zaytung.com/haberdetay.asp?newsid=362628,95
"Erdoğan’dan Abdullah Gül, Ali Babacan ve Ahmet Davutoğlu’na Cazip Teklif: ''Gelin size güzel bi kebapçı açalım...''",https://www.zaytung.com/haberdetay.asp?newsid=362591,95
"Dayısının Oğlunu Hiçbir İşe Sokamayan AK Parti Milletvekili, Meclis Bahçesinde Üzerine Benzin Dökerek Kendini Yaktı..",https://www.zaytung.com/haberdetay.asp?newsid=362589,95
Tekirdağ’da Ev Yapımı Sahte iPhone’dan Zehirlenen Üç Kişi Hastaneye Kaldırıldı...,https://www.zaytung.com/haberdetay.asp?newsid=362587,95
"Ücretsiz İstanbulkartı'yla 2 Yıl Önce Zeytinburnu-Pendik Otobüsüne Binen A.D(69), Başarılı Bir Operasyonla Yapıştığı Koltuktan Ayrıldı...",https://www.zaytung.com/haberdetay.asp?newsid=362517,95
"Üniversite Sınavında Yüksek Puan Alan Genç, Kritik Karar Aşamasında: ''Doktor olup devlette mi sürünsem, mühendis olup özel sektörde mi sürünsem?''",https://www.zaytung.com/haberdetay.asp?newsid=362510,95
Bu Yaz Düğünlerde 12 Adet Çeyrek Altın Taktığını Ağzından Kaçıran Devlet Memuru Hakkında Zimmet Soruşturması Başlatıldı,https://www.zaytung.com/haberdetay.asp?newsid=362499,95
"Yurt Dışından Yapılan Instagram Paylaşımlarına ÖTV Getiren Düzenleme, Tepkilere Yol Açtı",https://www.zaytung.com/haberdetay.asp?newsid=362444,95
Şişelere Tekme Atılmasına Daha Fazla Tahammülü Kalmayan Sırma’dan Basın Açıklaması: “O kapağı açmanın daha medeni yöntemleri olmalı...”,https://www.zaytung.com/haberdetay.asp?newsid=362438,95
İmamoğlu'ndan Esenler Otogarı Müjdesi: Nükleer Felaket ve Zombi Filmleri İçin Doğal Plato Olarak Hizmet Verecek...,https://www.zaytung.com/haberdetay.asp?newsid=362421,95
"F-35 Meselesini ''Abi bizim o kadar uçağa verecek paramız yokmuş'' Demesine Gerek Kalmadan Çözen Türkiye, Uluslararası Arenada Dik Duruşunu Korumanın Sevincini Yaşıyor...",https://www.zaytung.com/haberdetay.asp?newsid=362382,96
"Özel Beybihan Üniversitesi, Öğrencilere Diledikleri Kampüse Giriş İmkanı Sunan ''Sahte Kimlik'' Uygulamasıyla ''Tercih Yarışında Ben de Varım'' Diyor...",https://www.zaytung.com/haberdetay.asp?newsid=362373,96
Eğlenmek İçin Başlayan Bir FaceApp'le Kendini Yaşlandırma Denemesi Daha Google'da Botoks ve Estetik Fiyatlarının Araştırılmasıyla Devam Ediyor...,https://www.zaytung.com/haberdetay.asp?newsid=362330,96
"Ekonomik Kriz Bahanesi Bir Yılda Rahip'ten Füzeye Yükselen Türkiye, Yakaladığı İvmeyle Hayranlık Uyandırıyor",https://www.zaytung.com/haberdetay.asp?newsid=362290,96
"Arabasını Her Yıkadığında İstanbul'a Yağmur Yağan Fatih Yunak(32), Özel Güçlerini Anadolu'da Tarımı Canlandırmak İçin Kullanacak...",https://www.zaytung.com/haberdetay.asp?newsid=362258,96
Adalet Bakanlığı'ndan Pucca'ya 7 Yıl Hapis Cezası Açıklaması: ''Muhalif olduğu için verdik diyecek halimiz yok. Tweet'ten daha iyi bir bahane bulabilen varsa buyursun...'',https://www.zaytung.com/haberdetay.asp?newsid=362206,96
"Bosna Hersek’ten Cumhurbaşkanı Erdoğan’ın Uçağıyla Dönen Ahmet Hakan, Ayağının Tozuyla “Dönmek Üzerine İkinci Manifesto”sunu Yayınladı..",https://www.zaytung.com/haberdetay.asp?newsid=362153,96
Ekonomide Umut Veren Gelişme: Şeyma Subaşı'nın Kitabına Sallayarak Prim Yapma Sektörü 2 Milyon Dolarlık Hacme Ulaştı...,https://www.zaytung.com/haberdetay.asp?newsid=362130,96
Mansur Yavaş'tan ODTÜ Rektörü'ne Son Teklif: ''200 tane de plastik çam ağacı verelim. Kafanıza göre kesersiniz...'',https://www.zaytung.com/haberdetay.asp?newsid=362099,96
Yargıda Önemli Reform: Tutukluluk Kararı Çıkması İçin Olayın Trending Topic'de Kalması Gereken Süre 24 Saatten 12 Saate İniyor...,https://www.zaytung.com/haberdetay.asp?newsid=362063,96
Görevden Alınan Merkez Bankası Başkanı Murat Çetinkaya'nın Kendi Hikayesini Anlattığı Kitabı ''Sadece Murat'' Yoğun İlgi Görüyor..,https://www.zaytung.com/haberdetay.asp?newsid=361992,97
Merkez Bankası Başkanı'nı Görevden Alan Cumhurbaşkanı Erdoğan: ''Damadı görevden alıp evde huzuru mu kaçırsaydım?'',https://www.zaytung.com/haberdetay.asp?newsid=361978,97
"Dubai Emiri El-Maktum, İngiltere’ye Kaçan Eşine Seslendi: ''Bi ara bizim İstanbul'daki konsolosluğa uğra da şu boşanma işlerini halledelim... Bitanem...''",https://www.zaytung.com/haberdetay.asp?newsid=361878,97
Story Atamadıklarını Fark Edince Aynı Anda Konser Mekanını Terk Etmeye Çalışan Vatandaşlar İzdihama Neden Oldu: 76 Yaralı...,https://www.zaytung.com/haberdetay.asp?newsid=361864,97
Seks Furyasının Patladığı 60'lı Yılların Başında Sokağa Terkedilip Kimsenin Sahiplenmediği Bebeklerin Sıcak Yuva Umutları Azalsa da Devam Ediyor..,https://www.zaytung.com/haberdetay.asp?newsid=361839,97
İstanbul Yeniden Seçime Gitmeye Hazırlanıyor: Çay mı Kahve mi?,https://www.zaytung.com/haberdetay.asp?newsid=361814,97
"ABD ve Rusya'daki Olağandışı Hareketliliğin Ardından Twitter Yönetimi, Dünya Genelindeki 37 Milyon Strateji Uzmanı Kullanıcısını Acil Koduyla Toplantıya Çağırdı...",https://www.zaytung.com/haberdetay.asp?newsid=361811,97
Bakanım Sensin'de Heyecan Sürüyor...,https://www.zaytung.com/haberdetay.asp?newsid=361785,97
"Seçimlerin Bitmesinin Ardından Üst Üste Gelen Zamlarla Sarsılan Türkiye, Ali İhsan Yavuz'un Kıymetini Yeni Yeni Anlıyor...",https://www.zaytung.com/haberdetay.asp?newsid=361781,97
Altıncı Karısı Evden Kaçan Dubai Şeyhi El-Maktum: ''Biz de haberleri izleyince fark ettik yokluğunu...'',https://www.zaytung.com/haberdetay.asp?newsid=361735,97
Ortamdan Umut Kesildi. Gözler Bir Kez Daha Story'e Bakanlar Listesinde...,https://www.zaytung.com/haberdetay.asp?newsid=361706,98
İmparator Akihito'nun Konuk Ağırlama Odası Japon Basınında da Geniş Yer Buldu: ''Yine rezil etti bizi mk...'',https://www.zaytung.com/haberdetay.asp?newsid=361664,98
Bir Mezuniyet Balosuna Daha ''Aslında bunun da gideri varmış ha'' Pişmanlığı Damga Vurdu...,https://www.zaytung.com/haberdetay.asp?newsid=361618,98
AK Parti'de İlk Revizyon: Ekonomik Nedenlerle Artık Bakımı İmkansız Hale Gelen Gazeteci ve Troller İlanla Sahiplendirilecek...,https://www.zaytung.com/haberdetay.asp?newsid=361565,98
LGS Birinciliğini Suriyeliler'e Kaptıran Çobanlar Tepkili: ''Bu mülteci meselesinin acilen çözülmesi lazım...'',https://www.zaytung.com/haberdetay.asp?newsid=361529,98
"Seçim Sürecinin Tamamlanmasıyla Boşluğa Düşen Türkiye, Gerçek Sorunlarına Odaklanma Tehlikesiyle Karşı Karşıya...",https://www.zaytung.com/haberdetay.asp?newsid=361442,98
YSK'dan Seçmenlere Kritik Uyarı: ''Kimi seçecekseniz seçin ama bu adamı yine her gün görmek istemiyorsanız en az yüzde 2 fark olsun...'',https://www.zaytung.com/haberdetay.asp?newsid=361223,98
Siyasi Konjonktüre Göre O An Kimin Terörist Olup Olmadığını Güncel Olarak Takip Edebileceğiniz ''Terrorist Detector'' Uyguluması App Store ve Google Play Store'da...,https://www.zaytung.com/haberdetay.asp?newsid=361185,98
Devlet Bahçeli'nin Abdullah Öcalan'ı Dinlemiyorlar Diye HDP'ye Sinirlenmesine Tepki Olarak Bir Mesaj Yayınlayan Sisi'nin... Bi Sn Noluyo Lan?!,https://www.zaytung.com/haberdetay.asp?newsid=361184,98
AK Parti’nin Öcalan’dan Sonra İkinci Transfer Bombası Neçirvan Barzani İddialı Konuştu: ''Buraya oy veya oylar almak için geldim...'',https://www.zaytung.com/haberdetay.asp?newsid=361136,98
"Kalça Operasyonu İçin 1 Ayda 100.000 Yeni Takipçi Garantisi Veren Estetik Merkezi, Influencer'ların Yeni Gözdesi Oldu...",https://www.zaytung.com/haberdetay.asp?newsid=361107,99
"Seçim Kampanyasını Tek Başına Sürdürse Daha Fazla Oy Alacak Olan Binali Yıldırım, Bugün de ''Abi gözünüzü seveyim bi susun'' Diyemedi. Umutlar Tükeniyor...",https://www.zaytung.com/haberdetay.asp?newsid=361066,99
"Sayıştay: ''İstanbul'da en ufak bir usulsüzlük, yersiz harcama falan kesinlikle zinhar yoktur. Ayrıca Allah da bizim belamızı versin...''",https://www.zaytung.com/haberdetay.asp?newsid=361006,99
"Mercedes’in Yeni Reklam Yüzü MHP Lideri Mehmet Bahçeli İle Sizler İçin Konuştuk: ''Mercedes Bir Tutkudan Öte, Benim İçin Bir Yaşam Stili...''",https://www.zaytung.com/haberdetay.asp?newsid=360979,99
İstanbul Genelindeki Toplam 6 Kararsız Seçmenden Kendileri İçin Özel Olarak Canlı Yayına Çıkan İmamoğlu ve Yıldırım'a Teşekkür Mesajı: ''Mahcup ediyorsunuz...'',https://www.zaytung.com/haberdetay.asp?newsid=360927,99
YSK Uyarıyor: ''Youtube'da izlediğiniz sokak röportajlarına çok güvenmeyin...'',https://www.zaytung.com/haberdetay.asp?newsid=360917,99
Merve Özçık(27)'dan Babalar Günü'nde Anlamlı Hediye: Babasının Facebook Arkadaşlık İsteğini 4 Yıl Aradan Sonra Kabul Etti...,https://www.zaytung.com/haberdetay.asp?newsid=360886,99
Çocuğunuzu Yazın da Her Gün Okula Gitmesi Gerektiğine Nasıl İkna Edersiniz? Uzmanlardan Hayat Kurtaran Tatil Önerileri...,https://www.zaytung.com/haberdetay.asp?newsid=360854,99
"Cumhurbaşkanı Erdoğan’ın Şoförünün Hafızasını Kaybettiği Kazada, Üniversite Arkadaşlarını Taşıyan Otobüsün de Şarampole Yuvarlandığı Öğrenildi. Kazada Kurtulan Olmadı...",https://www.zaytung.com/haberdetay.asp?newsid=360847,99
"Instagram Gezginlerinin Yeni Gözdesi Çernobil, Bu Kez Dünyanın Bir Grup Geri Zekalıdan Kurtulması İçin Umut Oldu...",https://www.zaytung.com/haberdetay.asp?newsid=360801,99
"Kaçak Bina Sahipleri, İmar Barışı başvuru Süresinin Uzatılmasına Karşı: ''Keriz yerine konulmak istemiyoruz!''",https://www.zaytung.com/haberdetay.asp?newsid=360786,100
İmamoğlu'nu Protesto Etmek İçin Yola Çıkan 200 Civarında İBB Çalışanının Saraçhane'deki İBB Binasını Ararken Kaybolduğu Açıklandı. Yetkililer Sayının Artmasından Endişeli...,https://www.zaytung.com/haberdetay.asp?newsid=360779,100
"Özel Okul Ücreti Yıllık 42.000 TL'ye Çıkan Efe Gülruz(7), Ailesi Tarafından 2. El Satış Sitesine Kondu: ''Satsak o kadar ediyor mu görmek istedik...''",https://www.zaytung.com/haberdetay.asp?newsid=360748,100
Burak Yılmaz'ın Lafına Güvenip İzlanda'ya Nota Veren Dışişleri Bakanlığı'nda Futbol Dünyasını Az Çok Takip Eden Tek Bir Personel Bile Bulunmadığı Netlik Kazandı,https://www.zaytung.com/haberdetay.asp?newsid=360698,100
"CHP Yönetimi, Teşekkür Plaketi Vermek İçin AK Parti'de Pontus Muhabbetini İlk Akıl Eden Gerzeği Arıyor...",https://www.zaytung.com/haberdetay.asp?newsid=360550,100
"Zeytinburnu'nda Seçim Anketi İçin Aynı Anda Sokağa Çıkan 3 Anket Firması, Bulabildikleri Tek Türk Seçmeni Paylaşamayınca Birbirine Girdi...",https://www.zaytung.com/haberdetay.asp?newsid=360525,100
"Sezonun İlk Turist Silkeleme Operasyonunu Bayramcılar Üzerinde Gerçekleştiren Turizm Esnafı, ''Bunlar hep kuru kalabalık'' Başlıklı Raporunu Yayınladı...",https://www.zaytung.com/haberdetay.asp?newsid=360494,100
Yunanistan Turizm Bakanlığı: ''Noldu ya gelmiyorsunuz artık?'',https://www.zaytung.com/haberdetay.asp?newsid=360446,100
"Merve Uraz(26), İlişkisinde Bulamadığı Huzuru Yine Bayram Temizliği İçin Annesinin Eline Tutuşturduğu Mikrofiber Sarı Bezde Buldu...",https://www.zaytung.com/haberdetay.asp?newsid=360409,100
"Otomobille 4.5 Saatte Gidilen İzmir'e, Uçakla 8 Saatte Gitmek İsteyen Vatandaşlar Bayram Öncesi Yeni Havalimanı'na Akın Etti...",https://www.zaytung.com/haberdetay.asp?newsid=360367,100
AK Parti Camiasını Daha Fazla Yalancı Çıkarmak İstemeyen Ekrem İmamoğlu'ndan Anlamlı Jest: Elleri Bağlı Bir Esnafı Canlı Yayında Odunla Dövecek...,https://www.zaytung.com/haberdetay.asp?newsid=360279,101
"RTÜK'ten Tasarruf Hamlesi: Önümüzdeki Sezon Tüm Diziler ''Kara Aşk'' Adı Altında Holdingli, Yalılı ve İhanetli Tek Bir Dizide Toplanacak...",https://www.zaytung.com/haberdetay.asp?newsid=360222,101
Bakan Albayrak Yeni Ekonomi Modeli Tanıttı: Türkiye İttifakı ile Euro Basarak İVME Kazanmak...,https://www.zaytung.com/haberdetay.asp?newsid=360068,101
"AK Parti, 23 Haziran Seçimleri İçin Söylem Değişikliğine Gidiyor: ''Canı isterse kaybettiği seçimi bile yeniletebilen bu gücü İstanbul'un iyiliği için kullanalım...''",https://www.zaytung.com/haberdetay.asp?newsid=360057,101
"Türkiye'nin İlk Ekolojik AVM'si, İçeride Dolaşan Evli ve Çocuklu Çiftlerin Negatif Enerjisinden Kendi Elektriğini Üretecek...",https://www.zaytung.com/haberdetay.asp?newsid=360010,101
Ankara’da Şüpheli Paket Alarmı! Hazine ve Maliye Bakanı Berat Albayrak’ın Dün Açıkladığı İvme Finansman Paketi Bu Sabah Kontrollü Bir Şekilde Fünye ile Patlatıldı...,https://www.zaytung.com/haberdetay.asp?newsid=359966,101
İsmini Mars'a Yollamak İçin NASA'ya Başvuran 1 Milyon Türkiye Cumhuriyeti Vatandaşına Yurt Dışı Çıkış Harcı Şoku...,https://www.zaytung.com/haberdetay.asp?newsid=359935,101
"İlk Yazdığı Gerekçeli Kararla Okuyucuları Tatmin Edemeyen YSK, 2. Eseriyle Şansını Tekrar Deneyecek: ''Silivri'de Dört Mevsim''",https://www.zaytung.com/haberdetay.asp?newsid=359873,101
"CNN Türk'ten Açıklama: ''Hazır konu da israfa gelmişken, elektrik israfı olmaması açısından program erken bitirilmek suretiyle...''",https://www.zaytung.com/haberdetay.asp?newsid=359813,101
"Berat Albayrak, Açıkladığı Tüm Ekonomi Programlarını ve Yatırım Tavsiyelerini Ciddiye Alarak Harfiyen Uygulayan Şenyuva Holding’in Düzenlediği İftara Katıldı..",https://www.zaytung.com/haberdetay.asp?newsid=359787,101
"Bugüne Dek Yazdığı En Uzun Şey 5 Tweet'lik Bir Flood Olan Serkan Cinas(21), Game of Thrones'a Çok Daha İyi Bir Final Yazacağından Kuşku Duymuyor...",https://www.zaytung.com/haberdetay.asp?newsid=359733,102
"MHP Lideri Bahçeli, Beştepe'de Gerçekleştirilen ''Geçmişten Günümüze Kahya Kostümleri'' Defilesinde Podyuma Çıktı...",https://www.zaytung.com/haberdetay.asp?newsid=359659,102
Başarı Öyküsü: Final Döneminde Ders Çalışmamak İçin Başladığı Ev Temizliğini Kariyere Dönüştürdü. Şimdi Kendi Temizlik Şirketi Var...,https://www.zaytung.com/haberdetay.asp?newsid=359623,102
"Birlikte Tatil Planı Yapmaya Çalışan Genç Çift, Şu Aşamada Ayrılmanın Daha Kolay Olacağı Fikrine İkna Olmak Üzere...",https://www.zaytung.com/haberdetay.asp?newsid=359569,102
AK Parti'de 23 Haziran'a Kadar Kürt Seçmene Şirin Görünme Hamleleri Sürüyor: Güneydoğu'da Mazbatası Elinden Alınan HDP'li Belediye Başkanları da Yılda 1 Gün Koltuğa Oturabilecek...,https://www.zaytung.com/haberdetay.asp?newsid=359564,102
Game of Thrones'ta Sona Gelinirken: 8 Yıldır Internette Spoiler Verenlere Edilen En Yaratıcı Küfürler Bir Albümde Toplanıyor...,https://www.zaytung.com/haberdetay.asp?newsid=359529,102
"''Her şey çok güzel olacak'', ''Yok daha da güzel olacak'' Sloganlarına Merkez Bankası'ndan Sert Tepki: ''Lan döviz rezervi sıfırlandı, nasıl güzel olacak?!''",https://www.zaytung.com/haberdetay.asp?newsid=359428,102
Soma Faciası'nın 5. Yıl Dönümünde Yusuf Yerkel'in Sağ Dizinin Acısı Hala Yüreklerde...,https://www.zaytung.com/haberdetay.asp?newsid=359416,102
Seçim Sloganını ''Daha da güzel olacak'' Şeklinde Belirleyen AK Parti'den Yeni Hamle: Binali Yıldırım Bir Dizi Estetik Operasyon İçin Bıçak Altına Yatıyor...,https://www.zaytung.com/haberdetay.asp?newsid=359377,102
23 Haziran'a Kadar İstanbul'da 39 Miting Düzenleyecek Olan Cumhurbaşkanı Erdoğan'ın Yerine Ülkeyi Her Gün Kurayla Belirlenecek Bir Başka Vatandaş Yönetecek...,https://www.zaytung.com/haberdetay.asp?newsid=359241,102
"Sosyal Medyada Paylaşım Yaparken Bile ''Başıma bir iş gelir mi?'' Diye 40 Kere Düşünen Türkiye, YSK Kararının Demokrasiye Darbe Olup Olmadığını Tartışıyor...",https://www.zaytung.com/haberdetay.asp?newsid=359165,103
AK Parti'den Muhalefete ''Hukuka Saygı'' Çağrısı: ''Ölünün arkasından konuşmak doğru değil...'',https://www.zaytung.com/haberdetay.asp?newsid=359105,103
"YSK, İstanbul'da Seçim İptalinin Gerekçeli Kararını Açıklamak İçin ''Yukarıdan öyle emir geldi'' Cümlesinin Hukuk Diline Çevrilmesini Bekliyor...",https://www.zaytung.com/haberdetay.asp?newsid=358988,103
"Ekonomik Durgunluk, Hayat Pahalılığı ve İşsizlikle Boğuşan Türkiye, Tek Kaygısı İstanbul'da Seçim Yeniletmek Olan Bir Grup Mutlu İnsanı Gıptayla İzliyor...",https://www.zaytung.com/haberdetay.asp?newsid=358915,103
"Uzmanlar, Mayıs Ayı İtibariyle Yoğunluğunu Artıracak ''Eski Sevgiliyi Yoklama Mesajları''na Karşı Uyarıyor: ''Birini bulamayınca yine size saracaklar...''",https://www.zaytung.com/haberdetay.asp?newsid=358832,103
"YSK: ''Tam İstanbul'da seçiminin yenilenmesi gerektiğine kendimizi inandırır gibi oluyoruz, Ali İhsan Yavuz basın toplantısı düzenliyor. Motivasyonumuz dağılıyor...''",https://www.zaytung.com/haberdetay.asp?newsid=358764,103
"Genç Makine Mühendisi, 1 Mayıs'ta Mesaiye Çağıran Kapitalist Düzenden İntikamını Akşama Kadar Ofiste Dizi İzleyerek Alacak...",https://www.zaytung.com/haberdetay.asp?newsid=358708,103
"Bakım ve Tamire Gelen Araçların Radyo Kanallarını Değiştiren Çete, Levent Oto Sanayi'ne Düzenlenen Operasyonla Çökertildi...",https://www.zaytung.com/haberdetay.asp?newsid=358678,103
Nüfus Genel Müdürlüğü: ''Niye herkes kızının adını Arya koyuyor lan?!'',https://www.zaytung.com/haberdetay.asp?newsid=358654,103
"AK Parti, Gittiği Konseri 200 Story Halinde Canlı Yayınlayanların Kullandığı Oyların da Geçersiz Sayılması İçin YSK'ya Başvurdu: ''Akıl sağlıklarının yerinde olmadığı aşikar...''",https://www.zaytung.com/haberdetay.asp?newsid=358589,103
"Hal Esnafı ve Maliye Bakanlığı Anlaştı: Domates, Biber ve Patlıcan Kamu Bankalarının Boşta Duran Zırhlı Araçlarıyla Taşınacak...",https://www.zaytung.com/haberdetay.asp?newsid=358505,104
İBB'nin Borçlarını Afiş Yaptırıp Belediye Binasına Asmak İsteyen Yeni Yönetime Mimarlar Odası Engeli: ''Binanın statiği kaldırmaz...'',https://www.zaytung.com/haberdetay.asp?newsid=358485,104
"Açlık Grevi Yaptıkları Gerekçesiyle Gözaltına Alınan Grubun, Hazır Çorbayla Hayatta Kalmaya Çalışan Üniversite Öğrencileri Olduğu Ortaya Çıktı...",https://www.zaytung.com/haberdetay.asp?newsid=358465,104
"YSK Başkanı Sadi Güven, Koltuğunu 23 Nisan Töreni İçin Gelen Çocuğa Devrettikten Sonra Kayıplara Karıştı...",https://www.zaytung.com/haberdetay.asp?newsid=358385,104
Ektiği Kin ve Nefret Tohumlarından İlk Terörist Mahsülünü Alan Yandaş Medya: ''Bu biraz şekilsiz oldu ama idare edin...'',https://www.zaytung.com/haberdetay.asp?newsid=358261,104
"Kılıçdaroğlu'na Yönelik Linç Girişimi Sonrası Türkiye'ye Girmek İsteyen Binlerce Yabancı Yatırımcı, Kapıkule Sınır Kapısında İzdihama Neden Oldu...",https://www.zaytung.com/haberdetay.asp?newsid=358259,104
"Çift Anadal Yapan Son Sınıf Öğrencisi, Hangi Diplomasıyla İşsiz Kalmak İstediğine Henüz Karar Verebilmiş Değil...",https://www.zaytung.com/haberdetay.asp?newsid=358149,104
"A Haber'i Seçimin Sonucuna İkna Etmek İçin AK Parti Tarafından Yollanan Heyet, Kanalın Kapısından Geri Çevrildi. Gerginlik Büyüyor...",https://www.zaytung.com/haberdetay.asp?newsid=358070,104
Yabancı Yatırımcıdan Bakan Albayrak'a Övgü: ''Bizi inanılmaz güldürüyor...'',https://www.zaytung.com/haberdetay.asp?newsid=357942,104
2033 Yılından Geldiğini Söyleyen Zaman Yolcusundan Şok İddialar: ''Maltepe'de 220 sandık kaldı...'',https://www.zaytung.com/haberdetay.asp?newsid=357841,104
"Bu Kez de Maltepe'de Sandıklar Fazla Hızlı Sayılıyor Diye Olay Çıkaran AK Parti: ''Biz pek iyi değiliz ya, üstümüze gelmeyin...''",https://www.zaytung.com/haberdetay.asp?newsid=357746,105
"Sabah, ATV ve A Haber Çalışanları, Büyükçekmece'deki Seçim İptal Bahanesi Arama Çalışmalarına Bizzat Katılmak İçin Yönetimden İzin İstedi: ''İşin ucunda bizim ekmeğimiz var...''",https://www.zaytung.com/haberdetay.asp?newsid=357706,105
"Bahçeli, Seçimlerin Tekrarlanma İhtimaline Karşı İstanbul'a Yerleşiyor: ''1 oy, 1 oydur...''",https://www.zaytung.com/haberdetay.asp?newsid=357613,105
Sayılacak Sandık Sayısının 51'e Kadar Düşmesi Hükümeti Harekete Geçirdi: Yurt Dışından Dolu Oy Sandığı İthal Edilecek...,https://www.zaytung.com/haberdetay.asp?newsid=357391,105
AK Parti'den Seçmeni Yıldırma Hamlesi: ''Bizim kazandığımız ilan edilene kadar her gün Ali İhsan Yavuz'un yüzünü görmek zorunda kalacaksınız...'',https://www.zaytung.com/haberdetay.asp?newsid=357257,105
YSK başkanı Sadi Güven'i Gizli Numaradan Arayıp ''Massbataa'' Diye Fısıldayan 3 Kişi Gözaltına Alındı...,https://www.zaytung.com/haberdetay.asp?newsid=357249,105
"Çoluk Çocuğun Rızkını Sigaraya Vermemek İçin 6 Yıl Önce Sigarayı Bırakan Murat Eyrik(37), Hala Fakir. Çocuğu da Fakir...",https://www.zaytung.com/haberdetay.asp?newsid=357198,105
31 Mart Sonrası Kaybolan Muhtar Adayı Yeniden Sayılan Seçim Çuvalından Çıktı...,https://www.zaytung.com/haberdetay.asp?newsid=357085,105
''Belediyelerdeki usulsüzlükleri örtmek için zaman kazanıyorlar'' İddialarına AK Parti'den Sert Yanıt: ''Lan ülkede bizi yargılayabilecek mahkeme mi var?'',https://www.zaytung.com/haberdetay.asp?newsid=357082,105
Seçim Öncesi Dağıtılan Çaylar Yerine Kenevir Çantalarını Demleyen Bağcılar’da Geçersiz Oy Patlaması Yaşanıyor...,https://www.zaytung.com/haberdetay.asp?newsid=356956,105
"İmamoğlu'ndan Havuz Medyasını Rahatlatan Açıklama: ''O kadar oyu biraz da sizin sayenizde aldım, görevinize devam etmeniz için elimden geleni...''",https://www.zaytung.com/haberdetay.asp?newsid=356908,106
Yerel Seçimlerde Büyük Şehirleri Kaybetmesine Rağmen Çılgın Projelerinden Vazgeçmeyen AK Parti ''Kanal Arnavutköy'' İçin Çalışmalara Başladı...,https://www.zaytung.com/haberdetay.asp?newsid=356821,106
"Türkiye, Yerel Seçim Gerginliğini Bir An Önce Geride Bırakıp Nasıl Düzenli Olarak Fakirleştiğini İzlediği Huzurlu Günlere Dönmek İstiyor...",https://www.zaytung.com/haberdetay.asp?newsid=356448,106
Propaganda Amacıyla Ankara'da Sokaklara Sahte 100 TL Atan AK Parti'de 31 Mart Öncesi Yüzler Gülüyor: ''Ahahaha nasıl sevindi salaklar :)))'',https://www.zaytung.com/haberdetay.asp?newsid=356428,106
AK Parti'de Yerel Seçimlerin Ardından 4 Yıl Boyunca İşlevsiz Kalacak Gazeteci ve Troller İçin Çözüm Arayışı Sürüyor: 2023'e Kadar İğneyle Uyutma Seçeneği Masada...,https://www.zaytung.com/haberdetay.asp?newsid=356346,106
Balat Sokaklarında Sürüler Halinde Dolaşan Başıboş Figüranların Son Kurbanı Çukur Dizisinin Usta Yönetmeni Sinan Öztürk..,https://www.zaytung.com/haberdetay.asp?newsid=356267,106
"Sabahtan Beri ''Londra swap piyasasında gecelik TL faizi yüzde 350'yi aştı"" Haberini Anlamaya Çalışan Murat Subeyi, 350 Dolarlık Birikim İçin Bu Zahmete Değip Değmediğinden Emin Değil...",https://www.zaytung.com/haberdetay.asp?newsid=356251,106
"Doğumundan İtibaren Ailesine Toplam Maliyeti 400.000 TL'yi Geçen Eray Akla(16), Youtube'da Yazdığı Yoruma Aldığı 37 Beğeni İle Şu Ana Kadarki En Büyük Başarısına İmza Attı...",https://www.zaytung.com/haberdetay.asp?newsid=356213,106
"Topraklarının %52’sinin Katarlılara Satıldığı Ortaya Çıkan Yozgat, Yerel Seçimlerde Katar’ın Bekası İçin Sandık Başına Gidecek...",https://www.zaytung.com/haberdetay.asp?newsid=356184,106
Fatih'teki Türk Azınlığın Kendilerine Belediye Başkanı Seçmeye Çalıştığını Yeni Fark Eden Suriyeliler Tepkili: ''Siz hayırdır ya?'',https://www.zaytung.com/haberdetay.asp?newsid=356144,106
İki Haftadır İç Sıkıntısıyla Boğuşan Gamze Yücek(26) Emin Olamıyor: Bu Bahar Depresyonu mu Yoksa Normal Parasızlık Depresyonu mu?,https://www.zaytung.com/haberdetay.asp?newsid=356095,107
Seçime Kadar Yeni Bir Cinayet Örtbasıyla Uğraşmak İstemeyen AK Parti'de Belediye Başkan Adaylarına Şehir İçi 50 KM/Saat Hız Sınırı Getirildi...,https://www.zaytung.com/haberdetay.asp?newsid=356037,107
"Türkiye Gündeminden Kaçmak İçin Geçtiğimiz Yıl Yeni Zelanda'ya Yerleşen Yiğit Gübal(32), Kendini Okyanusun Serin Sularına Bıraktı",https://www.zaytung.com/haberdetay.asp?newsid=356009,107
Yargıda Yapay Zeka Dönemi: Sistem Anket Sonuçlarını Analiz Ederek AK Parti'ye Tehdit Oluşturan Adaylar İçin Otomatik Soruşturma Dosyası Hazırlayabiliyor...,https://www.zaytung.com/haberdetay.asp?newsid=355945,107
"İngiltere Kraliçesi II. Elizabeth, ''Diriliş Ertuğrul'' İzledikten Sonra Gaza Gelip Kendilerine Meydan Okuyanlara Türkiye'nin Dış Borç Faiz Ödemelerinin Yaklaştığını Anladıkları Dilden Hatırlattı: ''Bu borçlar tiz ödene...''",https://www.zaytung.com/haberdetay.asp?newsid=355919,107
"Lokantacılar Odası, Nusret'e Özenip Sosyal Medyada Ünlü Olucam Diye Maymuna Dönen Üyelerini Uyardı: ''Lan biraz ağır olun!''",https://www.zaytung.com/haberdetay.asp?newsid=355826,107
"Dün Akşam Story Paylaşamayan Özlem Uçay(24), Instagram Kesintisi Boyunca Ne Yiyip İçtiğini, Hangi Diziyi İzlediğini ve Spotify'de Ne Dinlediğini Bu Sabah Düzenlediği Bir Basın Toplantısıyla Kamuoyuna Açıkladı...",https://www.zaytung.com/haberdetay.asp?newsid=355698,107
"Seçim Öncesi Kavga Edebileceği İç Düşman Kaynaklarını Fazla Hızlı Tüketen AK Parti, Başa Dönüyor: ''Napıyonuz lan soğancılar!''",https://www.zaytung.com/haberdetay.asp?newsid=355643,107
"Yaptığı Başarılı Yüz Nakilleriyle Dünyada Adından Söz Ettiren Akdeniz Üniversitesi Organ Nakli Merkezi, Bu Kez de Anakartı Yanmış Bir Bilgisayar Kasasına Yüz Nakli Gerçekleştirdi..",https://www.zaytung.com/haberdetay.asp?newsid=355624,107
Dünyanın En Büyük Dondurulmuş Gıda Şirketi McCain Foods’un Ortadoğu Danışmanı Bekir Pakdemirli’den Korkutan Türkiye Uyarısı: ''Bu tarım politikaları ile işleri zor...'',https://www.zaytung.com/haberdetay.asp?newsid=355608,107
"Bugün Açılacak Olan Halkalı-Gebze Banliyö Hattı İçin Oranlar Açıklandı. İlk hafta kaza olur: 2.65, İlk ay kaza olur: 2.05...",https://www.zaytung.com/haberdetay.asp?newsid=355599,108
Dünya Kadınlar Gününde Değme Maliyecilerin Soramayacağı Soruları Sorarak Berat Albayrak’ı Terleten Ev Hanımları: ''Basit ekonomi sorularıydı aslında. Niye zorlandı anlamadık...'',https://www.zaytung.com/haberdetay.asp?newsid=355598,108
"Ekonomide Sevindiren Haber: Türkiye, İktidar Partisinin Seçim Kazanmak İçin Provokasyonlarla Toplumu Bölmeye Çalıştığı Ülkeler Arasında En Hızlı Büyüyen Ülke...",https://www.zaytung.com/haberdetay.asp?newsid=355597,108
"AK Parti'de Kimseye Terörist Falan Demeden Normal İnsan Gibi Seçim Kampanyası Yürüten Binali Yıldırım, Sağlık Kontrolünden Geçirilecek",https://www.zaytung.com/haberdetay.asp?newsid=355552,108
"Kadınlar Ekran Başına! Makine Mühendisi Onur Kopak(26), Birazdan Ekşi Sözlük'te 8 Mart'ı Nasıl Kutlamanız Gerektiğini Anlatacak...",https://www.zaytung.com/haberdetay.asp?newsid=355448,108
"Seçim Yaklaştıkça Uzay Çalışmalarına Hız Veren AK Parti, Mars'ta İmara Açılıp Eşe Dosta Peşkeş Çekilebilecek Kupon Arazi Araştırmalarına Başladı...",https://www.zaytung.com/haberdetay.asp?newsid=355418,108
"''Merkür retrosu sırasında önemli kararlar almaktan kaçının'' Uyarısını Dikkate Alan Ceren Yunak, Sigarayı Bırakıp Spora Başlama Tarihini Mecburen 1 Ay Daha Erteledi...",https://www.zaytung.com/haberdetay.asp?newsid=355360,108
Kayseri Yakınlarında Yapılan Kazıda Tarihin En Eski Beleşçisinin İzine Rastlandı...,https://www.zaytung.com/haberdetay.asp?newsid=355348,108
"Ekonomik Kriz Nedeniyle Bu Seçim Öncesi Avrupa'yla Kavga Çıkaramayan Dışişleri Bakanı Çavuşoğlu: ''Parasızlıktan CHP'ye çatıyorum, düştüğümüz hale bak...''",https://www.zaytung.com/haberdetay.asp?newsid=355308,108
"Gürcistanlı Kumarhane ve Pavyon İşletmecileri, Türkiye'den Çiftçilerin Destekleme Paralarını Bir An Önce Ödemesini Bekliyor...",https://www.zaytung.com/haberdetay.asp?newsid=355257,108
"Bütün Basın Susturulurken Alkışlayan Hal Esnafı Oğuz Budaklı(57), Terörist Olmadığını Anlatmak İçin 68 Takipçili Twitter Hesabına Güveniyor...",https://www.zaytung.com/haberdetay.asp?newsid=355240,109
"Seçilemediği Takdirde Türkiye'nin Parçalanıp Yıkılacağı Stresine Daha Fazla Dayanamayan AK Partili Belediye Başkan Adayı, Kalbine Yenik Düştü...",https://www.zaytung.com/haberdetay.asp?newsid=355179,109
"Grip Olduğu Halde Sabah İşe Gelmesi İstenen Ceren Ayyüz(29), Tam Suratının Ortasına Hapşıracağı İsimlerin Listesini Netleştirdi...",https://www.zaytung.com/haberdetay.asp?newsid=355112,109
"Bahçeli, Grup Toplantısında AK Parti'ye Seslendi: ''Beyler galiba krizden nasıl çıkacağımızı buldum!''",https://www.zaytung.com/haberdetay.asp?newsid=355076,109
"O Fotoğraftaki Aile de Kılıçdaroğlu'nu Mahkemeye Veriyor: ''Pano önünde piknik yapıyorduk, olay başka yerlere çekildi...''",https://www.zaytung.com/haberdetay.asp?newsid=355024,109
Ekonomide Kaygı Veren Gelişme: Sebze Kuyruğunun Ardından Çöpten Yiyecek Toplamak da Zenginlik Belirtisi Olarak Pazarlanmaya Başlandı...,https://www.zaytung.com/haberdetay.asp?newsid=354980,109
Batmak İçin Yerel Seçim Sonrasını Bekleyen Bakırköy Esnafına Binali Yıldırım'dan Teşekkür Ziyareti...,https://www.zaytung.com/haberdetay.asp?newsid=354933,109
"İnternet Servis Sağlayıcıları ve Netflix Anlaştı: Dizinin En Heyecanlı Yerinde Kotası Bitenlere, Kalan Bölümlerin Senaryosu E-Mail’le Gönderilecek…",https://www.zaytung.com/haberdetay.asp?newsid=354897,109
"Boşanma Davası Sırasında Cumhurbaşkanı'nın Eski Komşusunun Yeğeni Olduğu Ortaya Çıkan Vatandaş, Aynı Mahkemeye Hakim Olarak Atandı...",https://www.zaytung.com/haberdetay.asp?newsid=354864,109
"Fırsatçı Olmayıp Tanzimlerle Aynı Fiyatlara Satış Yapması Beklenen Aycan Market, Mahalleyi Vergiye Bağladığını Açıkladı...",https://www.zaytung.com/haberdetay.asp?newsid=354788,109
"Sağlık Bakanlığı, Önümüzdeki Dönemde İlaç Temininde Yaşanabilecek Sıkıntılara Karşı Uyardı: ''Geçireceğiniz önemli bir hastalık varsa şimdiden başlayın...''",https://www.zaytung.com/haberdetay.asp?newsid=354762,110
"Çiftleşme Ritüeli Instagram'da Beğendiği Story'lere Kalp ve Alev Yollamaktan İbaret Olan Emre Erfin(28), Neslinin Tükenmesi Tehdidiyle Karşı Karşıya...",https://www.zaytung.com/haberdetay.asp?newsid=354735,110
İşsiz Sayısının 4 Milyonu Geçmesi Üzerine Hükümet'ten Açıklama Gecikmedi: ''Onları da tanzimlerde satış görevlisi yaparak...'',https://www.zaytung.com/haberdetay.asp?newsid=354690,110
Çiçeksepeti.Com Bu 14 Şubat'ta Aldıkları Her 2 Siparişten Birini Başarıyla Yerine Ulaştırdığını Açıkladı. Şirkette Kutlamalar Sürüyor...,https://www.zaytung.com/haberdetay.asp?newsid=354664,110
Seçime Kadar Durumu İdare Edelim Derken Kazara Ülkeye Komünizmi Getirmek Üzere Olan AK Parti'de Gergin Bekleyiş: ''Hayırlısıyla şu 31 Mart bi geçeydi...'',https://www.zaytung.com/haberdetay.asp?newsid=354580,110
Tanzim Satışların İlk Gününde Oluşan Uzun Kuyruklar Hükümeti Harekete Geçirdi: Sebze Almadan Önce Mülakat Sistemi Geliyor...,https://www.zaytung.com/haberdetay.asp?newsid=354515,110
"Geçen Haftaya Kadar Gerektiğinde Asker ve Polisken Bir Anda Terörist Olarak Atanan Kabzımallar, Yeni Kariyerlerine Adapte Olmaya Çalışıyor...",https://www.zaytung.com/haberdetay.asp?newsid=354500,110
"Venezuella'da Tüm TV Kanallarının İflas Etmesi Nedeniyle Gündemi Sadece A Haber'den Takip Etmeye Başlayan Halk, Ekonomik Gelişmelerden Memnun...",https://www.zaytung.com/haberdetay.asp?newsid=354418,110
Çekya Maliye Bakanlığı: ''Ülkedeki işletmelerin %90'ı Fake. Kimseden vergi alamıyoruz...'',https://www.zaytung.com/haberdetay.asp?newsid=354373,110
"Soğanın Depoda Saklanan Bir Yiyecek Olduğunu Kilosu 6 TL Olunca Fark Eden Hükümet, Osmanlı'dan Beri Var Olan Kabzımallık Mesleğini de Biber 20 TL Olunca Keşfetti...",https://www.zaytung.com/haberdetay.asp?newsid=354317,110
"İnternette Çözdüğü Bir Testte Daha '‘Dahi’' Çıkan Genç Bankacı, %5'lik Zammın Tekrar Değerlendirilmesi İçin İK'yla Pazarlık Masasına Oturacak...",https://www.zaytung.com/haberdetay.asp?newsid=354220,111
"Öğretmen Olarak Atanmak İçin Bile AKP'den Torpil Bulması Gereken Burak Ercek(26), AKP'nin Futbol Takımının Şampiyonluğa Koşmasına Şaşırıyor...",https://www.zaytung.com/haberdetay.asp?newsid=354198,111
"Bakanlık'tan Salda Gölü Çevresine Millet Bahçesi Yapılmasıyla İlgili Açıklama: ''O vaat değil, tehditti ya... Yerel seçim öncesi bir uyarı olarak...''",https://www.zaytung.com/haberdetay.asp?newsid=354166,111
"Mert Tanay(27), Maaşın Yatması ile Kira, Faturalar, Kredi Kartı Minimumu Ödemesi Arasında Geçen 16 Dakikalık Refah Döneminin Tadını Çıkarıyor...",https://www.zaytung.com/haberdetay.asp?newsid=354087,111
"Fiyatları Düşürmek İçin Harekete Geçen Tarım Bakanlığı, AliExpress'ten 0.19 Dolar'a Patlıcan ve Biber Tohumu Siparişi Verdi..",https://www.zaytung.com/haberdetay.asp?newsid=354039,111
Ethereum Madencileri Göçük Altında Kaldı!,https://www.zaytung.com/haberdetay.asp?newsid=353948,111
"Yanlış Belediye Başkanını Seçerlerse Türkiye Cumhuriyeti'nin Yıkılacağını, Yetmezmiş Gibi Bir de Ölünce Cehenneme Gideceklerini Öğrenen Seçmenler, 31 Mart'ta Tam Ne Olacağıyla İlgili Net Bir Açıklama Bekliyor...",https://www.zaytung.com/haberdetay.asp?newsid=353944,111
"Zam Dönemi Öncesi Hazırlıklarını Tamamlayan Deneyimli CEO, ''Arkadaşlar kriz var, zam yok'' Konuşmasına Son Şeklini Verdi...",https://www.zaytung.com/haberdetay.asp?newsid=353892,111
"Gamze Üldür(28), 2-3 Hafta Boş Ümitlerle Oyalanacağı Bir Sonraki Atölye İçin Kritik Seçim Aşamasında: Yoga Eğitmenliği mi? Senaryo Yazarlığı mı? Seramik mi?",https://www.zaytung.com/haberdetay.asp?newsid=353816,111
Maduro'ya Bir Destek de Nusret'ten: ''Açlıktan kırılan tüm Venezuela halkı adına yiyordu... Emperyalizme inat olarak... Bence...'',https://www.zaytung.com/haberdetay.asp?newsid=353741,111
Kayak Hocaları İsyan Etti: “Takımları giyip instagramlık fotoğrafını çektiren gidiyor. Kimsenin kayakta gözü yok...“,https://www.zaytung.com/haberdetay.asp?newsid=353703,112
"Yeni Pazarlara Açılmayı Hedefleyen Jet Fadıl, Yılmaz Özdil'in 2500 TL'ye Kitap Satma Denemesini Yakından Takip Ediyor...",https://www.zaytung.com/haberdetay.asp?newsid=353661,112
Nihat Hatipoğlu'dan Görkemli Jübile: On Binler Son Kez ''Sakız orucu bozar mı?'' Sorusunu Sormak İçin Sultanahmet Meydanı'na Akın Etti...,https://www.zaytung.com/haberdetay.asp?newsid=353576,112
"Milli Eğitim Bakanlığı'ndan Üzücü Haber: ''Karne fotoğrafındaki o öğretmenimiz nişanlı, daha sormayın artık...''",https://www.zaytung.com/haberdetay.asp?newsid=353535,112
Karnesinde 4 Zayıfla Eve Gelen Furkan Kulp(14)'dan İyi Haber: ''Dönem başında koyduğumuz hedefleri tutturduk...'',https://www.zaytung.com/haberdetay.asp?newsid=353523,112
"Havayı Koklayan Adam'ın Ortadan Kaybolmasının Ardından Gözler, Kış Boyu Her Hafta ''Yaz gelsinnn'' TBT'si Paylaşan 400.000 Instagram Kullanıcısına Çevrildi...",https://www.zaytung.com/haberdetay.asp?newsid=353514,112
"Bahçeli'nin ''Gocunan Varsa Gocuk Giysin'' Açıklaması, Gocuk Piyasasını Vurdu...",https://www.zaytung.com/haberdetay.asp?newsid=353508,112
YSK Kayıtlarına Göre Bu Seçimde İlk Kez Oy Kullanacak Olan 165 Yaşındaki Ayşe Nine'nin de Emeklilikte Yaşa Takıldığı Ortaya Çıktı: ''Benden oy moy yok bunlara!'',https://www.zaytung.com/haberdetay.asp?newsid=353494,112
10 Year Challenge'da Fotoğrafına ''Aa hiç değişmemişsin'' Yorumu Gelmeyen Toplam 6 Kişiye Devlet Kucak Açtı: Botoks Ücretleri SGK Tarafından Karşılanacak...,https://www.zaytung.com/haberdetay.asp?newsid=353416,112
"Türkiye, Tarım İthalatında Sınır Tanımıyor: Çin'in Ay'da Yetiştireceği Pamuğun İlk Müşterisi Biz Olduk...",https://www.zaytung.com/haberdetay.asp?newsid=353326,112
"Trump'ın Ekonomik Tehdidine ''Gerekirse aç, susuz kalırız'' Şeklinde Yanıt Veren Bakan Çavuşoğlu, Beyaz Saray'da Şok Etkisi Yarattı: ''Lan bunların durumu o kadar mı kötü?!''",https://www.zaytung.com/haberdetay.asp?newsid=353286,113
"Tank Palet Fabrikasının Katarlılara Satıldığı Yönündeki İddialara Cumhurbaşkanı Erdoğan'dan Yalanlama: ''Telekom'u sattık, paramızı alamadık. O yüzden bu kez kiralama yoluyla...''",https://www.zaytung.com/haberdetay.asp?newsid=353208,113
"Bu Sabah Florya'da Meydana Gelen Tren Kazası, Akıllara Çok Değil Daha Bundan Birkaç Yüzyıl Önce İngiltere'de Yaşanan Tren Kazasını Getirdi...",https://www.zaytung.com/haberdetay.asp?newsid=353164,113
TSK'dan Örnek Vefa: Kapanacağı Açıklanan Kral TV İçin Askeri Birliklerde Bayraklar Yarıya İndirilecek...,https://www.zaytung.com/haberdetay.asp?newsid=353155,113
Emniyet’in Torbacıların Anlık Konumunu Gösteren Aplikasyonu UYUMA’ya Yoğun İlgi..,https://www.zaytung.com/haberdetay.asp?newsid=353131,113
Hükümetten Bir Müjde de Üniversitelilere: ''Ziraat Bankası personeli geçemediğiniz derslerde sizin yerinize finale girecek...'',https://www.zaytung.com/haberdetay.asp?newsid=353105,113
İstanbul Büyükşehir Belediyesi Kültür Daire Başkanlığı’na Getirilen Sakaryaspor Asbaşkanı Rıdvan Duran: ''Arda Turan için nabız yoklarken konu nerelere geldi...'',https://www.zaytung.com/haberdetay.asp?newsid=353086,113
Cumhurbaşkanı Danışman Sayısının Netleşmesi İçin AK Partili Milletvekillerinin İşsiz Akraba Sayılarını Beştepe'ye Bildirmeleri Bekleniyor...,https://www.zaytung.com/haberdetay.asp?newsid=352975,113
"Emniyet Genel Müdürlüğü'nden Palu Ailesi Açıklaması: ''Müge Anlı'nın işi bitsin alıcaz hepsini. Program çok heyecanlı, kesmek istemiyoruz...''",https://www.zaytung.com/haberdetay.asp?newsid=352954,113
Meteoroloji'den İstanbullulara Uyarı: ''Kar yağışı herkes story atmaktan sıkılana kadar sürecek. Telaşa lüzum yok...'',https://www.zaytung.com/haberdetay.asp?newsid=352884,113
"Ziraat Bankası'ndan Çiftçiye Müjde: ''Bir araya gelip bir futbol kulübü kurun, sizin borçları da halledelim...''",https://www.zaytung.com/haberdetay.asp?newsid=352790,114
Netflix'in İnteraktif Dizisi Black Mirror: Bandersnatch'e RTÜK'ten Müdahale: ''Bizim seçtiğimiz seçeneklerle izleyeceksiniz...'',https://www.zaytung.com/haberdetay.asp?newsid=352730,114
Vakıf Üniversiteleri Birliği: ''Gerzek anne babaların içi boş özgüven pompalayıp bize yolladığı bunun gibi on binlercesine 4 yıl bakıcılık yapıyoruz. İşimiz kolay değil...'',https://www.zaytung.com/haberdetay.asp?newsid=352679,114
"Market Alışverişine Geçen Yıla Göre Yüzde 40 Daha Fazla Ödemeyi Başarıyla Gerçekleştiren Türkiye, Sondaki 25 Kuruşluk Poşet Aşamasında Takıldı. Ayrıntılar Geliyor...",https://www.zaytung.com/haberdetay.asp?newsid=352636,114
Yılbaşı Gecesi Turist Taciz Etmek İçin Gittiği Taksim Meydanı’nda Suriyelilerin Arasında Kalan Gençten İki Gündür Haber Alınamıyor...,https://www.zaytung.com/haberdetay.asp?newsid=352605,114
"Yılbaşını Evde Tek Başına Geçiren Ezgi Aycan(27), Instagram'a Bakmama Mücadelesinde 16. Saati de Geride Bıraktı...",https://www.zaytung.com/haberdetay.asp?newsid=352550,114
"Bu Yılbaşında da On Binlerce Kişiyi Evlerinde Ağırlamaya Hazırlanan Merveler, Konkordato Başvurusunda Bulundu...",https://www.zaytung.com/haberdetay.asp?newsid=352484,114
"Şubat Ayında Hepsi Birden Kapı Önüne Konacak İş Geliştirme Departmanı, Şirketin Yılbaşı Yemeğinde Doyasıya Eğlendi...",https://www.zaytung.com/haberdetay.asp?newsid=352398,114
"RTÜK, ''Halaya Fazla Vakit Ayırarak Cumhurbaşkanı'nı Yeterince Övmemek Suretiyle Hakaret Etmek'' Gerekçesiyle Flash TV'ye Uyarı Cezası Verdi...",https://www.zaytung.com/haberdetay.asp?newsid=352319,114
"Yılbaşına Sevgilisiz Girecek Olan Milyonlar Bir Kez Daha Kritik Virajda: ''Ailemle mi girsem daha ezik hissederim, evde tek başıma mı?''",https://www.zaytung.com/haberdetay.asp?newsid=352297,114
"Okulların Hava Koşulları Sebebiyle Tatil Edilmeye Başlanmasıyla Birlikte, Velilerde Günlük Bakıcı Arayışları Hız Kazandı..",https://www.zaytung.com/haberdetay.asp?newsid=352290,115
Asgari Ücretteki Artış Yüzünden Zor Duruma Düşeceklerini İddia Eden İşverenlere Hükümetten Müjde: ''Nasılsa en geç 6 aya çoğunuz batıyorsunuz. Çok da şeyapmayın...'',https://www.zaytung.com/haberdetay.asp?newsid=352216,115
İşleri Bozulup Parası Bittikçe Evde Terör Estiren Esnaf Süleyman Düreli: ''Cumhurbaşkanımızı en iyi ben anlarım...'',https://www.zaytung.com/haberdetay.asp?newsid=352169,115
"Dışişlerinde Yoğun Hafta Sonu Mesaisi: ABD ile İlişkiler iPhone 6 Seviyesinden iPhone 7 Seviyesine Çıkarılırken, İsrail ile İlişkiler Cola Zero Seviyesine Düşürüldü...",https://www.zaytung.com/haberdetay.asp?newsid=352111,115
Ekonomide Tehlike Sinyali: Pazar Günü Instagram'da Serpme Kahvaltı Fotoğrafı Paylaşanların Sayısı Geçen Yılın Aynı Dönemine Göre Yüzde 42 Azaldı...,https://www.zaytung.com/haberdetay.asp?newsid=352070,115
"WhatsApp 2018’in En Çok Sessize Alınan Gruplarını Açıkladı: Okul Velileri, Komşular ve Akrabalar Yine Zirvede...",https://www.zaytung.com/haberdetay.asp?newsid=351968,115
"Ulaştırma Bakanlığı, 3. Havalimanı'nın Yağışlı Günlerde ''Millet Aqua Parkı'' Olarak İstanbullulara Hizmet Vermeye Devam Edeceğini Açıkladı...",https://www.zaytung.com/haberdetay.asp?newsid=351901,115
"Murat Özdemir'i Cezaevine Uğurlayan Türkiye, Hem Küfredip Hem Gözlerini Ayırmadan Bayıla Bayıla İzleyeceği Bir Sonraki Ruh Hastasını Bekliyor...",https://www.zaytung.com/haberdetay.asp?newsid=351860,115
"Zabıtaydı, Soğandı, Geziydi Derken Ekonomik Krize Bahane Bulma Konusunda Yazdan Beri İstikrarlı Bir Çizgi Tutturamayan Cumhur İttifakı'nda Bir Kez Daha ''Rahip Brunson'' Sesleri...",https://www.zaytung.com/haberdetay.asp?newsid=351747,115
"Kazaların Önüne Geçilemeyeceğini Düşünen Ulaştırma Bakanı Mehmet Cahit Turhan, Bu Kez Tarih Verdi: ''Nisan'ın ilk haftası gibi mümkün mertebe trene binmeyin. Daha ne diyeyim?''",https://www.zaytung.com/haberdetay.asp?newsid=351687,115
"Ulaştırma Bakanlığı, Demiryollarında Sinyalizasyonun Şart Olmadığında Israrcı: ''Biz o işi kendi yöntemlerimizle hallediyoruz...''",https://www.zaytung.com/haberdetay.asp?newsid=351636,116
Emniyet Genel Müdürlüğü Bünyesinde Oluşturulan ''Motorize YouTuber İtlaf Timleri'' Daha Video YouTube'a Yüklenmeden Suçluyu Etkisiz Hale Getirmeyi Hedefliyor...,https://www.zaytung.com/haberdetay.asp?newsid=351613,116
"HUAWEI, Elektrik Yerine Otogazla Şarj Olan Düşük Yakıt Tüketimli Mate 20 LPG Modelini Tanıttı...",https://www.zaytung.com/haberdetay.asp?newsid=351596,116
Ulaştırma Bakanlığı'nda Yoğun Mesai: YHT Kazası ile İlgili Kimseyi Koltuğundan Etmeyecek Ama Kulağa Mantıklı Gibi de Gelecek Bir Açıklama Arayışları Sürüyor...,https://www.zaytung.com/haberdetay.asp?newsid=351537,116
"Kendi Seçmenine ''Ekonomi yüzünden sokağa çıkarsanız kafanızı kırarız'' Mesajını Fransa'daki Sarı Yelekliler Üzerinden Gönderen AK Parti, Mesajın Yerine Ulaştığından Kuşkulu...",https://www.zaytung.com/haberdetay.asp?newsid=351523,116
"Vakit Fedakarlık Vakti: Kriz Nedeniyle Cumhurbaşkanlığı Bütçesinin Sadece Yüzde 233 Artırılacağını Öğrenen Vatandaşlar, 2019'da Asgari Ücrete Zam Yapılmaması İçin İmza Kampanyası Başlattı...",https://www.zaytung.com/haberdetay.asp?newsid=351462,116
"Maddi Sorunlarından Uzaklaşmak İçin Fenerbahçe'ye, Fenerbahçe'den Uzaklaşmak İçin Maddi Sorunlarına Odaklanan Onur Aycan(32) Yakaladığı İstikrardan Memnun...",https://www.zaytung.com/haberdetay.asp?newsid=351423,116
Akdeniz Bilişim Zirvesi'nde Bayılıp Sahneden Düşen ''Mini Ada'' İsimli Robotun 3 Aylık Hamile Olduğu Ortaya Çıktı...,https://www.zaytung.com/haberdetay.asp?newsid=351264,116
"Ünlü Beyaz Yakalı Gökhan Aksoy, 4 Gömleklik Ütü Performansıyla Bu Pazar Akşamı da Sanatseverlerle Buluştu...",https://www.zaytung.com/haberdetay.asp?newsid=351237,116
"Mert Tunay(32), Mühendislik Eğitimi Artı MBA Artı Özel Sektörde Son 2 Yılı Yönetici Pozisyonunda Olmak Üzere 7 Yıllık Deneyimin Ardından Gece Yatmadan Önce Kombiyi Kıstı...",https://www.zaytung.com/haberdetay.asp?newsid=351164,116
"AP, Her Fırsatta Avrupa'da Yaşamanın Zorluklarından Yakınıp Türkiye'ye Övgüler Yağdıran Gurbetçilerimizi Zorla Avrupa'da Tutan Yasayı İptal Etmeye Hazırlanıyor...",https://www.zaytung.com/haberdetay.asp?newsid=351102,117
"Milli Gurur: Berat Albayrak, Enflasyonu Hesaplayan Kurumun Yetkilisini Değiştirerek Enflasyon Düşürme Tekniğiyle Nobel Ekonomi Ödülü'ne Aday Gösterildi...",https://www.zaytung.com/haberdetay.asp?newsid=351033,117
"Dışişleri'nden Fransa'ya Seyahat Uyarısı: ''Adamlarda asgari ücret 1300 Euro, benzin 1.5 Euro oldu diye ortalığı yıkıyorlar. Hiç gidip de sinirinizi bozmayın...''",https://www.zaytung.com/haberdetay.asp?newsid=351004,117
Beklentilerin Aksine G20 Zirvesinde Sıcak Bir Şekilde Karşılanan Prens Salman İyice Rahatladı: ''Şimdi bu gazetecilerde en güzel et sırt bölgesinde...'',https://www.zaytung.com/haberdetay.asp?newsid=350958,117
"iPhone XS Max'ın 14.000 TL'den Satıldığı Yönündeki İhbarları Değerlendiren Maliye Bakanlığı Ekipleri, Apple'ın Depolarını Basmak Üzere Çin'e Hareket Etti...",https://www.zaytung.com/haberdetay.asp?newsid=350924,117
G-20 Zirvesi'nde Türkiye Çevreye Duyarlı Projeleri Gündeme Taşıyor: Yenilenebilir Taharet ve Tuvalet Kağıdı...,https://www.zaytung.com/haberdetay.asp?newsid=350891,117
Devlet Stokçulara Göz Açtırmıyor: Bu Kez Hedefte Kabuklu Yemiş Stokçuları Vardı...,https://www.zaytung.com/haberdetay.asp?newsid=350883,117
Meteoroloji'den Kritik Uyarı: ''Sadece CHP'li belediyelerin olduğu illerde hayatı olumsuz etkileyecek soğuk ve yağışlı hava dalgası geliyor...'',https://www.zaytung.com/haberdetay.asp?newsid=350860,117
"Demet Akalın'ın Eski Eşi Okan Kurt ile Birlikte Tatile Çıktığını Öğrenen İcra Memuru: ''Buyrun, yine kötü biz olduk...''",https://www.zaytung.com/haberdetay.asp?newsid=350855,117
Cengiz-Kolin-Limak Ortak Girişim Grubu'ndan Çöken Viyadük Açıklaması: ''Maalesef işçilerin 3 kişilik viyadüğe 4 kişi binmesi sonucu..'',https://www.zaytung.com/haberdetay.asp?newsid=350812,117
Dışişleri Bakanlığı: ''Rusya ile Ukrayna arasındaki gerilimin bir an ön... Oha bi sn! Acun'la Şeyma boşanıyormuş lan!'',https://www.zaytung.com/haberdetay.asp?newsid=350675,118
Uzmanlar Uyarıyor: Şeyma Subaşı'nın Nafakasını Fazla Düşünmek Kronik Uykusuzluğa Neden Olabilir...,https://www.zaytung.com/haberdetay.asp?newsid=350674,118
"Hiçbir Yerde Soğan Kuyruğu Görmemesine Rağmen A Haber'de Öyle Söylendiği İçin Birilerinin Stokçuluk Yaptığına İnanan Muzaffer Erdil(62), Bu Yerel Seçimde de Hükümetin En Büyük Umudu...",https://www.zaytung.com/haberdetay.asp?newsid=350581,118
"Yedi Saattir 420 TL Tutarındaki Alışveriş Sepetiyle Bakışan Bilge Aydur Cephesinde Pazarlıklar Sürüyor: ''Önümüzdeki ay hiç dışarı çıkmasam, kombiyi en düşükte yaksam...''",https://www.zaytung.com/haberdetay.asp?newsid=350521,118
"Soğan Depolarına Baskın Yapıp Soğan Bulan Maliye Bakanlığı Ekipleri, Türkiye'ye Karşı Oynanan Bir Büyük Oyunu Daha Çökertmenin Haklı Gururunu Yaşıyor...",https://www.zaytung.com/haberdetay.asp?newsid=350469,118
"AİHM, Verdiği Her Aleyhte Kararın Ardından Önce ''Bizi bağlamaz'' Şeklinde Açıklama Yapıp Sonra Ya Kararı Uygulayan ya da Tazminat Ödeyen Türkiye'nin Tam Ne Yapmaya Çalıştığını Belirlemek Üzere Toplandı",https://www.zaytung.com/haberdetay.asp?newsid=350393,118
Bir Sene Sonra Yapacakları 21 Gün Askerlik İçin Şimdiden WhatsApp Grupları Kurup Bilgi Toplamaya Çalışan Bedellilere Genelkurmay'dan Sert Uyarı: ''Lan bi sakin!'',https://www.zaytung.com/haberdetay.asp?newsid=350363,118
"Televizyon İzlemenin Ücretli Olması Gerektiğini İfade Eden Demirören Medya İcra Kurulu Başkanı Mehmet Soysal Hakkında, ""Ülkenin Birliğini Tehdit"" Suçlamasıyla Soruşturma Başlatıldı..",https://www.zaytung.com/haberdetay.asp?newsid=350322,118
"Yerel Seçimlerde İşi Şansa Bırakmak İstemeyen AK Parti, Bağcılar Belediye Başkanı Adaylığı İçin Suça Karışmamış Suriyeli Arayışlarına Başladı..",https://www.zaytung.com/haberdetay.asp?newsid=350309,118
Meteoroloji'den Müjde: ''Parasızlıktan dışarı çıkamayışınıza bahane olacak enfes soğuklar geliyor...'',https://www.zaytung.com/haberdetay.asp?newsid=350288,118
"Haftanın Ekonomik Kriz Yerine Konuşulacak Gündem Konuları Belirlendi: Atatürk'e Sarma Sırası Yeni Şafak'ta, Ünlü Skandalı İçinse Sürpriz Bir İsimle Anlaşıldı...",https://www.zaytung.com/haberdetay.asp?newsid=350278,119
"''Silivri soğuk'' Eleştirilerini Dikkate Alan Hükümet, Yurt Dışından Gelecek Akademisyenler İçin Antalya'da 5 Yıldızlı Cezaevi İnşa Edecek...",https://www.zaytung.com/haberdetay.asp?newsid=350273,119
"Sürekli ''Gece uyumayanlar dahidir'', ''Unutkanlar üstün zekalıdır'' Tarzı Açıklamalar Yapan Bilim İnsanlarından Kamuoyuna Mesaj: ''Biz kendimizi övüyoruz ya. Sizlik bir durum yok...''",https://www.zaytung.com/haberdetay.asp?newsid=350231,119
Beyin Göçünü Tersine Çevirme Planının Ayrıntıları Netleşti: Bu Şartlarda Dönmek İsteyenler Beyinsiz Oldukları İçin Elenip Geri Kalanların Peşine Düşülecek...,https://www.zaytung.com/haberdetay.asp?newsid=350191,119
"Ekonomik Krizi Gündemden Düşürme Projesi Kapsamında Gerçekleştirilen Kadir Mısıroğlu Ziyaretinden Memnun Kalan AK Parti, Diyanet İşleri Başkanı'nı Yollayabileceği Yeni Akıl Hastalarını Arıyor...",https://www.zaytung.com/haberdetay.asp?newsid=350145,119
THY'nin Öğretmenler İçin Yaptığı %25 İndirim Kampanyasını Kullanabilecek Toplam 7 Öğretmende Büyük Sevinç...,https://www.zaytung.com/haberdetay.asp?newsid=350094,119
"Dolar Alan Yaya Kaldı: Değeri 1 Yılda Yüzde 43 Artan 70'lik Rakı, En Çok Kazandıran Yatırım Araçları Sıralamasında Zirveye Yerleşti...",https://www.zaytung.com/haberdetay.asp?newsid=350081,119
"İstanbul Trafiğinde Yeni Dönem: Araç Sahipleri, İBB'den Satın Aldıkları Aylık Trafik Paketine Göre Araçlarını Trafiğe Çıkarabilecekler...",https://www.zaytung.com/haberdetay.asp?newsid=350056,119
40. Avrasya Maratonu İle Birlikte Yine Aynı Sorular Gündemde: ''Kim bu insanlar? Kış günü sabah 9'da köprüde koşacak enerjiyi nereden buluyorlar?'',https://www.zaytung.com/haberdetay.asp?newsid=350047,119
WhatsApp Yönetiminden Kritik Uyarı: ''Okundu bilgisini kapatanlar bize de biraz sinsi gibi geliyor...'',https://www.zaytung.com/haberdetay.asp?newsid=350014,119
"Müteahhitlerin Elinde Kalan 1 Milyon Konutu Satın Almaya Hazırlanan Maliye Bakanlığı, Ekonomik Krizden Çıkış İçin Yol Haritasını Netleştirdi: ''Her biri ayda 1500 lira kira getirse...''",https://www.zaytung.com/haberdetay.asp?newsid=350010,120
Trafikte ''Gözünün üzerinde kaş var cezası'' Dönemi. Görüş Açısını Engellediği İçin Kalın Kaşlı Sürücülere 235 ile 488 TL Arasında Ceza Kesilecek...,https://www.zaytung.com/haberdetay.asp?newsid=349937,120
"Sayıştay'ın Belediyelerdeki Yolsuzluk Raporunda Adı Geçmeyen Yozgat Belediyesi'nde Buruk Sevinç: ''Ortada çalmaya değer bir şey olmadığı için, haliyle...''",https://www.zaytung.com/haberdetay.asp?newsid=349920,120
Ordu Büyükşehir Belediyesi'nden Teknik Gezi İçin Tayland'a Gönderilen Ekiple İlgili Açıklama: ''Arkadaşlarımız inanılmaz teknikler öğrenerek yurda dönmüşlerdir...'',https://www.zaytung.com/haberdetay.asp?newsid=349854,120
Maliye Bakanlığı'nın 2017 Yılı Vergi Rekortmenleri Listesine 98. Sıradan Girerek Büyük Bir Sürprize İmza Atan Uzman Yardımcısından Samimi İtiraf: ''İmkanım olsa tek kuruş ödemem...'',https://www.zaytung.com/haberdetay.asp?newsid=349766,120
"Henüz Aşka İnancını Yitirmeyen Elif Orcak(27), Sadece Story'sine DM Atacak Doğru İnsanı Bekliyor...",https://www.zaytung.com/haberdetay.asp?newsid=349748,120
"Emeklilikte Yaşa Takılmanın Babası Olarak Kabul Edilen İlk EYT Mağduru Ali İhsan Yeryüzü, Mağduriyetinin 19.Yıldönümünde Kabri Başında Anıldı..",https://www.zaytung.com/haberdetay.asp?newsid=349737,120
Suudi Başsavcı ile Birlikte Kaşıkçı Cinayetini Araştırmak Üzere Türkiye'ye Gelen 5 kişilik Heyet de Savcının Hemen Ardından Türkiye'den Ayrıldı..,https://www.zaytung.com/haberdetay.asp?newsid=349694,120
"Hükümetin KDV ve ÖTV'de İndirim Jestini Karşılıksız Bırakmak İstemeyen Vatandaşlar, Aralarında Para Toplayıp Bir Adet Doblo Alacak...",https://www.zaytung.com/haberdetay.asp?newsid=349689,120
"İstanbul Havalimanı, Yolcu Kapasitesine Göre Dünyanın En Büyük Terminalleri Listesinde Zincirlikuyu ve Şirinevler Metrobüs Duraklarının Ardından Üçüncülüğe Yerleşti...",https://www.zaytung.com/haberdetay.asp?newsid=349660,120
Durduk Yere Melih Gökçek'i Tekrar Ülke Gündemine Sokan MHP'den Sert Uyarı: ''Taleplerimiz karşılanmazsa sırada Nihat Doğan var...'',https://www.zaytung.com/haberdetay.asp?newsid=349659,121
"İnşaat-Taahhüt Sektörünün Dahi Çocukları Cengiz-Kolin-Limak Kardeşler'in Son Projesi ""JAWS-III"" Muhteşem Bir Gala ile Hizmete Girdi..",https://www.zaytung.com/haberdetay.asp?newsid=349622,121
"3. Havalimanı'nın Açılışına Sürpriz Konuk: Çin Ulaştırma Bakanı, Daha Küçük Havalimanı'nı Nasıl 3 Katına Mal Etmeyi Başardığımızı Görmek İçin Türkiye'ye Geliyor...",https://www.zaytung.com/haberdetay.asp?newsid=349550,121
Ulaştırma Bakanı Mehmet Cahit Turhan Eksiklerine Rağmen Yarın Açılması Planlanan 3. Havalimanı'nı Değerlendirdi: ''Pilotların yeteneklerine güveniyoruz...'',https://www.zaytung.com/haberdetay.asp?newsid=349534,121
"TÜİK, Ekim Ayı İlgi Açlığı Alt Sınırını Günde 8 Story Olarak Açıkladı...",https://www.zaytung.com/haberdetay.asp?newsid=349529,121
"Son Olarak Bankacı Gizem Paladur(27)'un da Aralarına Katılmasının Ardından Instagram'daki Influencer Sayısı, Takipçi Sayısını Geride Bıraktı...",https://www.zaytung.com/haberdetay.asp?newsid=349467,121
"Türkiye Nefesini Tuttu, Kusursuz İşleyen Milli Eğitim Sistemindeki Tek Sorun Olan ''Andımız Okunacak mı Okunmayacak mı''nın Çözüme Kavuşmasını Bekliyor...",https://www.zaytung.com/haberdetay.asp?newsid=349422,121
"Kaşıkçı Cinayetiyle Dünya Genelinde İyi Bir İzlenme Oranı Yakalayan Türkiye, Soruşturmanın Geri Kalanını İnternetten Ücretli Olarak Yayınlayacak...",https://www.zaytung.com/haberdetay.asp?newsid=349355,121
Cumhurbaşkanı Erdoğan'ın Açıkladığı 100 Günlük Eylem Planının Tamamlanmasına 20 Gün Kala Bir Güzel Haber de Mustafa Varank'tan: ''Tamamen milli ve yerli bi' şeyde sona geldik...'',https://www.zaytung.com/haberdetay.asp?newsid=349351,121
"Kaşıkçı Cinayeti İle İlgili Tüm Ayrıntıları Yarın Paylaşacağını Belirten Cumhurbaşkanı Erdoğan, Suudileri Son Kez Uyardı: ''Elimizde güzel TOMA'lar var, size lazım olur...''",https://www.zaytung.com/haberdetay.asp?newsid=349273,121
"Emniyet Genel Müdürlüğü, 5000 Konkordato Komiser Yardımcısı Almaya Hazırlanıyor...",https://www.zaytung.com/haberdetay.asp?newsid=349265,122
Gratis'ten Hafta Sonu Mağaza Önlerinde Unutulan 718 Erkek İçin Son Çağrı: ''Sahipleri gelip almazsa barınağa teslim edeceğiz...'',https://www.zaytung.com/haberdetay.asp?newsid=349224,122
"Suudi Arabistan, Cemal Kaşıkçı'nın Konsolosluktaki Arbede Sırasında Yanlışlıkla İçine Düştüğü Dev Kıyma Makinesinin Görüntülerini Basınla Paylaştı...",https://www.zaytung.com/haberdetay.asp?newsid=349160,122
Cumhurbaşkanı Erdoğan'ın Üniversitelerle İlgili Eleştirilerine Yanıt Devlet Bahçeli'den Geldi: ''AK Parti'nin yüksek öğretime yaptığı hizmetleri görmezden gelen bu zihniyet...'',https://www.zaytung.com/haberdetay.asp?newsid=349104,122
"Özel Güvenliği Geçemeyen Muhtar, Yine Siteye Alınmadı...",https://www.zaytung.com/haberdetay.asp?newsid=349093,122
Bu Kez de Dolar'ın 5.60 TL'ye Düşmesi Vesilesiyle Kutlanan Geleneksel Büyük Oyun Bozma Şenliklerinin 8.'si Sona Erdi. Bir Sonraki Şenlik 7'ye Düştüğünde...,https://www.zaytung.com/haberdetay.asp?newsid=349085,122
"Bedelli Askerliğini Yaptıktan Sonra İstanbul'a Geri Dönen Bankacı Murat Sancay(32), Tam Bir Ölüm Makinesine Dönüştü...",https://www.zaytung.com/haberdetay.asp?newsid=349056,122
"Gözünü Atatürk'ün İş Bankası Hisselerine Diken AK Parti Hükumeti, Hisseleri Satıp Elde Edeceği Sermaye ile Seyyar Çiğ Köfte İşine Girmeyi Planlıyor...",https://www.zaytung.com/haberdetay.asp?newsid=349041,122
Kaşıkçı Cinayetini Tatlıya Bağlamak İçin Yine ABD'den Milyarlarca Dolarlık Silah Alması Gereken Suudi Arabistan'da Panik: ''Lan ülkede savaş uçağı koyacak yer kalmadı!'',https://www.zaytung.com/haberdetay.asp?newsid=349018,122
"2019 Bütçesi Yüzde 34'lük Artışla 10.5 Milyar TL'ye Yükselen Diyanet İşleri: ''Ülkemizin seneye en az 2 kat fazla duaya ihtiyaç duyacağı düşünülürse, yaptığımız fedakarlık ortada...''",https://www.zaytung.com/haberdetay.asp?newsid=348922,122
Fahiş Fiyat Denetimi Yapmak İçin Gittikleri Etiler'de Mahalle Bakkalının Yerini Bulamayan Zabıta Ekibinin İmdadına Nusret Yetişti: ''Hemen şurdan dönünce orda şerefsiz!'',https://www.zaytung.com/haberdetay.asp?newsid=348883,123
"Rahip Brunson Konusunda Bağımsız Karar Vermeleri Gerektiğini Bugün Öğrenen Mahkeme Heyeti, Duruşma Saatine Kadar Sabahlayarak Davanın Hukuki Boyutunu İnceleyecek...",https://www.zaytung.com/haberdetay.asp?newsid=348669,123
Altan,https://www.zaytung.com/haberdetay.asp?newsid=348590,123
Enflasyonla Mücadele İçin İnternet Sitesi Açıldığını Öğrenen IMF'den Türkiye'ye Çağrı: ''Daha fazla kasmayın da gelin isterseniz artık. Biz üzülüyoruz izlerken...'',https://www.zaytung.com/haberdetay.asp?newsid=348570,123
"BluTV’nin Yeni Dizisi ‘’Bartu Ben’’, Başroldeki Bartu Küçükçağlayan'a Rağmen Ekranda Tutunmaya Çalışacak...",https://www.zaytung.com/haberdetay.asp?newsid=348512,123
"Bu Yılki Nobel Ekonomi Ödülüne, Göreve Geldiği Günden Beri Üşenmeden Her Hafta Bir Yeni Ekonomi Modeli Açıklayan Hazine ve Maliye Bakanı Berat Albayrak Layık Görüldü..",https://www.zaytung.com/haberdetay.asp?newsid=348491,123
"Her Hafta Berat Albayrak'ın Mimiklerine Maruz Kalan Türkiye Pes Etti: ''Tamam ya yok kriz mriz, Allah kahretsin yok...''",https://www.zaytung.com/haberdetay.asp?newsid=348479,123
"McKinsey, Yabancı Yatırımcılar İçin İlk Türkiye Raporunu Yayınladı: ''Daha bizimle çalışıp çalışmadıkları bile belli değil. Gerisini varın siz...''",https://www.zaytung.com/haberdetay.asp?newsid=348394,123
AK Parti Hükumetine Para Karşılığı Danışmanlık Hizmeti Verecek Olan ''McKinsey Makro İktisata Giriş-II'' Ekibi Zorlu Göreve Hazır...,https://www.zaytung.com/haberdetay.asp?newsid=348381,123
"Enflasyonun %24'e Çıktığını Duyan Ülkücüler Bu Kez de Enflasyonu İndirmek İçin Türkiye İstatistik Kurumunu Bastı: ""Delikanlıysan in lan aşağı!..""",https://www.zaytung.com/haberdetay.asp?newsid=348332,123
"Bahçeli, Adamlarını Gece Yarısı Meral Akşener'in Evini Basmaya Yolladığı İddialarını Yalanladı: ''Ben İYİ Parti Genel Merkezi'ne gitmelerini söyledim ama bizim arkadaşlar malum...''",https://www.zaytung.com/haberdetay.asp?newsid=348315,124
"Bir Hafta İçinde 7.7 Şiddetinde Deprem, Tsunami ve Yanardağ Patlaması Yaşayan Endonezya'da Hükümet, Ülkede Kriz Var Algısı Oluşturanlara Savaş Açtı...",https://www.zaytung.com/haberdetay.asp?newsid=348309,124
"Enflasyonla Mücadele Görevini Merkez Bankası'ndan Devralan Zabıtalar, 2019 İçin Türkiye'nin Büyüme Tahminini de ''En Az Yüzde 7-8 Gibi Bi' Şeyler'' Olarak Revize Etti...",https://www.zaytung.com/haberdetay.asp?newsid=348265,124
"Borç Bulabilme Ümidiyle ABD ve Almanya ile İlişkileri Düzeltmeye Çalışan Hükümet, Ekonomideki Kötü Gidişin Sorumlusu Dış Mihrak Pozisyonu İçin Bulgaristan'la El Sıkıştı...",https://www.zaytung.com/haberdetay.asp?newsid=348217,124
Aylarca ''Amerika bize ekonomik savaş açtı'' Yaygarası Yaptıktan Sonra Ekonominin Denetlenmesi İçin ABD'li McKinsey Şirketi İle Anlaşan AK Parti'de Seçmene Olan İnanç Tam: ''Bizim yerimize buna da bir kılıf uyduracaklardır nasılsa...'',https://www.zaytung.com/haberdetay.asp?newsid=348070,124
Cumhurbaşkanlığı'ndan Hibe Uçak Açıklaması: ''Üçüncü kat imara uygun...'',https://www.zaytung.com/haberdetay.asp?newsid=348000,124
"Marmara Açıklarında Balıkçıların Ağlarına Takılan Sevimli Boeing-777, Uzun Uğraşlar Sonunda Kıyıya Çekilerek Cumhurbaşkanlığı Filosuna Teslim Edildi...",https://www.zaytung.com/haberdetay.asp?newsid=347978,124
"Gaza Gelip iPhone Kıran Geri Zekalılar, ABD-Türkiye İlişkilerindeki Normalleşme Yüzünden Mağdur Durumda: ''Kalp bir kez kırıldı mı onarmak kolay ama ya iPhone X?''",https://www.zaytung.com/haberdetay.asp?newsid=347894,124
"TÜİK, Eylül Ayında Kombi Yakmak İçin Gereken Minimum Aylık Geliri 6.400 TL Olarak Açıkladı...",https://www.zaytung.com/haberdetay.asp?newsid=347861,124
Ekonomideki Sorunlar İçin Rahip Brunson'ın Yerini Dolduracak Yeni Günah Keçisi Referandumla Belirlenecek...,https://www.zaytung.com/haberdetay.asp?newsid=347860,124
"Enerji ve Tabii Kaynaklar Bakanı Fatih Dönmez'den Kritik Uyarı: ""Bu kış birlik ve beraberliğe her zamankinden daha çok ihtiyacımız olabilir...""",https://www.zaytung.com/haberdetay.asp?newsid=347856,125
"33 Yaş, Aylık 7.000 TL Gelir ve Evdeki 2 Kediye Rağmen Henüz Sonbahar Depresyonuna Giremeyen Ceren Güntar'a Tepkiler Büyüyor...",https://www.zaytung.com/haberdetay.asp?newsid=347811,125
"Beyin Göçüne Engel Olamayan Türkiye, Şimdi de Vücut Göçü Tehlikesiyle Karşı Karşıya...",https://www.zaytung.com/haberdetay.asp?newsid=347796,125
Lc Waikiki'nın Efsane Maymunu Wayiki Selim'den Yıllar Sonra Çok Özel Açıklamalar: ''90'lar bir başkaydı...'',https://www.zaytung.com/haberdetay.asp?newsid=347795,125
Diriliş Ertuğrul Ekibinden Örnek Fedakarlık: Dizide Verilen Gazın Metreküp Fiyatında Bu Gece Yarısından İtibaren 75 Kuruş İndirime Gidildi...,https://www.zaytung.com/haberdetay.asp?newsid=347794,125
"Contemporary İstanbul, 120 Bin Gönüllü Tarafından Çekilen 6 Milyon Fotoğraf ve Video Sayesinde 3 Boyutlu Olarak Sanal Dünyaya Taşınıyor...",https://www.zaytung.com/haberdetay.asp?newsid=347749,125
Hayal Tacirleri Yine İş Başında: ''Almanya'da Startup'ta İş Bulduk'' Diye Kandırdıkları Yazılımcıları Edirne'nin Karaağaç Mahallesi'ne Bıraktılar...,https://www.zaytung.com/haberdetay.asp?newsid=347679,125
"Ünlü Para Birimi Dolar, Hakkında Merak Edilenleri Yanıtladı: ''Trump'a ben de uyuzum...''",https://www.zaytung.com/haberdetay.asp?newsid=347670,125
"Dönemin Başbakanı Erdoğan'ın ''3 çocuk'' Tavsiyesi Sonucu Dünyaya Gelen Soner Balzak(12), Bugün Aile Ekonomisine Katkıda Bulunan Kocaman Bir Adam..",https://www.zaytung.com/haberdetay.asp?newsid=347646,125
Kuru Kahveci Mehmet Efendi İle Yarışa Giren Belediye Başkanı'na Seçilmiş Değil Atanmış Olduğu Anlatılamıyor...,https://www.zaytung.com/haberdetay.asp?newsid=347621,125
"Milli Piyango'dan Yeni Şans Oyunu: Her Hafta İflas ya da Konkordato İlan Edecek Şirket Sayısını Bil, Büyük İkramiyeyi Kazan!",https://www.zaytung.com/haberdetay.asp?newsid=347572,126
"Önümüzdeki Yıl Maaşlara Zam Yapmayacağını Açıklayan Montaş A.Ş, Onun Yerine Çalışanların Gramajını Düşürerek Durumu Telafi Edecek...",https://www.zaytung.com/haberdetay.asp?newsid=347559,126
Emniyet'ten Ekonomiye Destek: Araç Kullanırken Uyumsuz Kombin Giyindiği EDS İle Tespit Edilen Sürücülere Ceza Yağdı...,https://www.zaytung.com/haberdetay.asp?newsid=347526,126
"Bu Sabah Banka Tarafından Geciken Kredi Kartı Ödemesi İçin Aranmayan Murat Yemiş(29), Genel Müdürlük'teki Kızın Sağlığından Endişeli...",https://www.zaytung.com/haberdetay.asp?newsid=347494,126
"Katar Halkı, Erdoğan'a Hediye Edilen Uçağın Karşılığında Türkiye'den Ne Alındığını Merak Ediyor: ""Peşkeş kurum istemiyoruz""",https://www.zaytung.com/haberdetay.asp?newsid=347436,126
"AK Parti'den Torpille İşe Girip Devletten Düzenli Maaş Alan Murat Aybük(30), Düzenli Olarak Ölüp Düzensiz Olarak Maaş Alan 3. Havalimanı İşçilerinin Kimin Maşası Olduğunu Öğrenmeye Çalışıyor. Gözler A Haber'de...",https://www.zaytung.com/haberdetay.asp?newsid=347413,126
"Faiz Yüzünden mi Döviz Yüzünden mi Batması Gerektiğine Karar Veremeyen Albazlar Holding, Çalışanlar Arasında Anket Düzenlemeye Karar Verdi",https://www.zaytung.com/haberdetay.asp?newsid=347385,126
Ekonomik Çalkantılarla Boğuşan Türkiye'nin Yardım Çağrısına Yine Ülkenin Cumhurbaşkanı Erdoğan Koştu...,https://www.zaytung.com/haberdetay.asp?newsid=347378,126
"Katar Şeyhi El-Sani'nin Cumhurbaşkanı Erdoğan'a uçak hediye etmesi, Telekom'un Katarlılarca hortumlanmış olma ihtimalini de tamamen ortadan kaldırmış oldu..",https://www.zaytung.com/haberdetay.asp?newsid=347340,126
Tüm Israrlara Rağmen Varlık Fonu Yönetim Kurulu Başkanlığı Görevi İçin Kendisine Teklif Ettiği Maaşı Almayı Reddeden Cumhurbaşkanı Erdoğan: ''Maaş bi şekilde halledilir... Ben onu kafaya takmayayım... O iş bende...'',https://www.zaytung.com/haberdetay.asp?newsid=347326,126
Cumhurbaşkanı Erdoğan Tarafından Türkiye Varlık Fonu Yönetim Kurulu Başkanlığına Atanan Cumhurbaşkanı Erdoğan: ''Benim için de sürpriz oldu...'',https://www.zaytung.com/haberdetay.asp?newsid=347280,127
Üniversite ve Özel Sektörün İşbirliğiyle Hayata Geçirilen Tamamı Yerli Üretim İlk Grip Virüsümüz ''Turkuaz'' Basına Tanıtıldı,https://www.zaytung.com/haberdetay.asp?newsid=347271,127
"Tarım Bakanlığı, Şarbon İddialarını Yalanladı: ''Kırmızı ete paramız yetmiyor demeye utanan kimi vatandaşlarımızın çıkardığı...''",https://www.zaytung.com/haberdetay.asp?newsid=347237,127
Küçük Alper'den Büyük Fedakarlık: ''Devletimize fazla masraf olacaksa bu senelik okullar hiç açılmasa da olur bence...'',https://www.zaytung.com/haberdetay.asp?newsid=347175,127
"Sanayi ve Teknoloji Bakanı Mustafa Varank, Yapımı Devam Eden Bilişim Vadisi Projesi Hakkında İddialı Konuştu: ''Tamamlandığında Avrupa'nın en büyük otoparkı olacak...''",https://www.zaytung.com/haberdetay.asp?newsid=347170,127
"Otuz Yılda Devlete Sadece Bir Tane Trafik Polisi Yerleştirmeyi Başarabilen Cahitçiler Tarikatı, Dağılma Kararı Aldı...",https://www.zaytung.com/haberdetay.asp?newsid=347140,127
"Ubisoft Müjdeyi Verdi! Merakla Beklenen Serinin Son Oyunu, ''Assassin's Creed: Yallah to Turkey'' 2018 Yılı Sonuna Kadar Raflardaki Yerini Alacak...",https://www.zaytung.com/haberdetay.asp?newsid=347084,127
İki Milyon Mülteci Daha Geleceği Haberini Alan Türkiye'deki Suriyeliler Endişeli: Yeni Gelenlerle Eskiler Uyum Sorunu Yaşar mı?,https://www.zaytung.com/haberdetay.asp?newsid=347057,127
"Tuvalet Kağıdı Fiyatlarındaki Artış Tirajlarına Olumlu Bir Şekilde Yansıyan Yeni Akit Gidişattan Memnun: ""Öyle ya da böyle bir şekilde okuyucuya ulaştık...""",https://www.zaytung.com/haberdetay.asp?newsid=347035,127
"Türkiye Kuyumcular Federasyonu, Yalan Yanlış Bahaneler Uydurarak Geçtiğimiz Yaz Hiçbir Düğüne Katılmayan 471 Bin Kişiyi İfşa Etmeye Hazırlanıyor...",https://www.zaytung.com/haberdetay.asp?newsid=347018,127
Cumhurbaşkanlığı'ndan 30 Ağustos Resepsiyonu Açıklaması: ''Ona bakarsan siz de tatilden beri gelmediniz...'',https://www.zaytung.com/haberdetay.asp?newsid=347009,128
Ekonomide Korkutan Senaryo: Elektrik Faturalarını Ödeyemeyecekleri İçin A Haber ve Diriliş Ertuğrul İzleyemeyecek Vatandaşların Duruma Uyanma İhtimali...,https://www.zaytung.com/haberdetay.asp?newsid=346981,128
"Yıllardır GDO'lu Meyve, Trans Yağlı Patates, H5N1'li Tavukla Beslenen Türkiye, Şarbonlu Ete Meydan Okuyor...",https://www.zaytung.com/haberdetay.asp?newsid=346973,128
''Instagram'da Bile Mutlu Görünmeyi Başaramamak'' Medeni Kanun'a Boşanma Gerekçesi Olarak Ekleniyor...,https://www.zaytung.com/haberdetay.asp?newsid=346930,128
Esnaf ve KOBİ'lerden Hükümete Destek Hamlesi: Kriz Algısı Oluşturmamak İçin Sıra İle Batacaklar...,https://www.zaytung.com/haberdetay.asp?newsid=346792,128
"YKS Sonuçlarının Açıklanmasının Ardından Farklı Şehirleri Kazanan Çiftler Umutlu: ''Ya hafta sonları bi ben gelirim, bi sen gelirsin...''",https://www.zaytung.com/haberdetay.asp?newsid=346787,128
Hükumetten Memur Adaylarına Müjde! KPSS Yerine ''e-tarikat'' sistemi geliyor..,https://www.zaytung.com/haberdetay.asp?newsid=346773,128
"Dövizdeki Artış Basını da Vurdu: Takvim, Emekliye Zam Müjdesini Artık 75 Kuruş Yerine 1 TL'den Verecek...",https://www.zaytung.com/haberdetay.asp?newsid=346759,128
"Bayram Tatili Boyunca Dövizin Artmadığını Fark Eden Ekonomi Yönetimi, Hafta Sonu Tatilini 6 Güne Çıkarmak İçin Düğmeye Bastı...",https://www.zaytung.com/haberdetay.asp?newsid=346656,128
Uyarılar Yine Fayda Etmedi: Tatilden Döner Dönmez Çalışmaya Başlayan Yüzlerce Kişi Vurgun Yiyerek Hastaneye Kaldırıldı...,https://www.zaytung.com/haberdetay.asp?newsid=346641,128
"Fatih'te Yaşayan Araplar, Bayram Tatilinden Dönen Türk Azınlığa Tepkili: ''Memleketlerine böyle rahat gidip gelebiliyorlarsa demek ki bunlar mülteci değil...''",https://www.zaytung.com/haberdetay.asp?newsid=346580,129
"İki Çocuğuyla Birlikte Tatile Çıkan Günek Ailesi, Kendilerininki de Dahil Yaklaşık 400 Kişinin Tatilini Burnundan Getirdikten Sonra Dönüş Hazırlığına Başladı...",https://www.zaytung.com/haberdetay.asp?newsid=346529,129
"Dolandırıcılık, Soygun ve Gasp Suçlarından 8 Yıl Yattıktan Sonra Tahliye Olan Zafer Yucalı(33), Tecrübelerini Turizm Sektöründe Değerlendirmek İstiyor...",https://www.zaytung.com/haberdetay.asp?newsid=346527,129
"Çeşme'de 10 Liraya Lahmacun Satılan Beach, İlgisizlikten Kapanma Noktasına Geldi...",https://www.zaytung.com/haberdetay.asp?newsid=346501,129
Bu Yıl Neden Bayram Harçlığı Vermediğini 2013'te FED'in Faiz Artırımı Kararından Başlayarak Anlatan Yüksel Marazlı(37): ''Çocukların aklında bir soru işareti kalsın istemiyorum...'',https://www.zaytung.com/haberdetay.asp?newsid=346477,129
"Bir Ay Boyunca Arkadaşlık Ettiği Hayvanın Kafası Babası Tarafından Kesilen, Annesi Tarafından da Komşuya Gönderilen Berke Demircan(6) Nedense Bu Ara Biraz İçine Kapanık...",https://www.zaytung.com/haberdetay.asp?newsid=346465,129
"Şehrin Trafiğinden, Kalabalığından ve Keşmekeşinden Uzaklaşmak İsteyen 1.5 Milyon İstanbullu, Bodrum'da Buluştu...",https://www.zaytung.com/haberdetay.asp?newsid=346419,129
Yiyemediğiniz Eti Elaleme Dağıtma Derdine Son: Yeni Nesil Şimbilli Derin Dondurucu ile Kestiğiniz Kurbanın Etini Doğmamış Torunlarınız Bile Yiyebilecek...,https://www.zaytung.com/haberdetay.asp?newsid=346410,129
Yerel Seçimlere Doğru: 56 Yıldır Çaycuma Belediye Başkanlığını Sürdüren Rıza Sarıkaya(92): ''Koltuklar kimsenin babasının malı değil…'',https://www.zaytung.com/haberdetay.asp?newsid=346408,129
Vefa Semt Adı Değil: Son 5 Yılda 3 Kattan Fazla Değer Kaybeden TL'nin ve 500 Milyar Dolarlık Borcun Tüm Yükünü Omuzlarına Alan Rahip Brunson'ın Heykeli Dikilecek...,https://www.zaytung.com/haberdetay.asp?newsid=346392,129
"Euroya, Dolara İnat: Ülkemizi Instagram'da Temsil Edecek 2 Kahraman Çift Törenle Phuket’e Uğurlandı...",https://www.zaytung.com/haberdetay.asp?newsid=346375,130
Benzinin Litresi İçin 6.80 TL Talep Eden İstasyonu Emniyet'e İhbar Eden Duyarlı Vatandaş: ''Ekonomiyi kötüymüş gibi göstermeye çalışan bu alçaklar...'',https://www.zaytung.com/haberdetay.asp?newsid=346307,130
"Satacak Fazla Bir Şeyi Kalmayan Türkiye ile Katar Arasındaki 15 Milyar Dolarlık Anlaşmanın Detayları Gelmeye Başladı: Türklerden Alınan Saçlar, Araplara Ekilecek...",https://www.zaytung.com/haberdetay.asp?newsid=346296,130
"Türkiye'ye Yılda 4 Milyar Adet Bozuk iPhone Şarjı İhraç Eden Çin, Boykot Konusunda Uyardı: ''ABD'yi değil, bizi batırır...''",https://www.zaytung.com/haberdetay.asp?newsid=346225,130
Artık İsteseler de Alamayacakları iPhone'a Karşı Boykot Başlatan Erdoğan'a Vatandaşlardan Tam Destek: ''Yurt dışı tatiline de boykot istiyoruz reis!'',https://www.zaytung.com/haberdetay.asp?newsid=346186,130
Zor Durumdaki İnşaat Sektörüne Can Simidi: Kimsenin Dikkate Almadığı Trafik Levhaları Hurda Demir Olarak İnşaat Firmalarına Satılacak...,https://www.zaytung.com/haberdetay.asp?newsid=346176,130
"SWAP'in Ardından Geç Likidite Penceresi'nin Ne Demek Olduğunu da Öğrenen Murat Aydınlar(28), İşsiz Kalacağı Tarihi Yüksek İsabet Oranıyla Hesaplayabilecek Bilgi Birikimine Ulaştı..",https://www.zaytung.com/haberdetay.asp?newsid=346124,130
"Bakan Albayrak, Ekonomik Krize Karşı Acil Eylem Planını Açıkladı: ''İnşaatları yenebilir malzemeden yapacağız. Çok aç kalırsak...''",https://www.zaytung.com/haberdetay.asp?newsid=346080,130
"Para Birimi Son 1 Yılda TL Karşısında Neredeyse 2 Kat Değerlenen Gambiya, Ülkede Kimin Türkiye'ye Karşı Ekonomik Savaş Açtığını Araştırıyor...",https://www.zaytung.com/haberdetay.asp?newsid=345992,130
"Borç Parayla İnşaat Yapıp Cep Telefonu Alarak Dünya Devi Olma Hedefi Zora Giren Türkiye, Birilerinin Kendisine Operasyon Yaptığından Emin...",https://www.zaytung.com/haberdetay.asp?newsid=345939,130
"Dün Sabah İki Ülke Arasındaki Krizi Çözmeleri İçin ABD'ye Gönderilen ve Bu Sabah Yurda Dönen Heyetten Görüşmelere Dair İlk Açıklama: ""Hangi görüşme?""",https://www.zaytung.com/haberdetay.asp?newsid=345787,131
Merkez Bankası'ndan Piyasaları Rahatlatma Hamlesi: TCMB ve FED Kardeş Merkez Bankaları Olacak...,https://www.zaytung.com/haberdetay.asp?newsid=345764,131
"Euro'nun 6 TL'yi Geçmesinin Ardından Almanya'daki Gurbetçilerimizden AK Parti'ye Destek Mitingi: ''Napıyorsanız aynen devam edin, arkanızdayız...''",https://www.zaytung.com/haberdetay.asp?newsid=345715,131
"Cumhurbaşkanı Erdoğan, Ekonomiye Müjde Üstüne Müjde Veren Basının Temsilcileriyle Bir Araya Geldi: ''Doğru mu ya bunlar? Kimden duydunuz?''",https://www.zaytung.com/haberdetay.asp?newsid=345697,131
"Ekonomiye Dış Kaynak Müjdesi: Türkiye, Vaktiyle Somali, Sudan ve Libya Gibi Ülkelere Yaptığı Yardımları Geri Çağırıyor...",https://www.zaytung.com/haberdetay.asp?newsid=345640,131
"Ulaştırma Bakanı Turhan, 3. Havalimanında Oluştuğu İddia Edilen Göçükle İlgili Konuştu: ''Haa o şey ya... Metro durağı o...''",https://www.zaytung.com/haberdetay.asp?newsid=345562,131
"AK Parti, Türkiye Ekonomisi Şahlanıyor Sanan A Haber İzleyicilerini Dolar Bozdurmaları İçin İkna Etmenin Bir Yolunu Arıyor...",https://www.zaytung.com/haberdetay.asp?newsid=345546,131
Bir Önceki Dolar Bozdurma Çağrısını 3.40 Seviyesindeyken Yapan Cumhurbaşkanı Erdoğan: ''Bu sefer sanki işe yarayacak gibi bir his var içimde...'',https://www.zaytung.com/haberdetay.asp?newsid=345492,131
Düğünlerde Havaya 1 Dolar Yerine 5 TL Atılmasını Öngören Yasa Tasarısı Mecliste...,https://www.zaytung.com/haberdetay.asp?newsid=345460,131
"KiKi Challenge'la Dilediği Doğal Seleksiyonla Gerizekalı Eleme Rakamına Ulaşamayan İlluminati, Eli Yükseltiyor: Araba Hareket Ederken İnip Egzoz Gazı Çektikten Sonra...",https://www.zaytung.com/haberdetay.asp?newsid=345448,131
"Tatil İçin Türkiye'yi Tercih Eden ABD'li Richards Ailesi, Ülkemize Bayıldı: ''1 ay daha kalırsak oteli satın alabiliyoruz...''",https://www.zaytung.com/haberdetay.asp?newsid=345366,132
Senede 2 Hafta İzni Olan Bir Beyaz Yakalı Daha Instagram'dan Özenip Gezi Blogger'ı Olmaya Çalışıyor. Salda Gölü'nden Yürek Burkan Görüntüler...,https://www.zaytung.com/haberdetay.asp?newsid=345291,132
"YKS'de İlk 10.000'e Girmeyi Başaran Genç, En Büyük Hayali Olan ''KPSS Kasıp Atama İçin Torpil Peşinde Koşmaya'' Bir Adım Daha Yaklaştı...",https://www.zaytung.com/haberdetay.asp?newsid=345265,132
Yeni Gelinleri Türkler Tarafından Pek Beğenilmeyen İngiliz Kraliyet Ailesinde Moraller Bozuk,https://www.zaytung.com/haberdetay.asp?newsid=345226,132
"Ortalama Yaşam Süresinin 38 Yıl, AİDS'li Nüfusun 1,3 Milyon Olduğu Zambiya'dan Türkiye'ye Uyarı: ''İşbirliği anlaşması imzaladık ama çok da bir şey beklemeyin siz yine...''",https://www.zaytung.com/haberdetay.asp?newsid=345218,132
ABD'nin Uygulayacağı Yaptırımlarla İlgili Ürkütücü İddia: Instagram'ı Türkiye'ye Kapatarak Turizm ve Eğlence Sektörünü Çökertecekler...,https://www.zaytung.com/haberdetay.asp?newsid=345147,132
"ABD'nin Ekonomik Yaptırım Tehditine Dışişleri'nden Sert Yanıt: ''Bizim kaybedecek pek bir şeyimiz yok, zaten nasılsa...''",https://www.zaytung.com/haberdetay.asp?newsid=345110,132
"İstanbul Valisi Vasip Şahin, Tatile Gidenleri Tekrar Şehre Sokmayarak İstanbul'un Nüfus Yükünü Hafifletmeyi Planlıyor",https://www.zaytung.com/haberdetay.asp?newsid=345041,132
"Bakan Albayrak, G20 Zirvesini Değerlendirdi: ''Türkiye'ye ekonomik savaş açan dış mihrakları Türkiye'ye yatırım yapmaya davet ettik...''",https://www.zaytung.com/haberdetay.asp?newsid=344945,132
Atatürk'e Hakaret Eden Genç Kızın Fikirlerine Saygı Duymayan Arkadaşı Hakkında Cumhurbaşkanı'na Hakaret Şüphesiyle Soruşturma Başlatıldı,https://www.zaytung.com/haberdetay.asp?newsid=344827,133
Hekime Karşı Şiddette Yeni Dönem: Doktor Darp Etmek İsteyen Hasta Yakınları İçin Randevulu Sistem Geliyor...,https://www.zaytung.com/haberdetay.asp?newsid=344787,133
"Bugüne Dek Taktığı Altınların Geri Dönüşünden Umudu Kesen Melike Sudan(58), Evlenmemekte Israr Eden 2 Çocuğuna Tazminat Davası Açtı...",https://www.zaytung.com/haberdetay.asp?newsid=344771,133
"İran'dan Sonra Venezüella ile de Ambargo Delme Konusunda Anlaşan Türkiye, Güvenilir ve Hayırsever Venezüellalı İş Adamı Arayışlarına Başladı...",https://www.zaytung.com/haberdetay.asp?newsid=344734,133
THY'de Yeni Skandal: AK Parti'den Getirdikleri Torpil Belgesi Sahte Çıkan 8 Çalışanın Görevine Son Verildi...,https://www.zaytung.com/haberdetay.asp?newsid=344710,133
"Bedelli İçin Ne 15 Bin Lirası, Ne de O Kadar Kredi Çekme Şansı Bulunan Emre Yönmez(28)'in Yakın Çevresinde Gergin Bekleyiş: ''Ne zaman borç istemeye gelecek?''",https://www.zaytung.com/haberdetay.asp?newsid=344577,133
"Yılan Tarafından Isırılan Genç Pandomimci, Son Yolculuğuna Uğurlandı...",https://www.zaytung.com/haberdetay.asp?newsid=344550,133
"Bayburt Valisi, Şüpheli Gördüğü Bir Vatandaşı Mancınıkla Gümüşhane'ye Fırlattı..",https://www.zaytung.com/haberdetay.asp?newsid=344498,133
"Gaziantep'te Bulunan Enkazın, Geçen Sene Düşen ve Daha Havadayken Yayın Yasağı Getirilen Yolcu Uçağına Ait Olduğu Anlaşıldı....",https://www.zaytung.com/haberdetay.asp?newsid=344466,133
Ekşi Sözlük Yazarlarından Dikkat Çeken Talep: ''Öğretmenler için yazın toplama kampları kurulsun...'',https://www.zaytung.com/haberdetay.asp?newsid=344446,133
Kadın Cinayetleri Konusunda Önemli Adım: Zanlının Tutuklanması İçin Olayın Twitter'da Trend Olma Şartı Kademeli Olarak Kaldırılıyor...,https://www.zaytung.com/haberdetay.asp?newsid=344407,134
"Instagram'ın ""Bana Soru Sor"" Özelliğinin Gördüğü İlgi WhatsApp'ı da Harekete Geçirdi: Sevgililer İçin ""Bana Cevap Ver"" Özelliği Geliyor...",https://www.zaytung.com/haberdetay.asp?newsid=344340,134
iPhone'a Gelen Yüzde 25'lik Zamma Dışişleri'nden Sert Tepki: ''Milletimizin en temel değerlerinden birine karşı yapılan bu saldırı...'',https://www.zaytung.com/haberdetay.asp?newsid=344331,134
ÖSYM'den Cemaatleri Kızdıran Adım: ''KPSS soru ve cevapları bundan sonra tüm adaylara sınavdan önce dağıtılacak...'',https://www.zaytung.com/haberdetay.asp?newsid=344276,134
Yeni Kabinede İlk Kriz: Berat Albayrak Sabah Kahvaltıya İnmedi!,https://www.zaytung.com/haberdetay.asp?newsid=344111,134
Piyasalar Berat Albayrak'a Olumlu Tepki Verdi: ''İyi yine bu ekonominin başına geçmeye razı olan birilerini bulmuşlar..'',https://www.zaytung.com/haberdetay.asp?newsid=344090,134
Ulaştırma Bakanı Ahmet Arslan ''İhmal'' İddialarını Reddetti: ''231 km'lik tren yolunun sadece 4 metrelik bir kısmı sıkıntılı...'',https://www.zaytung.com/haberdetay.asp?newsid=344021,134
"Tren Kazasında Bir İhmal Varsa Bile Yazamayacak Olan Türk Medyası, Yayın Yasağının Tam Olarak Kime Getirildiği Sorusuna Yanıt Arıyor...",https://www.zaytung.com/haberdetay.asp?newsid=343985,134
"Her Yıl Düzenlenen ''Geleneksel Gaza Gelip İdam Tartışma Haftası'', Yine Geniş Katılıma Sahne Oldu...",https://www.zaytung.com/haberdetay.asp?newsid=343852,134
"Türkiye'nin Yerli Kredi Derecelendirme Kuruluşu Hamlesinden İlham Alan Genç, Kendi Öğrenci Seçme ve Yerleştirme Merkezini Kurmaya Hazırlanıyor...",https://www.zaytung.com/haberdetay.asp?newsid=343845,134
"Bir Aylık Salsa Dersi, Yine Düğün Halayının Gazabına Uğradı...",https://www.zaytung.com/haberdetay.asp?newsid=343777,135
"Getirilen Ek Vergi ve Zamların Ülkenin Yarısı Tarafından ''Oh olsun'' Diye, Diğer Yarısı Tarafından da ''Feda olsun'' Diye Desteklendiğini Fark Eden Hükümette Yüzler Gülüyor...",https://www.zaytung.com/haberdetay.asp?newsid=343731,135
"Özel Beybihan Üniversitesi Instagirl Meslek Yüksekokulu, Geleceğin Şeyma Subaşı'larını Yetiştirmeyi Hedefliyor...",https://www.zaytung.com/haberdetay.asp?newsid=343698,135
"Ailesinin Tüm Çabalarına Rağmen Üniversite Sınavına Son Anda Yetişen Genç, Kaportacı Olma Şansını Mucizelere Bıraktı...",https://www.zaytung.com/haberdetay.asp?newsid=343664,135
MHP Genel Başkanı Devlet Bahçeli Güneydoğu'ya Seçmene Teşekkür Turuna Çıkıyor...,https://www.zaytung.com/haberdetay.asp?newsid=343594,135
"Türkiye, 4 Milyon Mülteciye Mal Olan 7 Yıllık Suriye Politikasının Meyvelerini Nihayet Toplamaya Başlıyor: Ucuz Patates...",https://www.zaytung.com/haberdetay.asp?newsid=343547,135
"Temkinli Davranma Kararı Alan Meteoroloji Genel Müdürlüğü, Bundan Sonra Sadece Mevcut Hava Durumunu Duyuracak...",https://www.zaytung.com/haberdetay.asp?newsid=343489,135
Olası Bir Göktaşı Tehdidine Karşı TÜBİTAK'tan İddialı Proje: Dev Kilim!,https://www.zaytung.com/haberdetay.asp?newsid=343442,135
Tüm Çabasına Rağmen Ekonomik Krizi Tekrar Kucağında Bulan Erdoğan'dan Muhalefete Sert Çıkış: ''Lan hani YSK'da sabahlayacaktınız!?'',https://www.zaytung.com/haberdetay.asp?newsid=343270,135
IMF'de 24 Haziran Seçimleri Heyecanı: ''Kiminle kredi anlaşması imzalayacağımızı öğrenmek için biz de sabırsızlanıyoruz...'',https://www.zaytung.com/haberdetay.asp?newsid=343177,135
AK Parti'den Mimar Sinan Üniversitesi Açıklaması: ''Sayın Cumhurbaşkanımız 24 Haziran'dan sonra okulun bahçesine soğan ekmek suretiyle...'',https://www.zaytung.com/haberdetay.asp?newsid=343128,136
"Israrla 15 Sene Önce Ülkede Buzdolabı Olmadığını İddia Eden Cumhurbaşkanı Erdoğan, Türkiye'yi Endişelendiriyor: ''Ya söylediği şeye gerçekten inanıyorsa?''",https://www.zaytung.com/haberdetay.asp?newsid=343054,136
Klima Savaşında Gülen Taraf Yine Menopozlular Oldu: Ofis İçi Ortalama Sıcaklık 17 Santigrat Derece...,https://www.zaytung.com/haberdetay.asp?newsid=342984,136
Döviz ve Faizle Mücadele İçin 24 Haziran'da Yetki İsteyen Cumhurbaşkanı Erdoğan: ''Şu an bir yetkim eksik ama tam ne ben de bilmiyorum...'',https://www.zaytung.com/haberdetay.asp?newsid=342926,136
En Önemli Vaatleri Kıraathane ve Park Olan AK Parti'de Seçim Kampanyası İşinin de Torpille Halledildiği Yönünde Şüpheler Artıyor,https://www.zaytung.com/haberdetay.asp?newsid=342836,136
"Uzaktan Akrabalar Bayrama Hazır: ''Bu yıl da işe giremeyen, okulu bitmeyen, evlenmeyen gençlerin kabusu olacağız...''",https://www.zaytung.com/haberdetay.asp?newsid=342623,136
"En Az 30 Yıldır Bedava Kek ve Çay Dağıtan Kamil Koç Turizm, Siyasete Girmeye Hazırlanıyor: ''Bu kadar kıymetli olduğunu bilsek çok daha önce...''",https://www.zaytung.com/haberdetay.asp?newsid=342573,136
Seçim Öncesi Ekonomide Sevindiren Gelişme: Adıyaman'ın Kahta İlçesinde Devlete Ait Henüz Satılmamış Fabrika Bulundu...,https://www.zaytung.com/haberdetay.asp?newsid=342538,136
Yaz Tatiliyle Birlikte Yaklaşan Açık Tehlike: Sıkıntıdan Kendini Youtuber'lığa Verecek Yüz Binlerce Mal Ergen...,https://www.zaytung.com/haberdetay.asp?newsid=342385,136
"Tıp Fakültelerinin Yüksek Maliyetinden Şikayet Eden Cumhurbaşkanı Erdoğan, Kendini Kötü Hisseden Vatandaşları Yeni Yapılan Yazlık Sarayında Ağırlayabileceğini Açıkladı",https://www.zaytung.com/haberdetay.asp?newsid=342310,136
Mitinglerinde Aşırı Coşkulu Görünen Muharrem İnce'ye 450 Milyar Dolarlık Dış Borçtan Kimsenin Bahsetmediği Yönünde Şüpheler Artıyor...,https://www.zaytung.com/haberdetay.asp?newsid=342239,137
Ayvalık’ta Geçen Yaz Sahilde Kuma Gömülerek Unutulan Anneanneler Açığa Çıkarıldı...,https://www.zaytung.com/haberdetay.asp?newsid=342126,137
"Dört Yıl Önce 52.000 TL'ye Alınan Araç, Sıfır Fiyatının 100.000 TL'ye Ulaşmasının Ardından Artık Evde Misafir Edilecek...",https://www.zaytung.com/haberdetay.asp?newsid=342043,137
"''O kızı niye like ettin'' Kavgasında Kılıçlar Çekildi: Karışılıklı Olarak 3. Paylaşımlarını da Beğenmeyen Çift, Story'lere Bakmayı da Bıraktı...",https://www.zaytung.com/haberdetay.asp?newsid=341958,137
İçişleri Bakanlığı'ndan Muharrem İnce Mağduru Basın Emekçilerine Gazi Aylığı Müjdesi...,https://www.zaytung.com/haberdetay.asp?newsid=341892,137
UBER'in Yasaklanmasıyla Rahatlayan Taksicilerden Samimi İtiraf: ''Bir an adam olmak zorunda kalacağız diye endişelendik...'',https://www.zaytung.com/haberdetay.asp?newsid=341758,137
"Mehmet Şimşek Tarafından İftarda Ziyaret Edilen Güngören Ailesi, Fakir Oldukları Yönündeki İddiaları Reddetti...",https://www.zaytung.com/haberdetay.asp?newsid=341714,137
"Mahir Ünal, Anketlerdeki Son Durumu Açıkladı: ''%96-98 Bandındayız...''",https://www.zaytung.com/haberdetay.asp?newsid=341690,137
''Yerli ve Milli Kur'' (MUR) Basına Tanıtıldı: 1 USD = 1 SKY (Sen Kimsin Ya),https://www.zaytung.com/haberdetay.asp?newsid=341629,137
"Ezhel'in Şarkı Sözleri Nedeniyle Tutuklanmasını Doğru Bulan Geri Zekalı, AKP'nin Yasak ve Sansürlerle Türkiye'yi 3. Dünya Ülkesi Yapmasından Şikayetçi...",https://www.zaytung.com/haberdetay.asp?newsid=341487,137
"Kurdaki Yükseliş Nedeniyle Uzunca Bir Süre Yurt Dışı Tatili Görünmeyen Ceren Yumak(28), 2 Yıl Önceki İtalya Tatiline Ait TBT'leri 2 Haftada 1'e Düşürme Kararı Aldı...",https://www.zaytung.com/haberdetay.asp?newsid=341442,138
Berberler Odası'ndan Piyasalara Müdahale Sinyali: ''Kimse bir şey yapmayacaksa biz yine başlayalım bedava tıraşa...'',https://www.zaytung.com/haberdetay.asp?newsid=341403,138
"800 Dolarlık Birikimi Sayesinde Her Gün Sigara Parasını Bedavaya Getiren Yavuz Aycan, Ekonomideki Gidişattan Memnun...",https://www.zaytung.com/haberdetay.asp?newsid=341306,138
Beyaz Show'un Yayından Kaldırılması Üniversiteleri Vurdu: Tek Aktivitesi Programa Otobüs Kaldırmak Olan Yüzlerce Kulüp Kapanma Noktasında...,https://www.zaytung.com/haberdetay.asp?newsid=341293,138
"Milletvekili Olmak İçin Evden Kaçan E.G (18), Ankara Pavyonlarına Düştü...",https://www.zaytung.com/haberdetay.asp?newsid=341247,138
Prens Harry: ''En çok içime oturan fotoğrafçıya verdiğimiz para oldu...'',https://www.zaytung.com/haberdetay.asp?newsid=341108,138
"Petrol İhraç Eden Ülkeler Birliği (OPEC), Sadece Seçimlerden Önce Aktif Hale Gelen Petrol Yataklarını İncelemek Üzere Türkiye'ye Bir Heyet Gönderdi...",https://www.zaytung.com/haberdetay.asp?newsid=341011,138
Uyuşturucu Operasyonunda Gözaltına Alabildiği En Ünlü İsim ''Kavak Yelleri’ndeki şu şişman çocuk'' Olan İzmir Emniyeti’nde Moraller Bozuk...,https://www.zaytung.com/haberdetay.asp?newsid=341005,138
"Genelkurmay Başkanı Akar'ı Hedef Alan ''Sök apoletlerini, çık karşımıza'' Sözlerinin Ardından Muharrem İnce'nin Evinin Önüne Bir Tank Konuşlandırıldı...",https://www.zaytung.com/haberdetay.asp?newsid=340981,138
Yabancı Yatırımcıdan Türk Ekonomisine Övgü: ''Daha Faiz - Enflasyon ilişkisini bile bilmeyen bir liderle yine iyi idare ediyor...'',https://www.zaytung.com/haberdetay.asp?newsid=340942,138
"Akaryakıt Fiyatları Faciayı Önledi: Park Halindeyken Alev Alan Araç, İçinde 50 TL'lik Benzin Olması Sayesinde Kendiliğinden Söndü...",https://www.zaytung.com/haberdetay.asp?newsid=340926,139
''Laiklik elden gidiyeah'' Sözleriyle Gündem Yaratan Süleyman Dayı: ''Olayı egzejere ettiler...'',https://www.zaytung.com/haberdetay.asp?newsid=340914,139
"Merkez Bankası, Yıl Sonu Dolar Tahminini ''İnşallah kasada bizim maaşları ödeyecek kadar bir şey kalır'' Olarak Güncelledi...",https://www.zaytung.com/haberdetay.asp?newsid=340876,139
''Artis ne arar la bazarda''dan Sonra Yeni Bir Saçmalayan Dayı Videosu Çıkaramayan Türk İnternet Camiasında ''Laiklik elden gidiyeah'' Coşkusu...,https://www.zaytung.com/haberdetay.asp?newsid=340799,139
Ekonomi Bakanı Nihat Zeybekçi: ''Bence yaşadığımız dünya da bir bilgisayar simülasyonu zaten...'',https://www.zaytung.com/haberdetay.asp?newsid=340666,139
"''Fetöcü'', ''Hain'' ve ''Terörist'' Dahil 14 Kelimeyi Seri Bir Şekilde Tekrarlayabilen Sevimli Muhabbet Kuşu Boncuk, AK Parti İletişim Sorumluluğuna Atandı...",https://www.zaytung.com/haberdetay.asp?newsid=340548,139
Bahçeli: ''Sosyal medyada T A M A M yazan 2 milyon kişi FETÖ'den araştırılsın...'',https://www.zaytung.com/haberdetay.asp?newsid=340491,139
Pazarlıklar Sonuç Verdi: Yaz Diyeti İçin Son Başlama Tarihi 1 Haziran'a Kadar Uzatıldı...,https://www.zaytung.com/haberdetay.asp?newsid=340454,139
Erdoğan'dan Bir Vaat de Rakip Adaylara: ''İnşallah seçilirsem 24 Haziran'dan sonra sizin mitingleri de televizyonlardan yayınlatacağız...'',https://www.zaytung.com/haberdetay.asp?newsid=340403,139
"YSK, Bütün Ülke Seçim Konuşurken Mezarlıkta Hayalet Kovalayan Çorum'u Uyardı: ''Napıyonuz olm siz orada?''",https://www.zaytung.com/haberdetay.asp?newsid=340306,139
Devlet Bahçeli ile İlgili Kafa Karışıklığı Sürüyor: ''Samimi olarak mı saçmalıyor yoksa AKP'yi sabote etmek için bilerek mi saçmalıyor?'',https://www.zaytung.com/haberdetay.asp?newsid=340253,140
"İttifak Açıklamasıyla Umutlanan Muhalefet Cephesi, AK Parti'den Gelen Şok Hamleyle Sarsıldı...",https://www.zaytung.com/haberdetay.asp?newsid=340201,140
"Sigortası Asgari'den Yatan Makine Mühendisi, 1 Mayıs'ta Tatil Yapamamaktan Şikayetçi: ''Resmen işçi muamelesi görüyoruz...''",https://www.zaytung.com/haberdetay.asp?newsid=340121,140
"Bütçesinin 3 Arkadaş Düğününü Daha Ancak Kaldırabileceğini Açıklayan Burak Tarhan (33), Konkordato İlan Etti...",https://www.zaytung.com/haberdetay.asp?newsid=339988,140
Büyükada’daki Faytonların Yerini Yurt Dışından İthal Edilen Anguslar Alıyor...,https://www.zaytung.com/haberdetay.asp?newsid=339987,140
"Gösterdiği Tek Yaratıcılık Emaresi Balat'ta Kedi Fotoğrafı Çekmek Olan Bankacı, Artık Yaratıcılığını Kullanabileceği Bir İş Yapmak İstiyor...",https://www.zaytung.com/haberdetay.asp?newsid=339947,140
"İlk Defa Bir Seçim Döneminde İşe Yarar Hamleler Yapan CHP, Cumhurbaşkanlığı İçin Çıkaracağı Adayla Durumu Telafi Etmeye Kararlı...",https://www.zaytung.com/haberdetay.asp?newsid=339931,140
Son Olarak Cerrahpaşa Tıp Fakültesi Öğrencilerini de Sokağa Dökmeyi Başaran Hükümette Yeni Hedef Maltepe Huzurevi Sakinleri...,https://www.zaytung.com/haberdetay.asp?newsid=339874,140
"Yüksek Maliyetleri Nedeniyle Almanya ve Hollanda Seçeneklerinden Vazgeçen Dışişleri Bakanlığı, Geleneksel Seçim Öncesi Krizi İçin Liechtenstein'la El Sıkıştı...",https://www.zaytung.com/haberdetay.asp?newsid=339773,140
Bir Felsefe Mezunu Daha Hayal Kırıklığına Uğradı: ''Hani MİT’e falan girebiliyorduk?'',https://www.zaytung.com/haberdetay.asp?newsid=339721,141
Muhalefet Cephesinde Ortak Aday Telaşı: ''Ekonomik enkazı devralmaya gönüllü bir enayiyi bu kadar kısa sürede nereden bulacağız?'',https://www.zaytung.com/haberdetay.asp?newsid=339495,141
Bahçeli'den Erken Seçim Açıklaması: ''Lan ben onu öylesine söylemiştim!'',https://www.zaytung.com/haberdetay.asp?newsid=339361,141
İşsizlik Nedeniyle İntihar Eden Öğretmen Adayının Ardından Meclis'te Araştırma Komisyonu Kuruldu: ''Diğerleri nasıl dayanıyor?'',https://www.zaytung.com/haberdetay.asp?newsid=339357,141
Dışişleri'nden Rusya'ya Gönül Alma Hamlesi: ''Yalnız sizin hava savunma sistemi de güzel durdurmuş füzeleri ha...'',https://www.zaytung.com/haberdetay.asp?newsid=339241,141
"Tarihçiler, 3. Dünya Savaşı'nın Twitter'dan Başlaması İhtimaline Karşı Ayakta: ''Biz yine prens öldürüldü falan diye yazalım bunu...''",https://www.zaytung.com/haberdetay.asp?newsid=339101,141
Döviz Rezervleri Son 6 Yılın En Düşük Seviyesine Gerileyen Merkez Bankası'nın Başına Çiftlik Bank CEO'su Mehmet Aydın'ın Getirilmesi Gündemde...,https://www.zaytung.com/haberdetay.asp?newsid=339070,141
Maliye Bakanlığı'ndan Piyasaları Rahatlatacak Hamle: Döviz Kuru Yüzünden Batan İşletmelere ''Şehit'' Ünvanı Verilecek...,https://www.zaytung.com/haberdetay.asp?newsid=339007,141
Birleşmiş Milletler Güvenlik Konseyi ''Hay s.kicem Suriyesi'ni de artık'' Gündemiyle Toplandı...,https://www.zaytung.com/haberdetay.asp?newsid=338892,141
Aylardır Her Gördüğüne ''Telefonum Tamirde de O Yüzden Bunu Kullanıyorum'' Diyen İlhan O.(34)'nun Akıllı Telefonunun Olmadığı Ortaya Çıktı. Skandal Büyüyor...,https://www.zaytung.com/haberdetay.asp?newsid=338858,141
Bölgenin Kültürel Dokusuna Uygun Olarak ''Yeni Saç Ektirmiş Arabın 4. Günü'' Konseptiyle Tekrar Düzenlenen Taksim Meydanı'na İstanbullular'dan Tam Not...,https://www.zaytung.com/haberdetay.asp?newsid=338846,142
"YÖK'ten 'Volkan Bayar' Savunması: ''Muhalif bir paylaşımı var mı diye çok araştırdık, çıkmayınca mecburen görevde tuttuk...''",https://www.zaytung.com/haberdetay.asp?newsid=338792,142
Varlığının İstanbul'un En Dandik İlçelerinden Birine Bağlı Olduğunu Öğrenen İslam Dünyası'nda Moraller Bozuk: ''Bari Avcılar falan olsaydı...'',https://www.zaytung.com/haberdetay.asp?newsid=338737,142
"Televizyonda Yanlışlıkla 'Bira' Kelimesini Duyan 6 Yaşındaki Yavuz Ateş Eğbeci, Günde 8 Kutu Bira İçmeye Başladı...",https://www.zaytung.com/haberdetay.asp?newsid=338693,142
"Bir Geri Zekalı Çift Daha, Sırf Sürekli Ayrılıp Tekrar Barıştıkları İçin Büyük Aşk Yaşadıklarını Zannetmeye Başladı...",https://www.zaytung.com/haberdetay.asp?newsid=338565,142
Kazara Tarihinin En Yüksek Grup Toplantısı İzlenme Rakamına Ulaşan CHP'de Yüzler Gülüyor...,https://www.zaytung.com/haberdetay.asp?newsid=338536,142
Cumhurbaşkanı Erdoğan'dan Merkez Bankası'na Dolar Uyarısı: ''Şunu ya 3'e indirin ya 5'e çıkarın. Böyle kalmasın...'',https://www.zaytung.com/haberdetay.asp?newsid=338437,142
"Ayrılmak İstediğini Söylemek İçin Sevgilisinin İyi Bir Gününü Bekleyen Orhan Gümüş(28), Evlilik Yolunda Emin Adımlarla İlerliyor",https://www.zaytung.com/haberdetay.asp?newsid=338403,142
Üniversiteye Giriş Sistemi Sil Baştan Değişiyor: Cumhurbaşkanı Erdoğan Öğrencileri Tek Tek Mülakatla Seçecek...,https://www.zaytung.com/haberdetay.asp?newsid=338397,142
Getcontact Bir Ocağa Daha Ateş Düşürdü: 2.5 Saattir Kimin Telefonunda ''Aşkım'' Diye Kayıtlı Olduğunu Açıklamaya Çalışan Murat Saygan(32) İçin Umutlar Tükeniyor...,https://www.zaytung.com/haberdetay.asp?newsid=338363,142
"Web'in Sakıncalı Olmayan Tüm İçeriğini 1 TB'lık Bir Diskte Toplamayı Başaran BTK, Artık Internet Bağlantısına Gerek Kalmadığını Duyurdu...",https://www.zaytung.com/haberdetay.asp?newsid=338290,143
Merkez Bankası'ndan Dolar'a Sert Müdahale: Piyasaya Çok Sayıda ''Kriz yok abi ya hükümeti yıpratmak için bunlar'' Diyen Adam Sürüldü...,https://www.zaytung.com/haberdetay.asp?newsid=338286,143
Facebook'tan Kullanıcı Verilerinin Yanlış Ellere Geçmemesi Konusunda Dev Adım: Otomatik Akraba Engelleme Özelliği Geliyor...,https://www.zaytung.com/haberdetay.asp?newsid=338256,143
"Türkiye Endişeli: En Büyük Medya Grubunun Tehditle Gönülsüz Yandaşlık Yapan Holding'ten, İhaleyle Gönüllü Yandaşlık Yapan Holding'e Transferi Basın Özgürlüğünü Olumsuz Etkiler mi?",https://www.zaytung.com/haberdetay.asp?newsid=338167,143
"Türkiye Gündeminden Uzaklaşmak İçin 2 Yıl Önce Uruguay'a Yerleşen Onur Şancı(30), Sert Konuştu: ''Çiftliğinizin de bankınızın da ineğinizin de...''",https://www.zaytung.com/haberdetay.asp?newsid=338088,143
"Kısa Sürede Gündemden Düşen E-Devlet, Story Özelliğiyle Yeniden Atağa Kalkmaya Hazırlanıyor...",https://www.zaytung.com/haberdetay.asp?newsid=338061,143
Araştırma Şirketleri Bir Kez Daha ''Biz şimdi tam ne iş yapıyoruz?'' Sorusuna Yanıt Aramak İçin Toplanıyor...,https://www.zaytung.com/haberdetay.asp?newsid=338052,143
"1978'den Beri Sürekli Dolandırılan Duayen Mudi Semih Örk(84), Çiftlik Bank'la Yaptığı Jübilesinin Ardından Hayata Gözlerini Yumdu...",https://www.zaytung.com/haberdetay.asp?newsid=337989,143
"EGM, Dolandırılabilecek Kadar Birikimi Olan Son 70 Bin Kişinin de Paralarını Çiftlik Bank'a Kaptırmasının Ardından Dolandırıcılık Şubesini Kapatma Kararı Aldı",https://www.zaytung.com/haberdetay.asp?newsid=337981,143
"Baharla Birlikte Aşkla İlgili Umutları Tekrar Yeşeren Gamze Adalı(27), Bir Sonraki Ayrılık İçin Kendini Hazır Hissediyor...",https://www.zaytung.com/haberdetay.asp?newsid=337913,143
"Dünya Mutluluk Sıralamasında 5 Sıra Daha Gerileyen Türkiye, Akdeniz'deki Mülteci Teknesinin Hemen Ardından 74. Oldu...",https://www.zaytung.com/haberdetay.asp?newsid=337876,144
"Hükümet, Eline 3 Kuruş Para Geçince Sağa Sola Kaptıran Vatandaşlara Önlem Olarak Maaş Yerine Günlük Cep Harçlığı Verilmesini Öngören Düzenlemeyi Gündeme Aldı...",https://www.zaytung.com/haberdetay.asp?newsid=337848,144
"Kuzey Avrupa Ülkeleri, Sırf Dünyanın Geri Kalanını Sinir Etmek İçin Bazen İşi İyice Şova Döktüklerini İtiraf Ettiler...",https://www.zaytung.com/haberdetay.asp?newsid=337795,144
"Taksiciler Odası Başkanı, ''Kısa Mesafe'' Gerekçesiyle Çağlayan Adliyesi Önündeki Protestoya Katılmayan Binlerce Meslektaşına Ateş Püskürdü...",https://www.zaytung.com/haberdetay.asp?newsid=337763,144
"İsterlerse Şehrin Ortasında Rahatça Silahlı Eylem de Yapabildiklerini Fark Eden Taksiciler, Para Kazanmak İçin Neden İstanbul Trafiğini Çekmek Zorunda Olduklarını Sorgulamaya Başladı...",https://www.zaytung.com/haberdetay.asp?newsid=337659,144
Tek Hayali Zengin Bir Koca Bulup Dünyayı Gezmek Olan Gözde Eygin(22) de Kadınların Çalışma Hayatında Daha Aktif Rol Almalarından Yana...,https://www.zaytung.com/haberdetay.asp?newsid=337574,144
E-Devlet'ten Bir Bomba Daha: Eski Sevgili Sorgulama!,https://www.zaytung.com/haberdetay.asp?newsid=337457,144
Konya Ovası Projesi Kapsamında Hidrojen Bombası Geliştirmek İsteyen Üreticilere de %75 Hibe Desteği Verileceği Açıklandı...,https://www.zaytung.com/haberdetay.asp?newsid=337456,144
"Taze Fasulye Camiası, Yıllar Süren Hasretin Ardından Gelen Şampiyonluğun Coşkusunu Yaşıyor...",https://www.zaytung.com/haberdetay.asp?newsid=337451,144
Yemek Kartlarıyla Market Alışverişinin Yasaklanacağı Açıklaması Kamuoyunda Şaşkınlık Yarattı: ''O kartlar başka ne işe yarıyor ki?'',https://www.zaytung.com/haberdetay.asp?newsid=337395,144
"İstanbul İçin Yaptığı Önceki Kar Uyarıları Boşa Çıkan Meteoroloji Çalışanı, Suni Kar Makinesiyle Alemdağ Sırtlarında Görüntülendi...",https://www.zaytung.com/haberdetay.asp?newsid=337324,145
Seçim İttifaklarının Yasallaşması ile Birlikte Son Olarak YSK da AK Parti’yle Seçim İttifakına Sıcak Baktığını Açıkladı...,https://www.zaytung.com/haberdetay.asp?newsid=337277,145
"İki Aydır Dolapta Bekleyen Patatesler Tarafından Rehin Alınan Üniversite Öğrencisi, Polis ve İtfaiyenin Ortak Operasyonuyla Kurtarıldı...",https://www.zaytung.com/haberdetay.asp?newsid=337223,145
"Suikast, Katliam ve Terör Çağrılarına Rağmen Herhangi Bir Ceza Almayan Akit TV, Türkiye'nin İlk ''Yasaiçi Terör Örgütü'' Olmak İçin Adalet Bakanlığı'na Dilekçe Verdi",https://www.zaytung.com/haberdetay.asp?newsid=337188,145
"Zeynep Ecem Balca(8)'nın Zorlu Kariyer Seçimi: ''Youtuber mı olsam, savaşta ölüp cennete mi gitsem?''",https://www.zaytung.com/haberdetay.asp?newsid=337120,145
"Portekiz'de Oturma İzni Ödüllü Yeni Yarışma Programı ''Kaçan Kurtulur Türkiye'', Yakında TV8'de...",https://www.zaytung.com/haberdetay.asp?newsid=337041,145
14 Şeker Fabrikasının Satışa Çıkarılmasıyla İlgili Rahatlatan Açıklama: ''Satış işlemleri tamamen yerli ve milli kağıtlarımızla yapılacak...'',https://www.zaytung.com/haberdetay.asp?newsid=337035,145
"Yağmayan Karın Unutturduğu Vali Vasip Şahin, Bir Grup Öğretmen ve Öğrenciyle Birlikte Kar Duasına Çıktı...",https://www.zaytung.com/haberdetay.asp?newsid=337033,145
2019 Seçimlerinde MHP'yle İttifakın Ardından AK Parti'den Yeni Çılgın Proje: Klon Milletvekilleri...,https://www.zaytung.com/haberdetay.asp?newsid=336918,145
"Dışişleri Bakanlığı, Suriye Politikasını Yeniden Belirlemek Üzere 200 Suriyeli Memur Alımı Yapacak: ''En azından bir bilene soralım...''",https://www.zaytung.com/haberdetay.asp?newsid=336888,145
Soyağacında Yozgat Olarak Görünen Kökenini Değiştirmek İsteyenlere Rüşvet Karşılığında Yardımcı Olan 3 e-Devlet Personeli Açığa Alındı...,https://www.zaytung.com/haberdetay.asp?newsid=336791,146
Aysu Ailesi'nde AB Pasaportu Coşkusu: Soy Bilgisi Sorgulamaya Göre 1880 Yılında Varna'da Doğan ve Hala Sağ Olan Büyük Babaanneye Ulaşma Çabaları Sürüyor...,https://www.zaytung.com/haberdetay.asp?newsid=336750,146
Uyarılar Fayda Etmedi: Dalga Geçmek İçin Başlayan Sevgililer Günü Kutlamaları Sonucu Yine Binlerce ''Kanka'' Durduk Yere Sevgili Oldu...,https://www.zaytung.com/haberdetay.asp?newsid=336713,146
14 Şubat'ta Dayanamayıp Eski Sevgilisini Arama Riskiyle Karşı Karşıya Olanlara BTK'dan Yardım Eli...,https://www.zaytung.com/haberdetay.asp?newsid=336698,146
Acun Ilıcalı'dan ''Nihat Doğan'' Açıklaması: ''Sırf küfür etmek için her hafta Survivor izleyeceğiniz başka ünlü vardı da biz mi çağırmadık?'',https://www.zaytung.com/haberdetay.asp?newsid=336638,146
72. Doğum Gününü Kutlayan Ajda Pekkan'da Yeni Kariyer Heyecanı: Bakalım Müzikte Yakaladığı Başarıya Komedide de Ulaşabilecek mi?,https://www.zaytung.com/haberdetay.asp?newsid=336624,146
Ekşi Sözlük Yazarlarının Henüz Uzmanı Olmadıkları Bir Bilim Dalı Keşfedildi: Odonatoloji,https://www.zaytung.com/haberdetay.asp?newsid=336573,146
Başarı Öyküsü: Özgürlüğün Elli Tonu Öncesi Ailesinin Çeyrek Asırlık Biçki Dikiş Kursunu BDSM Kursuna Çeviren Genç Girişimci Talebe Yetişemiyor...,https://www.zaytung.com/haberdetay.asp?newsid=336534,146
"Nüfus Genel Müdürlüğü, Soy Ağacını Öğrenmek İçin 14 Saattir E-Devlet Başında Bekleyen Gamze Yüceboy(29)'dan ''Kırıkkale'' Gerçeğini Daha Ne Kadar Saklayabileceğini Düşünüyor...",https://www.zaytung.com/haberdetay.asp?newsid=336483,146
Milli Gurur: Mars'a Yollanan Tesla Marka Aracın ÖTV'sinin Türkiye'de Üretildiği Açıklandı...,https://www.zaytung.com/haberdetay.asp?newsid=336413,146
"''Suçu olmayan, gözetlenmekten korkmaz'' İddiasıyla Evine Mobese Kameraları Yerleştirilmesini Talep Eden Vatandaşa, Emniyetten Olumlu Yanıt Geldi...",https://www.zaytung.com/haberdetay.asp?newsid=336373,147
"Son Olarak Netflix, Spotify ve Youtube'u da RTÜK Denetimi Altına Almaya Hazırlanan Hükümetten, Instagram'da Kafasına Göre Canlı Yayın Açan Kullanıcılara Sert Uyarı: ''Napıyosunuz lan siz?!''",https://www.zaytung.com/haberdetay.asp?newsid=336289,147
"Rapor: Kışın Balkonda Site Manzarasına Karşı İt Gibi Titreyerek Sigara İçmek, Evli Erkeklerde İntihar Eğilimini Tetikliyor...",https://www.zaytung.com/haberdetay.asp?newsid=336256,147
Seren Serengil'in 3 Günlük Mahkumiyetinin Adalet Bakanlığı Cezaevi Virali Olduğu Ortaya Çıktı...,https://www.zaytung.com/haberdetay.asp?newsid=336230,147
"Nüfusu 10.000 Kişi Daha Azalarak 80.000'e Düşen Bayburt, Nitelikli Göçmenlere Kapılarının Açık Olduğunu Duyurpskasdklajklsd...",https://www.zaytung.com/haberdetay.asp?newsid=336205,147
"Bitcoin'de Yaşadığı Hüsranın Ardından Maaş Zammı da %5 Olarak Açıklanan Mert Aycan(28), Sahip Olduğu Tek Lüks Olan Netflix'e Sıkı Sıkı Tutunuyor...",https://www.zaytung.com/haberdetay.asp?newsid=336166,147
"''Başıma bir iş gelir'' Korkusuyla Sosyal Medyada Paylaşım Yaparken Bile 40 Kere Düşünen Türkiye, TTB Gözaltılarının İfade Özgürlüğüne Müdahale Olup Olmadığını Tartışıyor...",https://www.zaytung.com/haberdetay.asp?newsid=336087,147
Her Gittikleri İşletmenin Cirosunu Hesaplayan Gençlere Maliye Bakanlığı'ndan İstihdam Müjdesi...,https://www.zaytung.com/haberdetay.asp?newsid=336048,147
"Çek Cumhuriyeti, Ülkedeki Fake Agent'lara Karşı Savaş Başlattı...",https://www.zaytung.com/haberdetay.asp?newsid=336022,147
"İnterneti Kesildiği İçin 3 Saat Boyunca Kimseye ''Vatan Haini'' Diyemeyen M.Ö(26), ADSL Firmasının Çağrı Merkezini Bastı. Bilanço Ağır: 200 Vatan Haini, Çok Sayıda Satılmış ve Şerefsiz...",https://www.zaytung.com/haberdetay.asp?newsid=335996,147
Doğu Ekpresi Çılgınlığına Rakip Hakkari'den Çıktı: Yüksekova İtimat Turizm,https://www.zaytung.com/haberdetay.asp?newsid=335873,148
"Instagram'dan Şubat'ta Atama Müjdesi: 20.000 Personal Trainer, Yoga-Pilates Eğitmeni ve Diyetisyen Daha Alınacak...",https://www.zaytung.com/haberdetay.asp?newsid=335868,148
"6. Vize Başvurusu da Reddedilen Caner Budakçı, Yurt Dışına Gitmek Yerine Yeteneklerini Ve Birikimini Ülkesi İçin Kullanmak İstiyor...",https://www.zaytung.com/haberdetay.asp?newsid=335828,148
696 Sayılı KHK ile Yanlışlıkla İstanbul ve Çevresinde Kar Yağışının da Yasaklandığı Ortaya Çıktı...,https://www.zaytung.com/haberdetay.asp?newsid=335802,148
"Afrin Harekatı Hakkında Mantıklı Bir Şekilde Analiz Yapmaya Çalışan 3 Kişi, Düzenlenen Şafak Operasyonuyla Etkisiz Hale Getirildi...",https://www.zaytung.com/haberdetay.asp?newsid=335762,148
Çocuğun Aldığı Teşekkür Belgesiyle Umutlanan Ailenin Sevinci Kısa Sürdü: ''Bön Enös Abö'nön filmine gödecem!'',https://www.zaytung.com/haberdetay.asp?newsid=335725,148
Karnesinde 9 Zayıf Bulunan Efe Aygül(15)'ün Zor Seçimi: ''Einstein gibi mi olsam yoksa kaportacı mı?'',https://www.zaytung.com/haberdetay.asp?newsid=335669,148
Instagram ''Son Görülmeyi Kapat'' Özelliğini Tanıttı...,https://www.zaytung.com/haberdetay.asp?newsid=335617,148
"Üç Kuruşluk Birikimini de Bitcoin'de Yitiren Genç, Dünya Malından Geçti...",https://www.zaytung.com/haberdetay.asp?newsid=335562,148
"Beklediği Çıkışı 3 Yıldır Yapamayan Grup, Youtube'daki Tüm Videolarının Altına ''N'olur sizi kimse keşfetmesin'' Yazan Gencin Evini Bastı...",https://www.zaytung.com/haberdetay.asp?newsid=335550,148
Rapor: Eski Sevgili Nihayet Geri Dönmeyi Ciddi Ciddi Düşünecek Kadar Çaresiz Durumda...,https://www.zaytung.com/haberdetay.asp?newsid=335510,149
"Türkiye'nin İlk Profesyonel Mobbing Danışmanlık Firması, Tazminat Ödemeden Personel Çıkarmak İsteyen İşletmelerin Hizmetinde",https://www.zaytung.com/haberdetay.asp?newsid=335465,149
"Pegasus Havayolları, Pistten Çıkan Uçaktaki 162 Yolcunun Tamamının Sadece 29.90 TL Ekstra Hizmet Bedeli Karşılığında Kurtarıldığını Açıkladı...",https://www.zaytung.com/haberdetay.asp?newsid=335430,149
"Dışişleri Bakanlığı, ABD İçin Yaptığı Seyahat Uyarısını Ciddiye Alarak Bu Ülkeye Gitmekten Vazgeçen Vatandaşı Cumhuriyet Altını İle Ödüllendirdi...",https://www.zaytung.com/haberdetay.asp?newsid=335361,149
Levent'te Tehlikeli Gerginlik: Karşıt Görüşlü Gruplar Arasında Çıkan 'Hangi Alt Coin Daha İyi' Tartışmasına Polis Müdahale Etti...,https://www.zaytung.com/haberdetay.asp?newsid=335340,149
Etil Alkolün İçine Acı Madde Katılmasını Zorunlu Kılan Düzenlemenin Ardından Hükümetten Yeni Hamle: Tütün Satıcıları da Sattıkları Tütünün İçine İşeyecek..,https://www.zaytung.com/haberdetay.asp?newsid=335312,149
"Hasip Kaplan'ın Paylaşımını İhbar Kabul Eden Adalet Bakanlığı, Dışarıda HDP'nin Başına Geçebilecek Kürt Vekil Kaldığı İddialarıyla İlgili Soruşturma Başlattı",https://www.zaytung.com/haberdetay.asp?newsid=335271,149
"Korumalarıyla Birlikte Meteoroloji İşleri İstanbul Müdürlüğü'nü Ziyaret Eden Vali Vasip Şahin, İstediğini Aldı...",https://www.zaytung.com/haberdetay.asp?newsid=335247,149
"Sırtını Yerli ve Milli Değerlere Yaslama Kararı Alan Boğaziçi Üniversitesi, İktisadi ve İdari Bilimler Fakültesi'ni Nargile Cafe'ye Çeviriyor",https://www.zaytung.com/haberdetay.asp?newsid=335196,149
"Tuzlama Çalışmaları İçin Aldığı 30 Ton Tuz Elinde Kalan İstanbul Büyükşehir Belediyesi, Turşu İşine Girmeye Hazırlanıyor",https://www.zaytung.com/haberdetay.asp?newsid=335139,149
Bir Acı Haber Daha: 1992 Yılında İlk ''Münir Özkul Ölmüş'' Söylentisini Çıkaran Usta Muhasebeci Nadir Yücesu(64)'yu da Kaybettik...,https://www.zaytung.com/haberdetay.asp?newsid=335036,150
İstanbul'da Sahte Vergiden Zehirlenen 27 Kişi Yoğun Bakımda Yaşam Mücadelesi Veriyor...,https://www.zaytung.com/haberdetay.asp?newsid=335015,150
"AKP'li Belediye Başkanlarının Tehdit, HDP'lilerin Kayyum, CHP'lilerin Soruşturmayla Görevden Alınmasının Ardından 2019 Yerel Seçimleri İçin En Güçlü Parti Haline Gelen MHP'de Yüzler Gülüyor...",https://www.zaytung.com/haberdetay.asp?newsid=335004,150
"Kuruluşundan Beri 2.5 Milyar Dolar Zarar Eden Twitter, Troll Besiciliği İşine Olan İnancını Kaybetmeye Başlıyor....",https://www.zaytung.com/haberdetay.asp?newsid=334969,150
2000 Doğumluluların 18 Yaşına Girdiğini Yeni Fark Eden Mine Özgen(33)'e Birinin Çok Acil ''Aa ama hiç göstermiyosun'' Demesi Gerekiyor...,https://www.zaytung.com/haberdetay.asp?newsid=334885,150
Milli Gurur: Üzeri Çıplak Deri Kıyafetlilerimiz Resmi Davetle İran Yolcusu...,https://www.zaytung.com/haberdetay.asp?newsid=334873,150
''Asgari Ücret Artışını Kimden Nasıl Çıkarırız Tespit Komisyonu'' Çalışmalarına Başladı...,https://www.zaytung.com/haberdetay.asp?newsid=334781,150
"Birden Bire Patlayan Doğu Ekspresi Sevgisi, Kars'ta Endişeye Yol Açtı: ''Lan doğru söyleyin ölecek miyiz?''",https://www.zaytung.com/haberdetay.asp?newsid=334739,150
TÜİK'in Açıkladığı %11'lik Büyümeyi Hissettiği İddia Edilen Pakize Aydoğdu(82)'nun Evi Meraklı Ziyaretçilerin Akınına Uğruyor...,https://www.zaytung.com/haberdetay.asp?newsid=334694,150
KHK'yla Şehirlerin Yerinin de Değiştirilebildiğini Öğrenen Yozgat'ta Öfke Sokağa Taştı: ''Kim hangi KHK'yla sürdü lan bizi buraya?!'',https://www.zaytung.com/haberdetay.asp?newsid=334652,151
"OHAL Devam Ederken Bir de Üstüne Sivillere Adam Öldürme Yetkisi İçin KHK Çıkartan AK Parti, Hala Türkiye'de Yatırım Yapmayı Düşünenler İçin İlave Tedbirler Almaya Hazırlanıyor...",https://www.zaytung.com/haberdetay.asp?newsid=334576,151
"Yozgat'ta 2017 Yılının En Önemli 10 Olayını Listelemeye Çalışan Yerel Gazete, Bu Yıl da 6 Haberde Kaldı...",https://www.zaytung.com/haberdetay.asp?newsid=334516,151
"Onur Birek(28), 200 Dolarlık Bitcoin Yatırımıyla Seneye Ev Almayı Planlayan Diğer 350.000 Yol Arkadaşına Seslendi: ''Arkadaşlar moralimizi bozmuyoruz...''",https://www.zaytung.com/haberdetay.asp?newsid=334468,151
"İlk Kez Öğle Kuşağında Canan Karatay İzleyen Yeşim Ilgız(30), 7-8 Yıl Kadar Önce Ölmüş Olması Gerektiğine İkna Oldu...",https://www.zaytung.com/haberdetay.asp?newsid=334372,151
"TÜBİTAK, Milli Eğitim Bakanlığı İçin Geliştirilen ''Random Eğitim Reformu Generator (REGEP)'' Uygulamasını Tanıttı",https://www.zaytung.com/haberdetay.asp?newsid=334338,151
Yılbaşı'nda Taksim'de Uygulanacak Toplanma Yasağına Arap Birliği'nden Tepki: ''Vatandaşlarımızı doğrudan ilgilendiren bir kararın bize danışılmadan alınması...'',https://www.zaytung.com/haberdetay.asp?newsid=334320,151
E-Devlet Portalı'nda ''Premium Üyelik'' Dönemi Başlıyor. Aylık Sadece 15 TL'ye Sınırsız Avantajlar...,https://www.zaytung.com/haberdetay.asp?newsid=334290,151
"Öğlen Saatlerinde Eşiyle Birlikte Milli Piyango Bileti Alan Nimet Tubarlı(44), Büyük İkramiye Çıkıp da Kocasının Boşanmak İstemesi Halinde İsteyeceği Nafaka Miktarını 23.30 İtibariyle Netleştirdi...",https://www.zaytung.com/haberdetay.asp?newsid=334193,151
"Yılbaşı Gecesi İçin Plan Yapmaya Çalışan Y.T(27) ile Kira, Faturalar ve Kredi Kartı Minimumu Ödendikten Sonra Hesapta Kalan 87 TL Arasındaki Gergin Bakışma Sürüyor...",https://www.zaytung.com/haberdetay.asp?newsid=334090,152
"Katar Kültür Bakanlığı: ''Farklı isimler altında bize sürekli aynı holdingli, yalılı diziyi satıyorsunuz. Ayıp oluyor...''",https://www.zaytung.com/haberdetay.asp?newsid=334077,152
Beton Mikserlerinin Cinayet İşleme Hakkını Yılda 2 Kişiyle Sınırlandıran Tasarı Meclis Gündeminde. 3. Kişi İçin Ağır Cezalar Geliyor...,https://www.zaytung.com/haberdetay.asp?newsid=333990,152
Bitcoin'in Vergi Alınabilen Bir Şey Olduğunu Keşfeden Maliye Bakanlığı: ''Konu bizim için kapanmıştır...'',https://www.zaytung.com/haberdetay.asp?newsid=333981,152
"''Tarkan Hala Hangi Şarkısının Ekmeğini Yiyor?'' Tartışmasında Yumruklar Konuştu... Polis, ""Şımarık""cılar ve ""Oynama Şıkıdım""cıları Güçlükle Ayırdı...",https://www.zaytung.com/haberdetay.asp?newsid=333948,152
"Dışişleri Bakanlığı, Muhtarlara ''Abi siz bu konulara fazla girmeseniz'' Demenin Uygun Bir Yolunu Arıyor...",https://www.zaytung.com/haberdetay.asp?newsid=333899,152
"82. İl İçin Kerkük, Musul, Halep, Gazze ve Kudüs Seçenekleri Arasında Kararsız Kalan Türkiye, Referanduma Gidiyor...",https://www.zaytung.com/haberdetay.asp?newsid=333842,152
Ataşehir Belediye Başkanı'nın ''İmarda usulsüzlük'' ve ''Yakınlarına çıkar sağlama'' Gibi Nedenlerle Görevden Alındığını Öğrenen Türkiye Şaşkın: ''Bunlar ne ara suç oldu ki?'',https://www.zaytung.com/haberdetay.asp?newsid=333762,152
AHaber Baskılara Boyun Eğmiyor: ''Bundan sonra her hafta başka bir dolandırıcıyı ekrana çıkarıyoruz. Hadi bakalım...'',https://www.zaytung.com/haberdetay.asp?newsid=333685,152
2018 ''Burun Estetiği Raporu'' Yayınlandı: Yine Herkes Nefes Alamadığı İçin Yaptırmış...,https://www.zaytung.com/haberdetay.asp?newsid=333644,152
"Cumhurbaşkanı Erdoğan'dan Kudüs İçin Çözüm Önerisi: ''Verin 2 yıl belediye başkanlığını bizim arkadaşlarımız yapsın, ondan sonra bakalım isteyen olacak mı?''",https://www.zaytung.com/haberdetay.asp?newsid=333636,153
"Yunanistan'a İltica Etmeye Çalışan Zeybek Ekibi, Bornova İlçe Sınırına Varamadan Yakayı Ele Verdi...",https://www.zaytung.com/haberdetay.asp?newsid=333594,153
''Adama Karşı Şiddet''e Sosyal Medyada Tepki Ses Getirdi: Aile Bakanlığı Mehmet İçin Devrede...,https://www.zaytung.com/haberdetay.asp?newsid=333543,153
"AK Parti, Bahçeli’nin Seçim İttifakı Formülüne Mesafeli: ''Formülü çözebilsek bir yanıt vericez de...''",https://www.zaytung.com/haberdetay.asp?newsid=333538,153
"Tüm Birikimini Şimdi Yarı Fiyatına Bile Satamadığı Bir Eve Yatıran İnce Ailesi, Ortada Yurt Dışına Kaçırılabilecek Bir Paranın Olmamasından Memnun...",https://www.zaytung.com/haberdetay.asp?newsid=333536,153
"Gündemi A Haber'den Takip Eden Muzaffer Ayhanlı(52), An İtibariyle Rıza Sarraf'ın Türkiye İçin Çalışan, Hayırsever, İşkence Mağduru, Amerikan Ajanı, Hain Bir İşadamı Olduğuna İnanıyor...",https://www.zaytung.com/haberdetay.asp?newsid=333468,153
Çalışma Bakanı'ndan Asgari Ücret Açıklaması: ''Hem çok para başa bela zaten. Haberlerde görüyoruz işte...'',https://www.zaytung.com/haberdetay.asp?newsid=333397,153
"İki Gündür Okumasına Rağmen Rıza Sarraf'ın Altın Ticareti Mekanizmasından En Ufak Bir Şey Anlamayan Vural Alcay(32), Asla Zengin Olamayacağından Artık Tamamen Emin...",https://www.zaytung.com/haberdetay.asp?newsid=333342,153
"Türkiye, Hakan Atilla'nın Savunma Stratejisine Anlam Veremiyor: ''Neden 'Deliller sahte' demiyor bu adam?''",https://www.zaytung.com/haberdetay.asp?newsid=333240,153
Man Adası Hükümeti'nden Kılıçdaroğlu'na Sert Tepki: ''Hedef büyük ve güçlü Man Adası'nın önünü kesmek...'',https://www.zaytung.com/haberdetay.asp?newsid=333236,153
"Hükumet, Rıza Sarraf Davasında Son Kozunu Oynamaya Hazırlanıyor: Ebru Gündeş'in Çocuğunun Psikolojisi İçin BM'den Gözlemci Talep Edildi...",https://www.zaytung.com/haberdetay.asp?newsid=333094,154
Fatih'te Bir Eve Yapılan Baskında Yasal Yollarla İkamet Eden Beş T.C Vatandaşı Kıskıvrak Yakalandı...,https://www.zaytung.com/haberdetay.asp?newsid=333071,154
"Türkiye, Durup Durup Kimsede Para Yokken Black Friday Yapmayı Akıl Eden Piyasalara Tepkili: ''Lan 2 sene önce neredeydiniz?!''",https://www.zaytung.com/haberdetay.asp?newsid=332982,154
Şehitlerle İlgili Kullandığı İfadeleri Tepki Çeken Ünlü Modacı Nur Yerlitaş: ''Linç de edilsem Erdoğan’ın yanındayım…'',https://www.zaytung.com/haberdetay.asp?newsid=332906,154
"Bir Haftadır Rıza Sarraf Davasının Türkiye'ye Karşı Bir Komplo Olduğunu Dinleyen Muzaffer Erdil(62), Bu Bilgiyle Tam Ne Yapması Gerektiğini Bilemiyor...",https://www.zaytung.com/haberdetay.asp?newsid=332898,154
"Rasim Ozan Kütahyalı: ''İlk kez ne dediğimin anlaşıldığı bir cümle kurdum, o da buna denk geldi. Üzgünüm...''",https://www.zaytung.com/haberdetay.asp?newsid=332840,154
"Ekonomiye Müjde: Emniyet, Taksim’in Arka Sokaklarında Gizlice Dolar Yükselten 17 Gezi Eylemcisini Kıskıvrak Yakaladı...",https://www.zaytung.com/haberdetay.asp?newsid=332779,154
"Kombiyi Açmamakta Direnen Emrah Kandar(37), Aylık 200 TL Sabit Fatura İçin Putin'le Masaya Oturacak...",https://www.zaytung.com/haberdetay.asp?newsid=332736,154
Rıza Sarraf'ın İtirafçı Olduğu İddialarının Ardından Dışişleri'nden ABD'ye Yeni Nota: ''Adı bile belli olmayan ne idüğü belirsiz bir şahsın sözleriyle...'',https://www.zaytung.com/haberdetay.asp?newsid=332647,154
"Erdoğan'a Desteğini Sürdüren Bahçeli, Hızını Alamayarak 8 AK Partili Belediye ve İl Başkanından İstifalarını İstedi...",https://www.zaytung.com/haberdetay.asp?newsid=332562,154
"Ulaştırma Bakanı Müjdeyi Verdi: ''Bundan sonra benzinin litre fiyatına zam yok, litreyi azaltacağız...''",https://www.zaytung.com/haberdetay.asp?newsid=332556,155
"İki Yıl İçinde 14, Son 5 Ayda 3 Kez Bir Araya Gelen Erdoğan ve Putin’den Ortak Ülkeye Çıkma Kararı...",https://www.zaytung.com/haberdetay.asp?newsid=332446,155
Yasadışı Yollardan Kadıköy'e Geçmeye Çalışan 16 Arap Turist'in Mecidiyeköy'e İade İşlemi Tamamlandı,https://www.zaytung.com/haberdetay.asp?newsid=332383,155
BİM ve A101’den Heyecanlandıran Açıklama: ''Ucuz akaryakıt için de devreye girmeye hazırız…'',https://www.zaytung.com/haberdetay.asp?newsid=332319,155
AK Parti'de Atatürk Hassasiyeti Dur Durak Bilmiyor: 09.05'te Durmadığı Tespit Edilen Araçlara 200 TL Ceza Kesildi...,https://www.zaytung.com/haberdetay.asp?newsid=332277,155
"Suudi Arabistan'daki Prens Olayını Çözemeyen Dışişleri Bakanlığı, Bu Kez Kaybeden Tarafta Olamama Riskiyle Karşı Karşıya",https://www.zaytung.com/haberdetay.asp?newsid=332037,155
"NASA, Haftada Bir ''Hepimiz Ölücez!!'' Temalı Açıklama Yapan Stephen Hawking'i Evlendirme Kararı Aldı...",https://www.zaytung.com/haberdetay.asp?newsid=332034,155
"Hepsi Birbirine Benzeyen, Entarili ve Sakallı Bir Grup Adamın Mücadelesine Sahne Olan Suudi Arabistan'da Tam Olarak Ne Olup Bittiği Belirsizliğini Koruyor",https://www.zaytung.com/haberdetay.asp?newsid=331934,155
"Evinin Yakın Çevresinde 5 Tane Kız Meslek Lisesi Bulunan Furkan KULP(14), Yeni Sistemden Umutlu...",https://www.zaytung.com/haberdetay.asp?newsid=331909,155
"Türkiye, Battaniye Altında İnternetten Dizi İzleyeceği Çılgın Bir Cuma Gecesine Daha Hazır...",https://www.zaytung.com/haberdetay.asp?newsid=331808,156
Yerli Otomobil'in Ardından Bir Müjde Daha: Konut Dışında Başka Bir Şeyler Satmayı Hedefleyen İlk Reklam Filmimiz 2023'de Yayında...,https://www.zaytung.com/haberdetay.asp?newsid=331757,156
Rusya Dışişleri Bakanı Sergey Lavrov'dan Türkiye'ye Sert Mesajlar: ''Eşşek gibi yakacaksınız o kombiyi!'',https://www.zaytung.com/haberdetay.asp?newsid=331754,156
"Serdar Kuzuloğlu'nun FETÖ'nün Silikon Vadisi Yapılanmasına İlişkin Soruşturmada Gözaltına Alınması, Türkiye'nin Silikon Vadisi'ne En Yaklaştığı An Olarak Tarihe Geçti...",https://www.zaytung.com/haberdetay.asp?newsid=331723,156
Ekonomi Bülteni: Twitter'da Sahte Hesaplar Açmak İçin Devletten Ayda 4500 TL Alan AK-Troll de Kredi Kartının Minimumunu Ancak Ödeyebiliyor...,https://www.zaytung.com/haberdetay.asp?newsid=331692,156
CHP'den Samimi İtiraf: ''Gökçek'le ilgili yaptığımız 'sandığa saygı' çağrıları ciddiye alınacak diye korktuğumuz anlar oldu...'',https://www.zaytung.com/haberdetay.asp?newsid=331632,156
"Bankacılıkta Yapay Zeka Devrimi: Otomatik Sesli Yanıt Sistemi, Edilen Küfürlere Aynen Karşılık Vermeyi Öğrendi",https://www.zaytung.com/haberdetay.asp?newsid=331528,156
"İyi Parti'nin Kurulmasının Ardından Diriliş Ertuğrul'da Senaryo Değişikliği: Osmanlı, Kayı Boyu Yerine Karamanoğulları Beyliği Tarafından Kuruluyor...",https://www.zaytung.com/haberdetay.asp?newsid=331476,156
"Henüz Hiçbir Çalışanın Yurt Dışına Taşınmayı Başaramadığı Yazılım Firması, Piyasadaki En Boktan Personeli Bünyesinde Topladığından Şüphelenmeye Başlıyor...",https://www.zaytung.com/haberdetay.asp?newsid=331426,156
IŞİD Yönetiminden İstanbul'da Sergi Basan Elemanlarına Sert Tepki: ''Lan Rakka düştü burada siz hala...'',https://www.zaytung.com/haberdetay.asp?newsid=331289,156
Parti Yönetiminin İstifa Çağrılarına Sessiz Kalan Bayburt Belediye Başkanı'nın 2 Sene Önce Öldüğü Ortaya Çıktı...,https://www.zaytung.com/haberdetay.asp?newsid=331276,157
Facebook ve WhatsApp Grup Adminlerine Resmi Nikah Yetkisi Veren Yasa Tasarısı Meclis Gündeminde...,https://www.zaytung.com/haberdetay.asp?newsid=331091,157
Merkez Bankası'ndan Piyasaları Rahatlatan Açıklama: ''Bitcoin'in ne olduğunu biz de tam anlamıyoruz...'',https://www.zaytung.com/haberdetay.asp?newsid=331036,157
"YouTuber'ların Dünyasıyla İlk Kez Tanışan Cenk Oycan(30), Emin Olamıyor: ''Ben mi yaşlanıyorum yoksa bunlar düz gerizekalı mı?''",https://www.zaytung.com/haberdetay.asp?newsid=330986,157
"İzmirlilerin Kronikleşen Ulaşım Sorununa Köklü Çözüm: Halk, Efes Antik Kenti'ne Artık Yatları ile Ulaşabilecek...",https://www.zaytung.com/haberdetay.asp?newsid=330981,157
"AK Parti, Henüz Melih Gökçek'le İlgili Espri Yapmayan Vatandaşlar İçin İstifa Sürecinin 2 Gün Daha Uzatıldığını Duyurdu...",https://www.zaytung.com/haberdetay.asp?newsid=330957,157
"Bir Kadını Daha Cinayete Kurban Veren Türkiye, Delikanlılık ve Ölümüne Sevda Temalı Yerli Dizileriyle Acısını Unutmaya Çalışacak...",https://www.zaytung.com/haberdetay.asp?newsid=330897,157
Beyaz Saray Sonunda Pes Etti: ''Yaa hee Büyükelçi yaptı hee...'',https://www.zaytung.com/haberdetay.asp?newsid=330812,157
Sonu S İle Biten 3 Harfli Kısaltmaların Sonuna Gelen YÖK'ten Sınav Sisteminde Radikal Değişiklik Sinyali: 4 Harfli Sistem...,https://www.zaytung.com/haberdetay.asp?newsid=330789,157
UBER'den İstanbul Taksiciler Odası'na 1 Yıllık Reklam Anlaşması Teklifi: ''Gelin şu kampanyayı düzenli hale getirelim...'',https://www.zaytung.com/haberdetay.asp?newsid=330750,157
"Suriye, İran, Libya, Somali, Sudan ve Yemen’le Birlikte ABD'nin Vize Vermediği Ülkelere Eklenen Türkiye, Sonunda Liderlik Edebileceği Bir Grup Bulmanın Coşkusunu Yaşıyor...",https://www.zaytung.com/haberdetay.asp?newsid=330638,158
"Ankara'da Çirkin Saldırı: Kimliği Belirsiz Bir Grup, AK-Saray’ın Aydınlatmasını Tasarruflu Ampüllerle Değiştirerek Ülkenin İtibarını Zedelemeye Çalıştı…",https://www.zaytung.com/haberdetay.asp?newsid=330405,158
Yeni Öğretim Yılının Başlamasıyla Kurulan 800.000 WhatsApp Veli Grubundan Sonuncusu da Bugün Sessize Alındı,https://www.zaytung.com/haberdetay.asp?newsid=330320,158
"Suudi Arabistan'da Kadınlara Araba Kullanma Hakkı Veren Yasa, Tepkiler Üzerine Yeniden Düzenlendi: Arabalara Örtünme Zorunluluğu...",https://www.zaytung.com/haberdetay.asp?newsid=330241,158
"Sokakta Öpüştüğü İçin Para Cezası Kesilen Genç İfadesini Değiştirdi: ''Aslında ben o kıza kafa atıyordum, polis beni yanlış anladı...''",https://www.zaytung.com/haberdetay.asp?newsid=330213,158
Melih Gökçek'in İstifaya Zorlanması Halinde Şehri Transformers'larıyla İşgal Etme İhtimali Ankaralıları Tedirgin Ediyor...,https://www.zaytung.com/haberdetay.asp?newsid=330164,158
"Ulaştırma Bakanlığı, Yapımı Planlanan Bayburt Havalimanı İçin Düzenli Olarak Bayburt'a Uçacak 200 Sözleşmeli Yolcu Alacak...",https://www.zaytung.com/haberdetay.asp?newsid=329920,158
"Maliye Bakanlığı, Taşıt Almayı Düşünüp MTV Zammından Sonra Vazgeçenlerden de 'Vazgeçme Vergisi' Alınacağını Açıkladı",https://www.zaytung.com/haberdetay.asp?newsid=329803,158
Evlendirme Programlarının Yasaklanmasının Ardından Gülben Ergen'in Boşandırma Programı Yakında ATV Ekranlarında...,https://www.zaytung.com/haberdetay.asp?newsid=329742,159
"Barzani: ''AKP-CHP-PKK-ABD-AB-İran aynı safta, HAYIR diyor...''",https://www.zaytung.com/haberdetay.asp?newsid=329703,159
İBB'den Kadir Topbaş'a Anlamlı Veda: Bir Sonraki Yağışta Sular Altında Kalacak İlk Alt Geçide İsmi Verilecek,https://www.zaytung.com/haberdetay.asp?newsid=329524,159
"Türkiye, Kuzey Irak'taki Referanduma Özel YSK Timiyle Müdahele Etmeye Hazırlanıyor...",https://www.zaytung.com/haberdetay.asp?newsid=329451,159
"Milli Eğitim Bakanlığı'ndan Yeni Sistem Açıklaması: ''Bize birkaç gün verin, TEOG'dan daha kötü bir şey üzerinde çalışıyoruz...''",https://www.zaytung.com/haberdetay.asp?newsid=329326,159
10 Sene Sonra Ucuz İş Gücü Olarak Kullanmak Üzere 17 Milyon Öğrenci Doğaya Salındı...,https://www.zaytung.com/haberdetay.asp?newsid=329226,159
Kadıköy Belediyesi'nden İstanbullulara Dev Hizmet: Hafta Sonu Moda Sahili Dışında Gidilebilecek Alternatif Yerler Tanıtım Günleri Başlıyor,https://www.zaytung.com/haberdetay.asp?newsid=329176,159
"Cumhurbaşkanı Erdoğan'ın ''Biz TEOG'la mı geldik?'' Açıklamasının Ardından MEB Düğmeye Bastı: ''Sandığa gidilsin, hangi öğrenci kazanırsa...''",https://www.zaytung.com/haberdetay.asp?newsid=329136,159
"Sibel Kekilli Engelini Aşmak İçin Dışişleri'nde Kurulan Kriz Masası, Sahte Kız Profiliyle Yaptığı 6. Takip Denemesinden de Başarısızlıkla Ayrıldı...",https://www.zaytung.com/haberdetay.asp?newsid=329076,159
"Türkiye'ye Silah Satışını Durdurma Kararı Fazla Ses Getirmeyen Almanya, Eli Yükseltiyor: Zırhlı Mercedes Ambargosu Gündemde...",https://www.zaytung.com/haberdetay.asp?newsid=328975,159
"Futbol Camiasından İlham Alan Çalışma Bakanlığı, 'Vasıfsız Eleman' Yerine Bundan Böyle 'Adam Gibi Adam' Kalıbının Kullanılacağını Açıkladı...",https://www.zaytung.com/haberdetay.asp?newsid=328927,160
"Türkiye'nin 2. Çeyrekte %5.1 Büyüdüğünü Öğrenen Piyasalarda İyimser Hava: ''Ortada bir para var, sadece nerede olduğunu bilmiyoruz...''",https://www.zaytung.com/haberdetay.asp?newsid=328885,160
Yozgat'tan Marka Değeri Hamlesi: Şehrin Adının 'Yozgat Province' Olarak Değiştirilmesi İçin İmza Kampanyası Başlatıldı...,https://www.zaytung.com/haberdetay.asp?newsid=328835,160
"Hükümet Sözcüsü Bozdağ'dan ABD'li Makamlara Çağrı: ''Zafer Çağlayan sizin olsun, saati bize bırakın...''",https://www.zaytung.com/haberdetay.asp?newsid=328785,160
"Apple, 'O fiyata öküz alınır' Esprisini Herkesin Yaptığından Emin Olduktan Sonra iPhone 8'in Türkiye'de de Satışa Çıkarılacağını Açıkladı...",https://www.zaytung.com/haberdetay.asp?newsid=328777,160
Takıldığında Karşı Tarafı Instagram'daki Hali Gibi Gösteren Yeni Nesil Google Gözlükler İçin Geri Sayım Başladı...,https://www.zaytung.com/haberdetay.asp?newsid=328745,160
Tarlabaşı Kazılarından Tarih Fışkırdı. Ortaçağ'a Ait Flash Tv Kalıntıları Tarihin Akışını Değiştirecek...,https://www.zaytung.com/haberdetay.asp?newsid=328686,160
"Kuzey Kore'den Dünyayı Rahatlatan Açıklama: ''Bu son zaten. Fazla deneme yapmışız, elimizde füze kalmadı...''",https://www.zaytung.com/haberdetay.asp?newsid=328574,160
Bodrum Nüfusunun %65'inin Bayram Dönüşü Trafiğine Takılmamak İçin İlçeye Yerleşenlerden Oluştuğu Açıklandı...,https://www.zaytung.com/haberdetay.asp?newsid=328558,160
"BİM'in ''50 Kuruş Farkla, Aldıklarınızı Migros Poşetine Koyalım'' Kampanyasına Müşterilerinden Yoğun İlgi...",https://www.zaytung.com/haberdetay.asp?newsid=328463,160
Rehberde Kayıtlı Olmayan 0541'li Numaradan Bu Bayram da Tebrik Mesajı Geldi. Şüpheler Tesisatçı Üzerinde Yoğunlaşıyor....,https://www.zaytung.com/haberdetay.asp?newsid=328434,161
Sağlık Bakanlığı'ndan Müjde: Google Tarafından Yazılan Reçeteler de Geçerli Kabul Edilecek...,https://www.zaytung.com/haberdetay.asp?newsid=328322,161
"Karakterinin En Ayırt Edici Özelliği Game of Thrones İzlememek Olan Caner Yunak(28), 8. Sezonu İple Çekiyor: ''Başlasa da onu da izlemesem...''",https://www.zaytung.com/haberdetay.asp?newsid=328253,161
"Son KHK'yla da Cumhurbaşkanı'na Bağlanmayan Et ve Süt Kurumu, Depresyonun Eşiğinde: ''Sorun ne? Bizi neden istemiyor?''",https://www.zaytung.com/haberdetay.asp?newsid=328168,161
"Baby Shower, Diş Buğdayı, İlk Adımı Derken 4 Yaşına Kadar 63 Kez Adına Kutlama Yapılan Bora K(14), Parti Bağımlılığının Pençesinde Can Çekişiyor",https://www.zaytung.com/haberdetay.asp?newsid=327913,161
"Hata Yaptığı İçin Görevinden İstifa Eden İlk Devlet Yetkilisi, Kültür Bakanlığı Tarafından Koruma Altına Alındı...",https://www.zaytung.com/haberdetay.asp?newsid=327872,161
"Yozgat'ın Silüetini Bozan Gökdelen Hakkında Danıştay'dan Karar Çıktı: Bina Kalıyor, Yozgat Şehri Yıkılıyor...",https://www.zaytung.com/haberdetay.asp?newsid=327761,161
"İspanya İstihbarat Teşkilatı, Barcelona'daki Saldırının Ardından Instagram'da ''Daha 2 sene önce oradaydım :('' Yazan Ece Aybaz(22)'ı Sorgulamak Üzere Türkiye'ye Geliyor...",https://www.zaytung.com/haberdetay.asp?newsid=327710,161
Kurban Bayramı Tatilinin 10 Gün Olarak Açıklanmasının Ardından Yunanistan'da Olağanüstü Hal İlan Edildi...,https://www.zaytung.com/haberdetay.asp?newsid=327547,161
"İşte Yoğun ve Stresli Bir Gün Geçiren Emre Unak(32), Rahatlamak İçin Hangi Çağrı Merkezini Arayıp Müşteri Temsilcisine Küfretmek İstediğine Karar Vermeye Çalışıyor",https://www.zaytung.com/haberdetay.asp?newsid=327482,162
"Uzun Uğraşların Ardından 20 Kilo Vermeyi Başaran Ezgi Üncüler(28), Hepimizi Boydan Selfie'ye Boğmaya And İçti...",https://www.zaytung.com/haberdetay.asp?newsid=327376,162
"Geçen Yıl Digiturk'u Satın Alan Katarlı beIN Grubu, Türkiye'nin En Çok Küfredilen Şirketinin Kendilerine İtelendiğinden Şüphelenmeye Başladı...",https://www.zaytung.com/haberdetay.asp?newsid=327302,162
Arka Sokaklar'ın Önümüzdeki Sezon Senaryolarını Çalan Hacker Grubunda Sular Durulmuyor: ''Lan bunun her bölümü aynı?'',https://www.zaytung.com/haberdetay.asp?newsid=327251,162
ÖSYM: ''Sanki bir geleceğiniz varmış gibi sınav sonucunu öğrenme telaşınızda insanın yüreğini burkan bir şeyler var...'',https://www.zaytung.com/haberdetay.asp?newsid=327141,162
Bylock Kullanmadığı Tespit Edilen 2 Arap Atı Serbest Bırakıldı...,https://www.zaytung.com/haberdetay.asp?newsid=327084,162
Shameless Ekibinden Sert Uyarı: ''En son My Name is Earl'i böyle uyarlayanların başına gelenler herkese ders olmalı...'',https://www.zaytung.com/haberdetay.asp?newsid=327070,162
Londra'ya Yerleşen Türk Sayısının Londra Nüfusuna Yaklaşmasının Ardından İngiliz Avam Kamarası'nda Sert Tartışmalar: ''Hangi gerizekalı imzaladı bu Ankara Antlaşması'nı?!'',https://www.zaytung.com/haberdetay.asp?newsid=326663,162
"Maçka Parkı'na Başıboş ve Tasmasız Bir Halde Salınan Özel Güvenlikçi İçin İBB'den Açıklama: ''Merak etmeyin, aşıları tam...''",https://www.zaytung.com/haberdetay.asp?newsid=326541,162
"Venedik Belediyesi, Her Yağmur Sonrası Atılan ''İstanbul Venedik'e döndü'' Manşetlerine İsyan Etti: ''Lan ne alakası var?!''",https://www.zaytung.com/haberdetay.asp?newsid=326456,162
Fatih Terim'in Milli Takım'ı Bırakmasına Vesile Olan Alaçatı'daki Restoran Müze Oluyor...,https://www.zaytung.com/haberdetay.asp?newsid=326300,163
Adalet Bakanlığı'ndan Basın Özgürlüğü Hamlesi: Gazeteciler Hangi Terör Örgütünden Yargılanacaklarına Kendileri Karar Verebilecekler...,https://www.zaytung.com/haberdetay.asp?newsid=326222,163
"Bodrum Belediyesi, Kalan Son Turistlerin de Kaçmaması İçin Önlemleri Artırdı: İlçenin Etrafına Mayın Döşeniyor...",https://www.zaytung.com/haberdetay.asp?newsid=326125,163
"Olmayan Yaz Okulu ve Stajı Ailelerine Varmış Gibi Gösteren 617 Öğrenci, Sabah Saatlerinde Yapılan Operasyonla Memleketlerine Gönderildi...",https://www.zaytung.com/haberdetay.asp?newsid=325907,163
Milli Eğitim Bakanı İsmet Yılmaz'dan 'Cihat' Konusunun Müfredata Eklenmesiyle İlgili Rahatlatan Açıklama: ''Neyi öğretebilmişiz ki onu öğretelim?'',https://www.zaytung.com/haberdetay.asp?newsid=325790,163
"Game of Thrones 7. Sezonu Nedeniyle 2 Ay Türkiye Gündeminden Uzak Kalacak Olan Burak Şölenci(28) Net Konuştu: ""Ne bok yerseniz yiyin...""",https://www.zaytung.com/haberdetay.asp?newsid=325667,163
Cumhurbaşkanı Erdoğan'ın Bugün de Bazı WhatsApp Gruplarında Görüldüğü Yönündeki Söylentiler Paniğe Yol Açtı...,https://www.zaytung.com/haberdetay.asp?newsid=325565,163
"Katar Dışişleri Bakanı, Marketlerde Satılan Ürün Fiyatlarını Karşılaştırmak Üzere Türkiye'ye Geliyor: ''Fırsattan istifade kazıklamıyorsunuz di mi lan bizi?''",https://www.zaytung.com/haberdetay.asp?newsid=325435,163
Cumhurbaşkanlığı Tarafından Başlatılan ''Devlette Liyakatın Önemi - İşi Ehline Vermezsek Ne Olur?'' Afiş Yarışmasının Kazananları Açıklandı...,https://www.zaytung.com/haberdetay.asp?newsid=325364,163
Türkiye Tek Ses Tek Yürek: ''Allahım nolur PR çalışması falan olsun...'',https://www.zaytung.com/haberdetay.asp?newsid=325318,163
AK Parti'den Adalet Yürüyüşü'ne Karşı Hamle:  81 İlde ''Ama Yol Yaptık Mitingleri'' Düzenlenecek...,https://www.zaytung.com/haberdetay.asp?newsid=325185,164
"Hindistan Dışişleri Bakanlığı, ''Dünya Güzellerim'' Programı İçin Büyükelçi Şakir Torunlar'dan Açıklama İstedi: ''Bunlar ne olm?!''",https://www.zaytung.com/haberdetay.asp?newsid=325039,164
"Avrupa Parlamentosu'nun Raporunu Tanımadığını Açıklayan Türkiye, Avrupa Birliği Müzakerelerini Katar'la Yürütecek... Olmadı Pakistan...",https://www.zaytung.com/haberdetay.asp?newsid=325026,164
Karıştıkları Suçlarla Türkiye'nin Sayılı Ortak Değerlerinden ''Göçmen Nefreti''ni Canlı Tutan 47 Suriyeli'ye İçişleri Bakanlığı'ndan Teşekkür Plaketi...,https://www.zaytung.com/haberdetay.asp?newsid=324921,164
G20 Öncesi Basına Kapalı Son Antrenmanını Gerçekleştiren Cumhurbaşkanlığı Koruma Ekibinde Moraller Yüksek: ''Daha önce hiç denenmemiş yeni bir skandalla zirveye damga vuracağız...'',https://www.zaytung.com/haberdetay.asp?newsid=324877,164
"Meteoroloji Genel Müdürlüğü, ''Mevsim Normalleri'' Kavramını Anlatmak Üzere 81 İlde Seminerler Düzenleyecek: ''Bakın bu yaz, genelde sıcak olur...''",https://www.zaytung.com/haberdetay.asp?newsid=324747,164
Şeyma Subaşı'nın Kim Olduğunu Öğrenmeme Mücadelesinde 2. Yılını Dolduran Mine Ezgit(30) İçin Çember Giderek Daralıyor...,https://www.zaytung.com/haberdetay.asp?newsid=324707,164
"Aile Bakanlığı'ndan, İlk Bayramlarında Ağır Psikolojik Baskı Altında Ezilen Yeni Damatlara Rehabilitasyon Desteği...",https://www.zaytung.com/haberdetay.asp?newsid=324675,164
"Kılıçdaroğlu, Bayram Dönüş Trafiğindeki Vatandaşlara Seslendi: ''İnip bizle yürüseniz daha hızlı varırsınız aslında...''",https://www.zaytung.com/haberdetay.asp?newsid=324601,164
"Bayram Tatili İçin Aşırı Uygun Fiyata Yunan Adaları Turu Alan Çift, Teknedeki Herkesin Arapça Konuşmasından İşkillenmeye Başladı...",https://www.zaytung.com/haberdetay.asp?newsid=324460,164
"George RR Martin, Game of Thrones'un 2 Dakikalık Fragmanından 14 Sayfa Teori Üreten Cem Günaç'ı Yerinde İncelemek Üzere Ülkemize Geliyor...",https://www.zaytung.com/haberdetay.asp?newsid=324420,165
Adalet Bakanlığı'ndan Önemli Hatırlatma: ''Taciz ve darp vakalarında tutukluluk kararı için en az 48 saat Twitter'da TT şartı aranmaktadır...'',https://www.zaytung.com/haberdetay.asp?newsid=324416,165
Her Yıl Sadece Onur Yürüyüşü Öncesi Gündeme Gelen Alperen Ocakları’ndan LGBT Örgütlerine Çağrı: ‘'Gelin şunu senede 2'ye çıkaralım…’',https://www.zaytung.com/haberdetay.asp?newsid=324347,165
"Metro Turizm, Bayram Öncesi Bu Kez İşi Sıkı Tutuyor: Kaza ve Taciz Haberlerine Yayın Yasağı İçin Mahkemeye Başvuru Yapıldı...",https://www.zaytung.com/haberdetay.asp?newsid=324287,165
"Turizm Bakanlığı, Yeterli Turist Sayısına Ulaşılamaması Nedeniyle Bu Yıl Yaz Mevsiminin İptal Edildiğini Duyurdu: ''Masrafını kurtarmıyor...''",https://www.zaytung.com/haberdetay.asp?newsid=324250,165
Mahalledeki 32 Dükkanın Tamamının Çiğ Köfteci Olmasının Ardından Ankara Ayrancı Güvenevler’de Ekonomik Yaşam Durdu,https://www.zaytung.com/haberdetay.asp?newsid=324244,165
Sevenleri Yüzünden 4 Seferdir Kapanamayan Tarihi Kağıthane Keşkülcüsü İsyan Etti: ‘‘2 dairemi sattım lan yeter…’’,https://www.zaytung.com/haberdetay.asp?newsid=324088,165
Gönüllü Çıkmaması Nedeniyle Kemal Kılıçdaroğlu'nun Eylemine ‘Türkiye'de adalet var’ Argümanıyla Karşı Çıkacak Aktroller Kurayla Belirlenecek,https://www.zaytung.com/haberdetay.asp?newsid=324056,165
"Adalet İçin Ankara'dan İstanbul'a Yürüyeceğini Açıklayan CHP'ye AK Parti'den Tepki Gecikmedi: ''Ölünün arkasından yürünmez, Fatiha okunur. Bunlar daha bunu bilmiyor...''",https://www.zaytung.com/haberdetay.asp?newsid=324002,165
"TÜİK: 'Öğrencisiyle ilişkiye giren kadın öğretmen' Haberleri, Yurt Dışında Eğitime Olan Talebi Tetikliyor...",https://www.zaytung.com/haberdetay.asp?newsid=323970,165
"Suudi Arabistan, Bir Halt Yedikten Sonra İmaj Toparlamak İçin Umre'ye Gelen Türk Ünlü Sayısına Kontenjan Sınırlaması Getiriyor...",https://www.zaytung.com/haberdetay.asp?newsid=323893,166
"Tutuklu Yargılanan FETÖ Sanıklarını, Üst Düzey Bir AK Parti'li Aileye Damat Olma Vaadiyle Dolandıran Çete Çökertildi...",https://www.zaytung.com/haberdetay.asp?newsid=323723,166
"Türkiye, Suudi Arabistan Kralı Öldüğünde İlan Edilen ''Milli Yas''ı Geri Alıyor: Aynı Gün Tüm Yurtta Şenlikler Düzenlenecek...",https://www.zaytung.com/haberdetay.asp?newsid=323692,166
Katar Krizinde Nijer de Devrede: ''Biz 1 milyar dolarlık yatırıma 10.000 asker yollarız... 2 de Toyota pikap hadi...'',https://www.zaytung.com/haberdetay.asp?newsid=323691,166
Üç Ayda Bir Tabelası Değişen O Uğursuz Dükkana Yeni Kiracı Geldi. Mahalleli Gerçeği Söyleyip Söylememe Konusunda Yine Kararsız...,https://www.zaytung.com/haberdetay.asp?newsid=323649,166
Uzmanlar Yaz Tatili Öncesi Uyarıyor: ‘‘Başıboş bırakılan ergenlerin %85'i Youtuber olmaya çalışacak...’’,https://www.zaytung.com/haberdetay.asp?newsid=323638,166
"Başarı Öyküsü: Twitter'ı Yalnızca Bir Yerleri Şikayet Etmek İçin Kullanan Yüzbinlerce Emekliden Biri Olan Melek Gündal, Hobisini İşe Dönüştürdü...",https://www.zaytung.com/haberdetay.asp?newsid=323574,166
"İstanbul'da Araçlarını Yayaların Üzerine Sürerek Eylem Yapan IŞİD Militanlarının, Eylemin Fark Edilmemesi Nedeniyle Vazgeçtikleri Ortaya Çıktı...",https://www.zaytung.com/haberdetay.asp?newsid=323464,166
Saksıda Sivri Biber ve Domates Yetiştirilen Balkonların İmara Açılmasına Yönelik Yasa Tasarısına Tepkiler Büyüyor...,https://www.zaytung.com/haberdetay.asp?newsid=323411,166
"Rapor: Beyaz Yakalılar Arasında Her Şeyi Bir Kenara Bırakıp Küçük, Şirin Bir Kafe Batırmak İsteyenlerin Sayısı Artıyor...",https://www.zaytung.com/haberdetay.asp?newsid=323406,166
Stres Çarkının Yaratıcısından Müjde: ''Milyonlarca gerizekalının çok seveceği yeni bir şey bulduk!'',https://www.zaytung.com/haberdetay.asp?newsid=323378,167
"Murat Ercin(21), 1 Bölüm Daha House Of Cards İzleyip Öyle Başlayacak Yarınki Finale Çalışmaya… Aynen...",https://www.zaytung.com/haberdetay.asp?newsid=323347,167
İki Yıldır Ramazan'ın İlk Dayağını Başka Şehirlere Kaptıran Erzurum'da ''Yönetim İstifa'' Sesleri...,https://www.zaytung.com/haberdetay.asp?newsid=323304,167
"Geri Kalan 11 Ayda da Birbirine Dalmak İçin Fırsat Kollayan İstanbullular, Geçerli Bir Bahaneye Kavuşmanın Sevincini Yaşıyor: ''Zaten oruç başıma vurmuş...''",https://www.zaytung.com/haberdetay.asp?newsid=323152,167
"TOBB Başkanı'nın da Aralarına Katılmasıyla 25 Kişi Olan 'Cumhurbaşkanına Yerli Otomobil Sözü Verenler' WhatsApp Grubu, ''Beyler napıcaz şimdi?'' Gündemiyle Toplandı...",https://www.zaytung.com/haberdetay.asp?newsid=323063,167
"Londra'da Bir Banka Şubesinin Önünde Şüpheli Şekilde Duran Ortadoğulu, Fünye İle Patlatıldı...",https://www.zaytung.com/haberdetay.asp?newsid=323034,167
Yıldız Teknik Üniversitesi Kampüsü'nün Ardından Vodafone Arena'nın da Cumhurbaşkanı'nın Spor Faaliyetleri İçin Tahsis Edileceği Açıklandı...,https://www.zaytung.com/haberdetay.asp?newsid=323003,167
"Mayıs Sonuna Gelinmesine Rağmen Havaların Hala Isınmamasını Protesto Eden Vatandaşlar, Diyanet İşleri Başkanlığı Önüne Siyah Çelenk Bıraktı...",https://www.zaytung.com/haberdetay.asp?newsid=322996,167
"KHK’yla İhraç Edilen Eğitimcileri Gözaltına Alan Emniyet Görevlileri, Bir Günü Daha KHK'yla İhraç Edilmeden Geçirmenin Coşkusunu Yaşıyor...",https://www.zaytung.com/haberdetay.asp?newsid=322956,167
"Gambiya Büyükelçisi, Okey'e 4. Olarak Dışişlerine Çağrıldı...",https://www.zaytung.com/haberdetay.asp?newsid=322935,167
FETÖ Soruşturmasının Sözcü'ye Sıçramasının Ardından Gözler Sürekli Yılmaz Özdil Paylaşan 317.000 Emekli Öğretmene Çevrildi… Ayvalık’ta Panik…,https://www.zaytung.com/haberdetay.asp?newsid=322824,168
"Adana Emniyet Müdürlüğü, Şehrin Sokaklarındaki Aksiyonu Ekranlara Taşıyor: ''Mobese 01'' Yakında Netflix'de...",https://www.zaytung.com/haberdetay.asp?newsid=322820,168
Trump-Erdoğan Görüşmesini Diplomatik Skandalla da Olsa ABD Gündemine Taşımayı Başaran Cumhurbaşkanlığı Koruma Ekibine Devlet Üstün Hizmet Madalyası...,https://www.zaytung.com/haberdetay.asp?newsid=322810,168
"Polonyalı Turist Kazıklama Noktasına Kadar Gerileyen Türk Turizmi, İngiliz-Alman Kazıkladığı Günleri Mumla Arıyor...",https://www.zaytung.com/haberdetay.asp?newsid=322795,168
"Chris Cornell'in Ölümünün Ardından Orta Yaşa Gelmelerine Rağmen Hala Senden Benden Sağlıklı Görünen Türk Rock Camiasına Tepki Yağıyor: ""Bunlar nasıl Rockçı?!''",https://www.zaytung.com/haberdetay.asp?newsid=322788,168
"Mezuniyetine 1 Ay Kalan Endüstri Mühendisliği Son Sınıf Öğrencisi Barış Beynam (22), Hangi Sektörde İşsiz Kalmak İstediğine Henüz Karar Verebilmiş Değil",https://www.zaytung.com/haberdetay.asp?newsid=322741,168
"Erdoğan Görüşmesinin Ardından ABD Medyasında Trump'a Övgü Yağıyor: ''Tevazu gösterip, konuğunun elini bile sıkan gerçek bir dünya lideri...''",https://www.zaytung.com/haberdetay.asp?newsid=322715,168
"AVM'de Gerginlik: Kapıdan Giren Anne-Oğulu Kapmak İsteyen Beyaz Eşyacı, Pırlantacı ve Cep Telefoncunun ''Benim hedef kitlem'' Tartışması Yumruklaşmaya Dönüştü",https://www.zaytung.com/haberdetay.asp?newsid=322535,168
KHK ile Atılan 2 Akademisyenin Açlık Grevinde Olduğunu Öğrenen Hükümette Şaşkınlık: ‘‘Diğer atılanlar karnını doyurabiliyor mu yani?’’,https://www.zaytung.com/haberdetay.asp?newsid=322483,168
"YPG'ye Verilen Silahlara Türkiye'den Sert Tepki: Erdoğan, ABD Ziyaretinde Trump'ın Karşısında Bacak Bacak Üstüne Atacak...",https://www.zaytung.com/haberdetay.asp?newsid=322454,168
1990 Doğumluların da Bedelli Beklediğini Öğrenen Hükümette Moraller Bozuk: ''Yaşlanmışız mk ya...'',https://www.zaytung.com/haberdetay.asp?newsid=322383,169
İBB'den Taksim Atağı: Nükleer Savaş Sonrasını Anlatan Post-Apokaliptik Filmler İçin Doğal Plato Olarak Hizmet Verecek...,https://www.zaytung.com/haberdetay.asp?newsid=322382,169
"Gündemin Magazin Konuşmaya Müsait Olduğu 3-5 Günden Birinde Candan Kardeşlerle Yakalanan Murat Boz, Tam Olarak Kimin Ah'ını Aldığını Düşünüyor",https://www.zaytung.com/haberdetay.asp?newsid=322275,169
Yapay Zekalı İlk Yerli Otonom Aracın 3 Gün İçinde Trafik Magandasına Dönüşmesinin Ardından Proje Rafa Kaldırıldı...,https://www.zaytung.com/haberdetay.asp?newsid=322254,169
"WhatsApp, Kesintinin Uzun Sürme Nedenini Açıkladı: ‘'Türkiye bloklamıştır diye başta pek üzerinde durmadık...’'",https://www.zaytung.com/haberdetay.asp?newsid=322208,169
"Neredeyse Ülkenin Yönetim Şeklini Değiştirmesine Rağmen Deniz Baykal'dan Kurtulamayan Türk Siyaseti, Pes Etmek Üzere",https://www.zaytung.com/haberdetay.asp?newsid=322168,169
Green Card Çekilişini Kazanan Fatih Öztunç(28) Havaya Çabuk Girdi: ‘‘Abi Trump gitse kim gelecek? Clinton’da liderlik vasfı yok bi kere...’’,https://www.zaytung.com/haberdetay.asp?newsid=322126,169
Uzmanlar Mayıs Ayı İtibariyle Yoğunluğunu Artıracak 'Eski sevgiliyi yoklama mesajları'na Karşı Uyarıyor: ''Umduğunu bulamayan yine size saracak...'',https://www.zaytung.com/haberdetay.asp?newsid=322105,169
"9 Aylık OHAL'in Ardından 1 Mayıs'ı da Gözaltına Alınmadan Geçiren Barış Vardar(28), En Yakın Karakola Teslim Olma Kararı Aldı: ""Bitsin bu gerilim artık...""",https://www.zaytung.com/haberdetay.asp?newsid=322085,169
KHK İle Kamudan İhraç Edilen 4000 Kişiden Ortak Açıklama: ''Bizi de en çok Esra Erol'un işsiz kalması düşündürüyor...'',https://www.zaytung.com/haberdetay.asp?newsid=322033,169
"2 Haftadır Saray'a Çağrılmadıkları İçin Boşluğa Düşen Muhtarlar, Erken Seçim İstiyor...",https://www.zaytung.com/haberdetay.asp?newsid=321936,170
"Daha Hızlı Sonuç Alınması Amacıyla Devletteki FETÖ Soruşturmalarının, FETÖ’cü Olmayanların Tespit Edilmesi Yöntemiyle Yürütülmesine Karar Verildi...",https://www.zaytung.com/haberdetay.asp?newsid=321905,170
Mark Zuckerberg ‘Hangi ünlüye benziyorsun’ Uygulamasında Çağatay Ulusoy veya Tuğba Büyüküstün'e Benzemeyen 3 Türk Kullanıcıya Seslendi: ‘‘Siz onlardan daha güzelsiniz...’’,https://www.zaytung.com/haberdetay.asp?newsid=321889,170
Bedelli Askerliği Konu Alan Yeni Asker Dizisi '‘Bedel Ödeyenler’'in Çekimleri Ziraat Bankası Kartal Şubesi'nde Başladı...,https://www.zaytung.com/haberdetay.asp?newsid=321837,170
"Sinema Sanatını Korumak İçin Harekete Geçen Kültür Bakanlığı, Vine Fenomenlerini İtlafa Hazırlanıyor...",https://www.zaytung.com/haberdetay.asp?newsid=321814,170
Instagram Kesintisinin Ardından BEDAŞ'tan Sert Açıklama: ''Elektriği kessek bu kadar hızlı fark etmezdiniz!'',https://www.zaytung.com/haberdetay.asp?newsid=321806,170
AK Parti'ye Yakın Gazeteciler Arasındaki Kavganın Yayın Hakları İhalesi Sonuçlandı: ‘'Kim FETÖ’cü? Sensin FETÖ’cü’' Yakında TV8'de,https://www.zaytung.com/haberdetay.asp?newsid=321797,170
Hollanda Dışişleri Bakanlığı: ''Bu arada sizin bi yaptırım işi vardı noldu o?'',https://www.zaytung.com/haberdetay.asp?newsid=321692,170
‘'Bu videom 1 milyon izlenirse kendimi öldüreceğim’' Diyen Genç Youtuber Türkiye'ye Umut Oldu: ‘‘Böyle böyle kurtulucaz bu salaklardan...’’,https://www.zaytung.com/haberdetay.asp?newsid=321684,170
'Cem Küçük’le Yargılanacaksan Gel’ Çok Yakında ATV'de...,https://www.zaytung.com/haberdetay.asp?newsid=321618,170
"AGİT Raporuna Sert Tepki Gösteren Hükümetten Uluslararası Birlik Çağrısı: ‘‘Cibuti, Bahreyn siz de bi şey desenize abi şunlara!’’",https://www.zaytung.com/haberdetay.asp?newsid=321603,171
"Yarım Demokraside Bile Doğru Dürüst Referandum Yapamayan Türkiye, Başkanlık Sisteminde Yapılacak Seçimlerle İlgili İyimserliğini Korumaya Çalışıyor...",https://www.zaytung.com/haberdetay.asp?newsid=321527,171
"YSK'dan Hodri Meydan: ‘'Sandığa gidelim, usulsüzlük yapıp yapmadığımıza millet karar versin...’'",https://www.zaytung.com/haberdetay.asp?newsid=321444,171
"Referandumu Geride Bırakan Türkiye, Ekonomik Kriz ve İşsizlik Yerine Kimin Terörist Olduğuna Yoğunlaşabileceği Bir Sonraki Seçimi Bekliyor",https://www.zaytung.com/haberdetay.asp?newsid=321376,171
"Yüksek Seçim Kurulu, Türkiye Genelinde Referandumla İlgili Tweet ve Facebook Post'u Silme İşlemlerine 20.00 İtibariyle Başlanabileceğini Duyurdu...",https://www.zaytung.com/haberdetay.asp?newsid=321280,171
"Devlet Bahçeli'nin Açıklamaları, Kendisini Takip Eden Toplam 17 MHP'li Arasında Kafa Karışıklığı Yaratmaya Devam Ediyor",https://www.zaytung.com/haberdetay.asp?newsid=321221,171
Kuzey Kore-ABD Gerginliğinde Türkiye Devrede: ''4 milyon mülteci için hazırlıklarımız tamam. Siz rahat rahat savaşın...'',https://www.zaytung.com/haberdetay.asp?newsid=321132,171
"Canlı Yayına Çıkabileceği Başka Program Kalmayan Cumhurbaşkanı Erdoğan, Yarın Akşam Ünlüler Takımıyla Survivor'da...",https://www.zaytung.com/haberdetay.asp?newsid=321111,171
YSK'dan Geçersiz Oy Uyarısı: ''Lan 2 seçenek var zaten. Bir mührü doğru yere basmak ne kadar zor olabilir?'',https://www.zaytung.com/haberdetay.asp?newsid=321049,171
"Propaganda Sürecini 7 Silahlı Saldırı, 330 Gözaltı, 3 Tutuklama, 17 İşten Çıkarmayla Tamamlayan Hayır Cephesi'nde Seçim Yasakları Heyecanı: ‘‘Kimse ölmeden başlasa inşallah...’’",https://www.zaytung.com/haberdetay.asp?newsid=321035,171
Dışişleri'nden Avrupa'ya Sert Tepki: ''Gurbetçilerimizin içme suyuna ne karıştıyorsanız bi an önce son verin...'',https://www.zaytung.com/haberdetay.asp?newsid=320963,172
"Suriye Hükümeti, ABD-Rusya Mücadelesinin Biraz da Başka Bir Yerde Sürmesi İçin Çağrıda Bulundu: ‘'Bizde bombalanacak sağlam bina kalmadı''",https://www.zaytung.com/haberdetay.asp?newsid=320928,172
Havuz Medyası'nda ''En uzağa hangimiz delirecek?'' Mücadelesi Nefesleri Kesiyor...,https://www.zaytung.com/haberdetay.asp?newsid=320879,172
Avukatlar Günü Yürüyüşüne Vatandaşlardan Yoğun İlgi: ‘‘Yaa şimdi bizim dededen kalan bir arsa var Balıkesir’de...’’,https://www.zaytung.com/haberdetay.asp?newsid=320847,172
"FIAT, Arkasında Tuğra Olmayan ve Kurallara Uygun Kullanıldığı Tespit Edilen Doblo'yu Geri Almak İçin Mahkemeye Gidiyor...",https://www.zaytung.com/haberdetay.asp?newsid=320774,172
"Trtarşiv'le Birlikte Gaz Kuyruklu, Darbeli, Sıkıyönetim'li Yılların Bile Sevimli Görünebildiğini Fark Eden Türkiye Rahatladı: ''Demek 30 sene sonra bakınca bugünler de...''",https://www.zaytung.com/haberdetay.asp?newsid=320765,172
Dünya Sağlık Örgütü'nden Türkiye'ye Anlamlı Ödül: ''Ruh hastalarının bile fikirlerine değer verilen bir ülke olarak...'',https://www.zaytung.com/haberdetay.asp?newsid=320715,172
''Eski Sevgilim Hala Takip Ediyor mu?'' Diye Günde Ortalama 30 Story Yayınlayan Genç Kız İçin Umutlar Tükeniyor,https://www.zaytung.com/haberdetay.asp?newsid=320685,172
Samsung S8'in Fiyatının 4.999 TL Olarak Açıklanmasının Ardından Güney Kore Büyükelçisi Dışişleri Bakanlığı'na Çağrıldı,https://www.zaytung.com/haberdetay.asp?newsid=320643,172
Booking.Com'dan Türkiye Açıklaması: ''Siz hala sistemde miydiniz ya?'',https://www.zaytung.com/haberdetay.asp?newsid=320602,172
"BiTaksi, Küfür ve Taciz Etmeyen Taksici Seçeneğini de ''Premium Hizmet'' Olarak Uygulamaya Eklemeye Hazırlanıyor...",https://www.zaytung.com/haberdetay.asp?newsid=320591,173
"YGS'de İlk 10.000'e Girmeyi Başaran Murat Ercimen, En Büyük Hayali Olan ''2000 Lira Maaş İçin KPSS Kasmaya'' Bir Adım Daha Yaklaştı...",https://www.zaytung.com/haberdetay.asp?newsid=320552,173
Ecdad-Kahramanlık Dizileri Sonucu Ortaya Çıkan Gazdan Elektrik Üretimi İçin Düğmeye Basıldı,https://www.zaytung.com/haberdetay.asp?newsid=320504,173
Dışişleri'ne Çağrılan Büyükelçilerin Sıra Tartışması Yumruklaşmaya Dönüştü. Yaralılar Var...,https://www.zaytung.com/haberdetay.asp?newsid=320473,173
"Hükümet Sözcüsü, Bir Grup Rus Tarafından Türkiye'ye Turizm Rezervasyonu Yapıldığı İddialarını Yanıtladı: ‘‘Araştırıyoruz, öyle bir şey varsa gereken yapılacaktır...’’",https://www.zaytung.com/haberdetay.asp?newsid=320358,173
"Türkiye, Uluslararası Arenada Sorun Yaşamak İsteyen Ülkelere ''Türk Krizi'' Markasıyla Ulaşacak...",https://www.zaytung.com/haberdetay.asp?newsid=320277,173
"Esnafa 'Arap Sermayesi' Müjdesi: Kuveyt Emiri, Türkiye Turnesi Kapsamında Her Gün Bir İlde Alışverişe Çıkarılacak...",https://www.zaytung.com/haberdetay.asp?newsid=320270,173
Hollanda'ya Beklenen Yaptırım Geldi: AK Parti Bu Ülkedeki Tüm Mitinglerini İptal Etti...,https://www.zaytung.com/haberdetay.asp?newsid=320269,173
Komplo Teorisi Camiasının Acı Günü: Dünyayı Yöneten Aile ve İlluminati Videolarının Sevilen Yüzü David Rockefeller Aramızdan Ayrıldı,https://www.zaytung.com/haberdetay.asp?newsid=320220,173
Turizmciler AB'yle Gerilimin Düşürülmesi İçin Hükümetle Masaya Oturacak: ''Kaç oy gelecekse o işten söyleyin ayarlayalım biz size...'',https://www.zaytung.com/haberdetay.asp?newsid=320043,173
"Meral Akşener'in Konuşturulmaması Nedeniyle de Mağdur Olan Hükümet, Niğde Valiliği'ne Nota Verdi...",https://www.zaytung.com/haberdetay.asp?newsid=320041,174
E Sınıfı Kamyon Sürücü Belgesiyle TV'de Psikologluk Yaptığı Ortaya Çıkan Ayhan Cemilgen: ''Ne var? Biz de insan sarrafıyız bi nevi...'',https://www.zaytung.com/haberdetay.asp?newsid=319986,174
"Üniversite Mezunu İşsiz Oğullarının 3.600 TL GSS Borcu, 420 TL KPSS Başvuru Masrafı Olduğunu Öğrenen Aile Minik Yavruya Yeni Bir Yuva Arıyor",https://www.zaytung.com/haberdetay.asp?newsid=319936,174
"14 Mart Tıp Bayramı, Muayene Sırası Bekleyen 250 Hasta, Doktor Döven Temsili Milisler ve Kız Bakmaya Gelen Teyzelerin Geçit Töreniyle Kutlandı",https://www.zaytung.com/haberdetay.asp?newsid=319919,174
"AK Parti, 2 Gündür Aşırı Dozda ‘Demokrasi’ ve ‘İfade Özgürlüğü’ Sözcüklerine Maruz Kalan Üyelerine Rehabilitasyon Hizmeti Sağlayacak...",https://www.zaytung.com/haberdetay.asp?newsid=319863,174
"Dışişleri Bakanlığı, Kriz Yaşadığı Ülke Sayısını Artırarak Yanlış Bayrak Yakma Vakalarının Önüne Geçmeyi Hedefliyor...",https://www.zaytung.com/haberdetay.asp?newsid=319683,174
"Çalışanların Düzenli Olarak ‘Vatandaşlık veren ülkeler’ ve ‘Göçmenlik şartları’ Yazıları Okuduğu İltek Bilişim A.Ş, Yoluna Yurtdışı Danışmanlık Şirketi Olarak Devam Etme Kararı Aldı",https://www.zaytung.com/haberdetay.asp?newsid=319607,174
"Kültür Bakanlığı, Cumhurbaşkanı Erdoğan’ı Anlatan Filmler İçin ‘Çek-İzlet-Devret’ Modelini Hayata Geçirmeye Hazırlanıyor",https://www.zaytung.com/haberdetay.asp?newsid=319522,174
"Yaklaşan Referandumla Birlikte Dışişleri'nde ''Atara atar, gidere gider'' Sezonu Açıldı...",https://www.zaytung.com/haberdetay.asp?newsid=319513,174
Reklamında Cinsiyetçi Dil Kullandığı İçin Eleştirilerin Hedefi Olan Markadan Sert Açıklama: ‘‘Karı gibi arkamızdan konuşan kimi çevreler...’’,https://www.zaytung.com/haberdetay.asp?newsid=319505,174
"Diyanet İşleri Başkanlığı, Almanya İle Yaşanan Gerginliğin Konu Yine Mercedes’e Gelmeden Çözülmesini Umuyor...",https://www.zaytung.com/haberdetay.asp?newsid=319470,175
"AK Parti Yönetimi, Almanya'yı Kınaması İçin Muhalefet Temsilcilerinden Ricada Bulunacak: ""Biz ifade özgürlüğü falan diyince komik oluyor...""",https://www.zaytung.com/haberdetay.asp?newsid=319333,175
"Melih Gökçek, Ankara'daki Asbest Sızıntısı İçin Komplo Teorisi Aday Kadrosunu Açıkladı: 1. FETÖ, 2. Cehape, 3. Mossad, 4. İran...",https://www.zaytung.com/haberdetay.asp?newsid=319262,175
Kanada Dışişleri Bakanlığı: ‘'Justin Trudeau''ya olan ilgi çirkin bi noktaya doğru gidiyor. Endişeliyiz…’’,https://www.zaytung.com/haberdetay.asp?newsid=319260,175
Sürekli Şekersiz Çay Öven Kız ve Sürekli Beşiktaş Öven Çocuk Çıkmaya Başladı… Kutlamalar Sürüyor...,https://www.zaytung.com/haberdetay.asp?newsid=319236,175
Oscar Törenindeki Karışıklığın Ardından Trump Hollywood'u Hedef Aldı: ''Bunlara versen 2 sığır güdemezler haa...'',https://www.zaytung.com/haberdetay.asp?newsid=319175,175
Linkedin'de İlk Kez Normal İş Teklifi Alan Gamze Güldür(27) Cephesinde Gergin Bekleyiş Sürüyor: ‘‘Acaba ne zaman asılmaya başlayacak?’’,https://www.zaytung.com/haberdetay.asp?newsid=319073,175
Aile Hekimliği İçin Tıp Fakültesi Mezunu Olma Şartı Kaldırılıyor: 2 Yıllık ‘'Antibiyotik Yazıcılığı'’ Meslek Yüksek Okulları Kurulacak...,https://www.zaytung.com/haberdetay.asp?newsid=319028,175
"AVM'de Aşırı Dozda Recep İvedik Afişine Maruz Kalan Talihsiz Genç, Artık Sadece ‘Böhühü’ Şeklinde Ses Çıkarabiliyor...",https://www.zaytung.com/haberdetay.asp?newsid=318970,175
"Teşvik, Kredi ve Borç Ertelemeye Rağmen Hala Sıkıntı Yaşayan Esnaflar İçin Makul Miktarda Hırsızlığa İzin Veren Düzenleme Maliye Bakanlığı Gündeminde…",https://www.zaytung.com/haberdetay.asp?newsid=318965,175
Turizm Bakanlığı'ndan Elde Kalan Son Turistlere Vefa Örneği: Taksim Meydanı’na 'Saç Ektiren Arap' Heykeli Dikiliyor,https://www.zaytung.com/haberdetay.asp?newsid=318907,176
"İnternette Çözdüğü Bir Testte Daha '‘Dahi’' Çıkan Genç Bankacı, %2'lik Zammın Tekrar Değerlendirilmesi İçin İK'yla Pazarlık Masasına Oturacak",https://www.zaytung.com/haberdetay.asp?newsid=318891,176
"Tübitak, Referandumdan Evet Çıkması Durumunda Fizik Yasalarındaki Vesayetin de Kalkacağını Müjdeledi",https://www.zaytung.com/haberdetay.asp?newsid=318848,176
Batmak İçin Referandum Sonrasını Bekleyen Beyoğlu Esnafına Maliye Bakanı'ndan Teşekkür Ziyareti...,https://www.zaytung.com/haberdetay.asp?newsid=318796,176
Özel Beybihan Üniversitesi ''Asena Atalaylık Meslek Yüksekokulu''nu Basına Tanıttı: ''Genç kızlarımız için en ideal meslek...'',https://www.zaytung.com/haberdetay.asp?newsid=318747,176
"Hala 500.000 TL'ye 1+1 Daire Satmaya Çalışan İnşaat Firması, UNESCO Kültür Mirası Listesine Alındı",https://www.zaytung.com/haberdetay.asp?newsid=318718,176
"14 Şubat Resmi Olmayan Sonuçları Gelmeye Başladı: Alınan Prezervatif Sayısı 27.300, Açılan Prezervatif Sayısı 86",https://www.zaytung.com/haberdetay.asp?newsid=318645,176
Çiçekçiler Odası: ‘‘Sevgililer Günü'nde en yüksek ciroyu ofistekilere hava olsun diye kendi kendine çiçek söyleyenlerden yapıyoruz’’,https://www.zaytung.com/haberdetay.asp?newsid=318593,176
Rusya'nın ''Yanlışlıkla vurduk'' Açıklamasının Ardından Ahmet Davutoğlu Cephesinde Hüzün: ''Zamanında ben düşünebilseydim şunu...'',https://www.zaytung.com/haberdetay.asp?newsid=318455,176
"Hükümetin Tüm Vatandaşları Aynı Eğitim Seviyesinde Eşitleme Kararlılığı Sürüyor: ''Orta 2 terk güzel gibi, ne diyosunuz...''",https://www.zaytung.com/haberdetay.asp?newsid=318394,176
Orta ve Yüksek Öğretimin Ardından AK Parti'de Yeni Hedef Youtube'daki Makyaj Videocuları: ''Bi şey öğretmiyorsunuz di mi lan millete?'',https://www.zaytung.com/haberdetay.asp?newsid=318390,177
Bu Akşam Şeriflerle Buluşacak Olan Donald Trump'a Washington Büyükelçimiz Tarafından Mavi Ekose Ceket Hediye Edildi,https://www.zaytung.com/haberdetay.asp?newsid=318360,177
"Hükümetten 'Varlık Fonu' Açıklaması: ''Tüm parayı Yiğit Bulut'a emanet etmemiz, ekonomimize duyduğumuz güvenin bir göstergesi...''",https://www.zaytung.com/haberdetay.asp?newsid=318310,177
"THY ile Birlikte Varlık Fonu'na Devredildiğini Öğrenen Morgan Freeman: ‘‘Benim biraz başkanlık tecrübem var sayılır, görev verilirse...’’",https://www.zaytung.com/haberdetay.asp?newsid=318302,177
"Gamze Yülgür(20), Instagram Hesabının Canlı Yayın Hakları İçin İhaleye Çıkıyor...",https://www.zaytung.com/haberdetay.asp?newsid=318205,177
Çift Haneli Rakamlara Ulaşan Enflasyonla Mücadele İçin Düğmeye Basıldı: Fiyatı En Çok Artan Ürün Olan Kabak Sınır Dışı Ediliyor...,https://www.zaytung.com/haberdetay.asp?newsid=318204,177
"Galatasaray Adası'nı İsteyen Nilhan Osmanoğlu, Doblo'sunda Tuğra Bulunanları da Aylık 100 Mecidiye Motorlu Taşıtlar Öşür Vergisine Bağladığını Açıkladı...",https://www.zaytung.com/haberdetay.asp?newsid=318148,177
"Adalet Bakanlığı, Sera Kadıgil'i Sorgulayacak Savcıları Uyardı: ‘'Konuyu referanduma getirmeyin, çok ikna edici konuşuyor...’'",https://www.zaytung.com/haberdetay.asp?newsid=318084,177
"Kanada’daki Kuzenini İlk Kez ‘Abi saldırı olmuş orada, siz iyisiniz di mi?’ Demek İçin Arayan Oğuz Erden'in Gurur Günü...",https://www.zaytung.com/haberdetay.asp?newsid=318032,177
"Trump’ın Kararına Misilleme Yapan Irak Parlamentosu, ABD Vatandaşlarının Ülkeden Çıkışını 90 Gün Süreyle Durdurdu...",https://www.zaytung.com/haberdetay.asp?newsid=318027,177
"Müslümanları Ülkeye Sokmama Kararnamesi Federal Mahkeme Tarafından Askıya Alınan Trump, Cumhurbaşkanlığı Sistemine Geçmeye Hazırlanıyor...",https://www.zaytung.com/haberdetay.asp?newsid=317977,178
Türkiye'nin Kredi Notunu Negatif'e Düşüren S&P'dan Hükümeti Rahatlatan Açıklama: ''Ama referanduma kadar iyi kötü batmadan idare eder yani...'',https://www.zaytung.com/haberdetay.asp?newsid=317928,178
Referandum Hazırlıkları Başladı: İlk Milli Savaş Uçağımızın Kasası Temizlenmek Üzere Hangardan Çıkartıldı,https://www.zaytung.com/haberdetay.asp?newsid=317895,178
Masaya Vegan Geldi... Gerginlik Büyüyor...,https://www.zaytung.com/haberdetay.asp?newsid=317879,178
"ABD-Meksika Geriliminden de Eksik Kalmak İstemeyen Türkiye, Örülecek Duvar İnşaatına Talip Oldu...",https://www.zaytung.com/haberdetay.asp?newsid=317849,178
Türkiye ‘Evet’ Videoları Konusunun İş Nihat Doğan'a Gelmeden Sönümlenmesini Umuyor,https://www.zaytung.com/haberdetay.asp?newsid=317798,178
"Meteoroloji Genel Müdürlüğü, Referandumdan 'Evet' Çıkması Halinde Hava Sıcaklığının 27 Santigrat Derecede Sabit Kalacağını Müjdeledi...",https://www.zaytung.com/haberdetay.asp?newsid=317735,178
"İlhan Cavcav'ın Ölüm Haberiyle Sarsılan Afrika'ya İlk Teselli Cumhurbaşkanı Erdoğan'dan: ''Merak etmeyin, yakında transfer yetkisini de ben alıyorum...""",https://www.zaytung.com/haberdetay.asp?newsid=317697,178
"Meteoroloji Genel Müdürlüğü: ''Erken başlayan Survivor, küresel ısınmanın bir neticesi...''",https://www.zaytung.com/haberdetay.asp?newsid=317653,178
Eve Elinde İdam İpiyle Gelen Yunus Emre Özbilgen(11)'e Henüz 7 Zayıfın Hesabını Sorabilen Çıkmadı...,https://www.zaytung.com/haberdetay.asp?newsid=317592,178
"Son 15 Yılın En Gerçekçi ''Arkadaşlar piyasa çok kötü, zam yok'' Konuşmasına Hazırlanan Albazlar Holding'de Nefesler Tutuldu...",https://www.zaytung.com/haberdetay.asp?newsid=317476,179
"Reina Saldırganının Yakalanmasına Hep Beraber Sevinen Türkiye, Bir Sonraki Saldırıda Görüşmek Üzere Kendi Kamplarına Çekildi...",https://www.zaytung.com/haberdetay.asp?newsid=317432,179
Cumhurbaşkanı Erdoğan Başkanlığında Toplanan Ekonomi Zirvesinden Sürpriz Sonuç: ''İşte hep başkanlık olmadığından... Başkanlık olsa...'',https://www.zaytung.com/haberdetay.asp?newsid=317391,179
Meclis Başkanı'ndan Vekillere Uyarı: ''Bunlar belki de meclisimizin basına yansıyan son görüntüleri. Akıllarda böyle kalmayalım...'',https://www.zaytung.com/haberdetay.asp?newsid=317246,179
"Bedava Tıraş İçin 3.40’tan Dolar Bozduran Bir Grup Vatandaş, Berberler Odası’nı Bastı...",https://www.zaytung.com/haberdetay.asp?newsid=317102,179
Başbakan Binali Yıldırım: ''Gemiyi bir kaptanla da batırmak mümkünken ikinciye ne gerek var?'',https://www.zaytung.com/haberdetay.asp?newsid=316952,179
TBMM'nin Feshedilmesi Halinde Milletvekili Odalarının Pansiyon Olarak Kiralanmasına Olanak Sağlayan Tasarı Meclis Gündeminde,https://www.zaytung.com/haberdetay.asp?newsid=316920,179
Ekonomi Bakanı'ndan Piyasaları Rahatlatan Açıklama: ''Anayasa tartışmaları falan ekonomiyi pek etkilemiyor. Nasılsa batıyoruz...'',https://www.zaytung.com/haberdetay.asp?newsid=316912,179
"AKOM, Canlı Yayına Bağlanmayı Beklerken Donma Tehlikesi Geçiren 24 Muhabirin Kurtarıldığını Duyurdu...",https://www.zaytung.com/haberdetay.asp?newsid=316847,179
"Terör ve Ekonomik Kriz Gündemleriyle Boğuşan Türkiye, Ankara'da Her Şeyden Uzak Anayasa Değiştirmeye Çalışan Bir Grup Mutlu İnsanı Gıptayla İzliyor...",https://www.zaytung.com/haberdetay.asp?newsid=316665,179
Survivor 2017 İçin Yarışmacıları İstanbul'a Yollama Kararı Alan İtalyan Rai3 Kanalına Tepki Yağıyor...,https://www.zaytung.com/haberdetay.asp?newsid=316594,180
2017’nin İlk Bebeği Olarak Türkiye’de Dünyaya Gelen Minik Efe’yi Teselli Çabaları Sonuç Vermiyor...,https://www.zaytung.com/haberdetay.asp?newsid=316487,180
"''Kıskanılan Güç Türkiye - Hedef 2023'' Konferansı, Elektrik Kesintisi Nedeniyle İleri Bir Tarihe Ertelendi...",https://www.zaytung.com/haberdetay.asp?newsid=316428,180
Terör ve Ekonomik Krizle Birlikte Kaybolmaya Yüz Tutan Bir Gelenek: Taksim'de Yılbaşı Tacizi...,https://www.zaytung.com/haberdetay.asp?newsid=316384,180
"Facebook'ta ''Harika bir yıldın 2016 keşke hiç bitmesen :)'' Paylaşımı Yapan Ö.E(26), Yoğun Tepkiler Sonucu Emniyetten Koruma Talebinde Bulundu...",https://www.zaytung.com/haberdetay.asp?newsid=316325,180
Müşteri Kılığında Fuhuş Operasyonuna Katılan Polis Memuru Nefsine Yenik Düştü...,https://www.zaytung.com/haberdetay.asp?newsid=316321,180
"WhatsApp 2016’nın En Çok Sessize Alınan Gruplarını Açıkladı: Lise Arkadaşları, Okul Velileri ve Akrabalar Yine Zirvede...",https://www.zaytung.com/haberdetay.asp?newsid=316263,180
George Michael’ın Ölüm Haberine Yayın Yasağı Getiren Çankırı 24. Sulh Hukuk Mahkemesi: ''Haftasonu boş geçince mecburen…’',https://www.zaytung.com/haberdetay.asp?newsid=316232,180
"Türkiye, IŞİD'in Dün Gece Yayınladığı Görüntülerden Hala Habersiz Olan Basına Durumu Uygun Bir Dille Aktarmanın Yollarını Arıyor...",https://www.zaytung.com/haberdetay.asp?newsid=316099,180
En Mutlu İller Sıralamasında İlk Sırada Yer Alan Yozgat’ta Son 2 Yıldır Şebeke Suyuna Antidepresan Karıştırıldığı Ortaya Çıktı...,https://www.zaytung.com/haberdetay.asp?newsid=316020,180
"Dışişleri'nden Rusya'ya Uzlaşma Çağrısı: ‘‘Sandığa gidelim, katilin hangi örgütten olduğuna millet karar versin...’’",https://www.zaytung.com/haberdetay.asp?newsid=315980,181
Hükümetten Yeni Yıl Müjdesi: 2017’ye Sağ Salim Ulaşan Tüm Vatandaşlara Gazi Ünvanı Verilerek Maaş Bağlanacak...,https://www.zaytung.com/haberdetay.asp?newsid=315892,181
"Dışişleri'nden Rusya'ya Açıklama: ''Kişisel almayın, burası bu ara hep böyle...''",https://www.zaytung.com/haberdetay.asp?newsid=315824,181
Yurtiçi Kargo'dan 20. Yılını Dolduran Müşterilerine ''Kapıya Teslimat'' Sürprizi...,https://www.zaytung.com/haberdetay.asp?newsid=315673,181
Abdullah Gül ve Ahmet Davutoğlu ''Verilmiş Sadakamız Varmış'' Konulu Toplantıda Bir Araya Geldi...,https://www.zaytung.com/haberdetay.asp?newsid=315664,181
"Uzun Süre Sonra İlk Kez İyi Bir Haber Verme Şansı Bulan Hükümet, Fırsatı Kaçırmak İstemiyor: Kar Tatili Açıklamasını Valiler Yerine Sırayla Bakanlar Yapacak...",https://www.zaytung.com/haberdetay.asp?newsid=315643,181
"OHAL, Terör, Darbe, Kriz Derken Şimdi de Seferberlik Konuşmaya Başlayan Türkiye'de 2017'ye Girilebileceğine Olan İnanç Giderek Zayıflıyor...",https://www.zaytung.com/haberdetay.asp?newsid=315618,181
"İBB, Ülke Gündeminin Bir Nebze Normalleşmesi Adına Önümüzdeki Günlerde İstanbul'un Herhangi Bir Yerinde Karla Mücadele Edilmeyeceğini Açıkladı",https://www.zaytung.com/haberdetay.asp?newsid=315566,181
"Türkiye, Başkanlık Sistemine Yoğunlaşan Hükümeti Rahatsız Etmemek İçin Ülke Yönetimi İşini Kendi Arasında Halletmeye Çalışacak...",https://www.zaytung.com/haberdetay.asp?newsid=315506,181
"Beşiktaş'taki Patlamada Yüreği Ağzına Gelen Türkiye, Burhan Kuzu'dan Gelen Haberle Rahatladı: ''Aman iyi başkanlık sistemine bir şey olmamış...''",https://www.zaytung.com/haberdetay.asp?newsid=315454,181
"2023 Hedefleri Zora Giren Hükumet, Hicri Takvime Geçmeye Hazırlanıyor…",https://www.zaytung.com/haberdetay.asp?newsid=315342,182
"Milli Eğitim Bakanlığı, Türkiye'nin PISA Testinde Son Sıralarda Yer Almasına Neden Olan 14 Milyon Öğrenciyi Sanayiye Vermekle Tehdit Etti...",https://www.zaytung.com/haberdetay.asp?newsid=315313,182
Farklı Şehirlerde Üniversite Kazanan Çiftlerin İlk Meşgule Düşürmeleri Bu Gece Tüm Yurttan Çıplak Gözle İzlenebilecek...,https://www.zaytung.com/haberdetay.asp?newsid=315245,182
"Sahte Dolar Bozdurma Makbuzuyla Çok Sayıda Esnafı Dolandıran Çete, Polisin Başarılı Operasyonuyla Çökertildi...",https://www.zaytung.com/haberdetay.asp?newsid=315187,182
Kar Satışı Yapmak İçin 3.59'dan 3 Milyon Dolar Bozduran Miles & Brown Capital Investment’ın Adı Sivas’ın Bir İlçesine Verildi,https://www.zaytung.com/haberdetay.asp?newsid=315173,182
"Rafet El Roman, Aynı Şarkının Devamı Niteliğindeki 300. Şarkısına İmza Attı...",https://www.zaytung.com/haberdetay.asp?newsid=315069,182
Doları Düşürmek İçin Elindeki Tüm Rezervi Satan Merkez Bankası Son Çare Olarak Binadaki Ofis Malzemelerini Elden Çıkarmaya Başladı,https://www.zaytung.com/haberdetay.asp?newsid=314993,182
"İki Yıl Önce Tütüne Geçip 6 Ay Önce Evde Kendi Birasını Yapmaya Başlayan Çağlar Göker(29), ÖTV'den Etkilenmemekte Kararlı: ‘‘Aslında araba da yapılır ha’’",https://www.zaytung.com/haberdetay.asp?newsid=314944,182
"Yayın Yasağına Gerek Bırakmadan Gayet Normal Bir Şekilde Ölen Feyzi Dursun(72), Yarın Devlet Töreniyle Ebediyete Uğurlanacak...",https://www.zaytung.com/haberdetay.asp?newsid=314927,182
İçerenköy'de Dram: Saat Uygulaması Nedeniyle Gece Karanlığında İşe Gitmeye Çalışan 4 Bankacı Pezevenklerin Eline Düştü,https://www.zaytung.com/haberdetay.asp?newsid=314866,182
Hükümet'ten 'Ekonomik Darbe' Açıklaması: ''Bizi kandırmak suretiyle tüm parayı inşaata yatırtan bir grup ekonomist...'',https://www.zaytung.com/haberdetay.asp?newsid=314830,183
Maliye Bakanı Naci Ağbal'dan Müjde: ''ÖTV'sini ödeyene çok az bir ücret farkıyla araba hediye edeceğiz!'',https://www.zaytung.com/haberdetay.asp?newsid=314665,183
"Tam Şangay Beşlisi İçin Heveslenirken Rusya'nın İntikam Hamlesiyle Karşılaşan Türkiye, Rotayı Güney Amerika'ya Çevirdi: ''Ee siz napıyonuz ya? Yok mu bi birlik falan?''",https://www.zaytung.com/haberdetay.asp?newsid=314634,183
Merkez Bankası Başkanı: ‘‘Bu kadar acı haberler aldığımız bir günde içimden ekonomi konuşmak gelmiyor...’’,https://www.zaytung.com/haberdetay.asp?newsid=314622,183
"Sevgilisine Söz Verdiği İtalya Tatili Her Gün Daha da Pahalanan Burak Ünver (29), AB'yle Bağların Tamamen Kopmasını Umuyor: ‘‘Sınırı falan da kapatsalar keşke...’’",https://www.zaytung.com/haberdetay.asp?newsid=314580,183
"Bir Kez Daha Lozan'ı Gündeme Taşıyan Erdoğan, Kamuoyunda Hayal Kırıklığı Yarattı: ''Ya gene mi tarih? Ne güzel seks falan konuşuyorduk...''",https://www.zaytung.com/haberdetay.asp?newsid=314551,183
"AK Parti, Kan Davası ve Namus Cinayeti İşleyenlerin Affedilmesine Yönelik Yasa Tasarısı Üzerinde Çalışmaları Tamamladı: ''Çünkü Anadolu'nun sosyal gerçekliği...""",https://www.zaytung.com/haberdetay.asp?newsid=314501,183
"Donald Trump, Kendisini Protesto Edenlere Seslendi: ''4 yıl sonra seçim var, tepkinizi sandıkta gösterin!''",https://www.zaytung.com/haberdetay.asp?newsid=314485,183
Türkiye Kararsız: ''Gerçekten pedofilleri korumak için mi yoksa Dolar gündemden düşsün diye mi yapıyorlar'',https://www.zaytung.com/haberdetay.asp?newsid=314407,183
"Rutine Bindiği İçin Artık Kimsenin İlgisini Çekmeyen '‘Dolardan Tarihi Rekor’' Manşeti, Hüzünlü Bir Törenle Emekliye Ayrıldı",https://www.zaytung.com/haberdetay.asp?newsid=314343,183
Yeni Dışişleri Sözcüsü Olarak Adı Geçen Seda Sayan İçin Hükümet ve SHOW TV Arasında Pazarlıklar Sürüyor...,https://www.zaytung.com/haberdetay.asp?newsid=314308,184
"Yılın İlk Kar Uyarısını Yapan Meteoroloji’de Yine Anlamsız Bir Coşku Var: ''Aşırı soğuk olacak olum, g.tünüz donacak!''",https://www.zaytung.com/haberdetay.asp?newsid=314243,184
Bahçeli'nin Başkanlık Desteği AK Parti'de Endişeleri Artırıyor: ''Beyler bi baksanıza daha önce iyi bi şeyi desteklemiş mi?'',https://www.zaytung.com/haberdetay.asp?newsid=314169,184
"İki Gündür Tutuklanma ve İşten Atılma Korkusu Olmadan Trump'a Rahat Rahat Saydıran Mert Günok (28), ABD Halkına Minnettar...",https://www.zaytung.com/haberdetay.asp?newsid=314010,184
"Türkiye, Trump'ın Ilımlı Balkon Konuşmasıyla İlgili Olarak ABD Kamuoyunu Uyardı: ''Siz yine çok da güvenmeyin, o iş pek öyle olmuyor...''",https://www.zaytung.com/haberdetay.asp?newsid=313935,184
CHP'ye Yönelik İlk Girişimlerin Beklenen de Hızlı Başlamasının Ardından MHP'de Tedirginlik: ‘‘Lan??’’,https://www.zaytung.com/haberdetay.asp?newsid=313790,184
Otoriter Eğilimleri Olan ve İki Lafı Birbirini Tutmayan Bir Adamın Başkan Seçilme İhtimalinin Olduğu ABD Seçimleri Türkiye'yi Heyecanlandırıyor: ‘'Bi’ seçin de görelim ya nasıl oluyormuş’’,https://www.zaytung.com/haberdetay.asp?newsid=313743,184
Twitter'ı Twitter Yasağını Savunmak Dışında Şahsi Amaçları İçin de Kullandığı Anlaşılan 400 AK-Troll'ün VPN Hesaplarına El Kondu...,https://www.zaytung.com/haberdetay.asp?newsid=313673,184
"Başkanlık Sistemi İçin Tutuklu HDP Milletvekili Yeter Sayısına Ulaşılmasının Ardından CHP'de Gergin Bekleyiş: ""Bizden kaç tane lazım şimdi?""",https://www.zaytung.com/haberdetay.asp?newsid=313629,184
"''Canım biz arkadaşlarla maç izliycez''le Başlayan Gece Yine Izdıraba Dönüştü: 22 Telefon, 163 WhatsApp Mesajı, 2 Ayrılık Kararı...",https://www.zaytung.com/haberdetay.asp?newsid=313581,185
"Kurtlar Vadisi Yayınlanmadığı İçin Irak ve Suriye'de Ne Olup Bittiğini Anlayamayan Kitle, Pana Film Önüne Siyah Çelenk Bıraktı...",https://www.zaytung.com/haberdetay.asp?newsid=313524,185
"AK Parti, Muhalif Gazetelere Kadar Sızan FETÖ’nün 14 Yıldır Parti'ye Bir Kişi Bile Sokamamasını Kutluyor...",https://www.zaytung.com/haberdetay.asp?newsid=313458,185
Cumhuriyet Gazetesi Baskını Hakkında Hükümetten Rahatlatan Açıklama: ''Tüm muhaliflerin susturulduğunu haber verecek bir tane muhalif yayın bırakacağız...'',https://www.zaytung.com/haberdetay.asp?newsid=313421,185
"Cumhuriyet Gazetesi, FETÖ Karşıtı Yüzlerce Haberden Oluşan Geniş Arşiviyle Şanslı Kayyımını Bekliyor: ‘‘Eski sayıları aynen bassa yeter’’",https://www.zaytung.com/haberdetay.asp?newsid=313420,185
"‘‘Efendiler, yarın cumhuriyeti ilan edeceğiz’’ Sözünün Ardından ‘‘Paşam öğleden sonra tatil mi?’’ Sorusunu Yönelten Bilecik Mebusu Nejat Ekrem Bey, Mezarı Başında Anıldı...",https://www.zaytung.com/haberdetay.asp?newsid=313297,185
Henüz Snapchat'i Çözememişken Bir de Aleyna Tilki'nin Çizgi Film Karakteri Olmadığı Şokuyla Sarsılan Gamze Üldür(29) Pes Etti: ‘‘Tamam ya yaşlıyım tamam…’’,https://www.zaytung.com/haberdetay.asp?newsid=313273,185
"İnterneti Kesildiği İçin Ülke Gündeminden Uzak Kalan Güneydoğu İlleri, Türkiye'nin En Mutlu Şehirleri Sıralamasında Hızla Yükseliyor...",https://www.zaytung.com/haberdetay.asp?newsid=313244,185
Walking Dead S07E01 Adıyla Babaannesinin Görüntülerini Yayınlayan Gence Tepkiler Sürüyor,https://www.zaytung.com/haberdetay.asp?newsid=313210,185
"Savcılık, ByLock'un Sahibini Bularak Röportaj Yapan İsmail Saymaz'ı İfadeye Çağırdı: ''Nasıl oluyor şimdi bu soruşturma işleri falan anlatsana biraz...''",https://www.zaytung.com/haberdetay.asp?newsid=313199,185
Musul'a Kimin Gireceği ile İlgili Tartışmalara IŞİD'den Sert Tepki: ''Lan biz neciyiz burada?!'',https://www.zaytung.com/haberdetay.asp?newsid=313160,186
"Birlikte Yaşadıklarını Gizleyen Genç Çift, Kızın Ailesinin 21. Beklenmedik Ziyaretinden de Yırtmanın Sevincini Yaşıyor",https://www.zaytung.com/haberdetay.asp?newsid=313101,186
"Sakin Bir Gün Geçiren Trabzonlular, Durumun Saat 21'e Kadar Değişmemesi Halinde İçlerinden 2 Gönüllüyü Vurarak Rahatlayacak...",https://www.zaytung.com/haberdetay.asp?newsid=313077,186
"LC Waikiki'de Patronuyla Karşılaşan Mert Yunak, Çalıştığı Şirketin Batmak Üzere Olduğu Gerçeğiyle Yüzleşti...",https://www.zaytung.com/haberdetay.asp?newsid=313031,186
"İstanbul Valiliği'nden, AKUT'un Merkez Binasından Çıkarılmasıyla İlgili Açıklama: ""İlk depremde yıkılır nasılsa, o zaman geri çağırırız...""",https://www.zaytung.com/haberdetay.asp?newsid=313000,186
"Ortaokuldan Bu Yana Görüşülmeyen Arkadaş, Yıllar Sonraki İlk Buluşmada Şaşırtmadı: ‘‘Abi bak şimdi bi sistem var, sen altına 9 kişi buluyosun…’’",https://www.zaytung.com/haberdetay.asp?newsid=312999,186
"Milli Eğitim Bakanlığı'ndan Proje Okullar'da Geri Adım Sinyali: ''Diğer liselerimiz kadar boktan eğitim vereceklerine söz versinler, dokunmayalım...''",https://www.zaytung.com/haberdetay.asp?newsid=312945,186
Türkiye'nin Musul Stratejisi Netleşiyor: Hoca Şans Verirse Son 10 Dakika Oyuna Girip Mücadelenin Seyrini Değiştirmek...,https://www.zaytung.com/haberdetay.asp?newsid=312890,186
215 Bin Kullanıcısı Olduğu Açıklanan ByLock'a Microsoft Talip Oldu...,https://www.zaytung.com/haberdetay.asp?newsid=312807,186
"iPhone 7'nin Gelişiyle Ucuzlayan iPhone 6 İçin Geceden Kuyruğa Giren Fakirler, Görüntü Almaya Çalışan Gazetecilere Saldırdı...",https://www.zaytung.com/haberdetay.asp?newsid=312747,186
"Aşırı Refah ve Huzurdan Sıkılan Türkiye, Başkanlık Sistemi İçin Referanduma Sıcak Bakıyor: ''Aynen ya biraz aksiyon olsun...''",https://www.zaytung.com/haberdetay.asp?newsid=312671,187
"Amanda Cerny ile Dünya Gündemine Gelmeyi Başaran Yozgat'ta,Toplu DM'den Yürüme Seferberliği. İlk Hedef Adriana Lima...",https://www.zaytung.com/haberdetay.asp?newsid=312639,187
"Türkiye ile Irak Arasındaki Ağız Dalaşına Birleşmiş Milletler'den Müdahale: ''Beyler yavaş, aile var...''",https://www.zaytung.com/haberdetay.asp?newsid=312633,187
"Grandium AVM, Her Hafta Kapanacak Mağazayı Doğru Tahmin Eden 1 Müşterisine Son Model Araba Hediye Edecek...",https://www.zaytung.com/haberdetay.asp?newsid=312577,187
Irak'taki Türk Askerlerinin Çekilmeyeceğini Vurgulayan Başbakan Yıldırım: ''Şu an orası askerimiz için daha güvenli...'',https://www.zaytung.com/haberdetay.asp?newsid=312499,187
"Devletten İhraç Edilen Bir Grup Memur, Türkiye'nin İlk Özel Tapu Kadastro Müdürlüğü'nü Açmaya Hazırlanıyor",https://www.zaytung.com/haberdetay.asp?newsid=312417,187
"Suriye Konusunda İyice Gerilen ABD ve Rusya, Suriye'yi Biraz Daha Bombalayarak Gerginliği Atmaya Çalışacak...",https://www.zaytung.com/haberdetay.asp?newsid=312352,187
Başbakan Yıldırım: ''Kanal kapatmak hoş değil. Yalnızca A Haber'i çeken televizyonlarla da bu işi çözebiliriz...'',https://www.zaytung.com/haberdetay.asp?newsid=312246,187
"Hükümet Sözcüsü, OHAL'in Süresiyle İlgili Soruları Yanıtladı: ''Bunları devlete doldurmak 14 senemizi aldığına göre oradan hesaplayın işte...''",https://www.zaytung.com/haberdetay.asp?newsid=312207,187
Arka Sokaklar'ın 168. Bölümünde Torbacıyı Canlandıran Fırat Üngör: ''Şöhret beni değiştirmedi. Aynı Fırat'ım...'',https://www.zaytung.com/haberdetay.asp?newsid=312126,188
Facebook'ta Başlayan Bir İlişki Daha Instagram'da ''Onu niye like ettin?'' Kavgasıyla Sarsılıyor...,https://www.zaytung.com/haberdetay.asp?newsid=312093,188
"Uzun Bir Ayrılığın Ardından Muhtarlarına Kavuşan Erdoğan, 2 Ay Önce Söylediğini İnkar Edip Dolar'ı Yükselttiği Performansıyla Bir Kez Daha İzleyicileri Mest Etti....",https://www.zaytung.com/haberdetay.asp?newsid=312030,188
"Miss Turkey, İzleyicilerin 1.'ye Interaktif Bir Şekilde Bok Atabilmesi İçin Bu Yıl Youtube'dan Canlı Yayınlanıyor...",https://www.zaytung.com/haberdetay.asp?newsid=311978,188
"TÜİK, Eylül Ayında Kombi Yakmak İçin Gereken Minimum Aylık Geliri 5.200 TL Olarak Açıkladı...",https://www.zaytung.com/haberdetay.asp?newsid=311937,188
"Tatilde 4600 TL Harcayarak Topladığı Enerjiyi İstanbul'da 3 Günde Tüketen Ela Güngör (29), Tüketici Hakları Mahkemesi'ne Başvurdu",https://www.zaytung.com/haberdetay.asp?newsid=311904,188
"Hükümet, Ekonomik Krize Karşı Acil Eylem Planını Açıkladı: ''İnşaatları Yenilebilir Malzemeden Yapacağız. Çok Mecbur Kalırsak...''",https://www.zaytung.com/haberdetay.asp?newsid=311870,188
"İstanbul Büyükşehir Belediyesi, Toplu Taşımadaki Gerilimi Düşürmek İçin Kafes Dövüşü Turnuvası Düzenleyecek",https://www.zaytung.com/haberdetay.asp?newsid=311764,188
"Kilis Valiliği, Şehirde Olağanüstü Bir Durum Yaşandığına Dair İddiaları Yalanladı: ''Bir şey yok ya, rutin roket işte...''",https://www.zaytung.com/haberdetay.asp?newsid=311698,188
Dünden Beri Brad Pitt - Angelina Jolie Boşanmasını Konuştuğunu Fark Eden Türkiye Şaşkın: ''Aa aynı normal ülke gibi lan?!'',https://www.zaytung.com/haberdetay.asp?newsid=311666,188
"Milli Eğitim Bakanlığı, Öğretmen Açığı Konusundaki Sessizliğini Bozdu: ''Sesi güzel olanlar şarkı söylesin, fıkra bilenler fıkra anlatsın...''",https://www.zaytung.com/haberdetay.asp?newsid=311591,189
"Bodrum Kaymakamlığı, İlçenin Çeşitli Yerlerine Gizlenmiş 20 Bin İstanbullu'yu Daha Bularak Otobüslerine Bindirdi...",https://www.zaytung.com/haberdetay.asp?newsid=311477,189
"Ailesi İle Bayram Ziyaretlerini Sürdüren Efe Küçükali(6), Şu Ana Dek 18 Çifti Çocuk Fikrinden Tiksindirmeyi Başardı...",https://www.zaytung.com/haberdetay.asp?newsid=311386,189
Samsung'dan Sevindiren Haber: Henüz Patlamayan Note 7'ler Teknik Servislerde Fünye ile Patlatılacak,https://www.zaytung.com/haberdetay.asp?newsid=311330,189
"Merkez Valisi Kaim İşgüder, ABD'nin Ankara Büyükelçiliği'ne Kayyum Olarak Atandı...",https://www.zaytung.com/haberdetay.asp?newsid=311299,189
"Bayram Tatili İçin Şehri Terk Eden 8 Milyon İstanbullu, Yurdun Dört Bir Yanında Paralarıyla Rezil Olmak İçin Kıyasıya Yarışacak...",https://www.zaytung.com/haberdetay.asp?newsid=311194,189
Belediyelerin Ardından Tek Tek Seçmenlere Yönelik ''Bireysel Kayyım'' Uygulaması İçin Diyarbakır Pilot Bölge Seçildi...,https://www.zaytung.com/haberdetay.asp?newsid=311116,189
"Cumhurbaşkanı Dahil Kimsenin Memnun Olmadığı FETÖ Soruşturması'nın, İçişleri Bakanlığı'ndan Alınarak Milli Piyango İdaresi'ne Devredilmesi Gündemde...",https://www.zaytung.com/haberdetay.asp?newsid=311085,189
İki Aydır Aralıksız Tatil Fotoğrafı Paylaşan Simge Çağıl(27)'ın Tam Olarak Hangi Parayı Yediğiyle İlgili Spekülasyonlar Büyüyor...,https://www.zaytung.com/haberdetay.asp?newsid=311041,189
"G20 Zirvesinde Daha da Yakınlaşan Erdoğan ve Putin, Görev Süreleri Dolunca Birlikte Eve Çıkmayı Düşünüyor...",https://www.zaytung.com/haberdetay.asp?newsid=311013,189
"Hayatı Boyunca Tek Sevgilisi Olan ve Onunla da 3 Yıl Önce Evlenen Arkadaş, Yine İddialı Konuştu: ''Ben bekar olacaktım var ya...''",https://www.zaytung.com/haberdetay.asp?newsid=310985,190
AK Parti'den Rahatlatan Açıklama: ''Devletten ihraç edilen 50.000 kişi arasında gerçekten FETÖ'cü olanlar da var...'',https://www.zaytung.com/haberdetay.asp?newsid=310937,190
Tüm Bakanların Birbirlerinin Görevini Devralmasının Ardından Hükümetin Tekrar Karılacağı Açıklandı...,https://www.zaytung.com/haberdetay.asp?newsid=310901,190
"30 Ağustos Tatilini Kurban Bayramı ile Birleştiren Genç Bankacı, Çalışma Hayatının En Büyük Başarısına İmza Attı",https://www.zaytung.com/haberdetay.asp?newsid=310805,190
"Her Büyük Terör Eyleminin Ardından Daha Büyük Köprü Açılışı Yapan Türkiye, İşlerin İzmir-Atina Köprüsüne Kadar Gelmesinden Endişeli",https://www.zaytung.com/haberdetay.asp?newsid=310683,190
"Darbe, Terör, Savaş ve Suikast Gündemlerini Aynı Anda Yorumlamaya Çalışan Emekli Askere Canlı Yayında İnme İndi...",https://www.zaytung.com/haberdetay.asp?newsid=310612,190
"5 Yıl Direndikten Sonra Suriye'ye Asker Gönderen Türkiye, ABD'nin Neden Buna Yanaşmadığını Pek de Merak Etmiyor",https://www.zaytung.com/haberdetay.asp?newsid=310555,190
"Sakat ve Cezalı Generaller Yüzünden Zor Günler Geçiren TSK, Cerablus Operasyonu İçin Deneyimli CS:GO Oyuncuları Arıyor",https://www.zaytung.com/haberdetay.asp?newsid=310506,190
Türkiye'de Ölümüne Herkesin Birden Üzüldüğü Son İsmin Barış Manço Olduğu Açıklandı...,https://www.zaytung.com/haberdetay.asp?newsid=310477,190
Çocukların da Bombardımandan Etkilenebildiğini Öğrenen Dünya Şokta: ''Oha! Savaş böyle bir şey miydi ya?!',https://www.zaytung.com/haberdetay.asp?newsid=310362,190
45. Doğumgününü Mütevazi Bir Törenle Kutlayan Ayça_22'den Veryansın: ''İnternet camiası çok nankör...'',https://www.zaytung.com/haberdetay.asp?newsid=310324,191
"Nijer'de Yönetimi Ele Geçirmeye Çalışan Paralel Devlet Yapılanması, Öncelikle Paralel Olabileceği Bir Devlet Kurmayı Hedefliyor...",https://www.zaytung.com/haberdetay.asp?newsid=310278,191
"Aile Bakanlığı, İki Yıldan Kısa Süren Evliliklerde Düğünde Takılan Altınların İadesini Zorunlu Kılan Yasa İçin Düğmeye Bastı...",https://www.zaytung.com/haberdetay.asp?newsid=310249,191
"CNN Türk'ten Bedelli Müjdesi: Emekli Askerler, 18.000 TL Karşılığında Zorunlu Canlı Yayın Hizmetini Telefondan Gerçekleştirebilecek...",https://www.zaytung.com/haberdetay.asp?newsid=310196,191
"14 Ağustos Öncesi Heyecan Dorukta: Türkiye, Olaysız Atlatabilirse 4 Hafta Üst Üste Önemli Bir Felaket Yaşamama Rekorunu Yineleyecek...",https://www.zaytung.com/haberdetay.asp?newsid=310065,191
Demokrasi Mitingi'ne Katılmayan Sıla'nın Konser İptalleri İçin Hükümetten Açıklama: ''Faşist miyiz biz ya aşkolsun? Son albümünü sevmedik o kadar...'',https://www.zaytung.com/haberdetay.asp?newsid=310001,191
Kamuoyu Bu Kez Temkinli: ''Nedir şimdi son durum? Putin'i tekrar övüyor muyuz? Napıyoruz?'',https://www.zaytung.com/haberdetay.asp?newsid=309870,191
Devlete Yerleşmeye Aday Cemaatler İçin Son Başvuru Tarihi 1 Eylül 2016 Olarak Açıklandı,https://www.zaytung.com/haberdetay.asp?newsid=309653,191
"Trivago Reklamı, Türkiye'nin Ortak Nefret Objeleri Listesinde Fethullah Gülen'in Zirvesini Zorluyor...",https://www.zaytung.com/haberdetay.asp?newsid=309649,191
Türkçe Olimpiyatları’nda ''Tanzanya’nın Bağları'' Şarkısını Söyleyen Zanzibarlı Çocuk Tedirgin: “Valla ben öyle sempatiklik olsun diye…'',https://www.zaytung.com/haberdetay.asp?newsid=309557,191
Turizmcilerden Hükümete Çağrı: ''Bari gözaltına alınanları bize yollayın. Battık...'',https://www.zaytung.com/haberdetay.asp?newsid=309509,192
"Otuz Yıldır Ülkedeki Hiçbir Gelişmeden Zerre Etkilenmeyen Fedon, Kültür Bakanlığı Tarafından Koruma Altına Alındı",https://www.zaytung.com/haberdetay.asp?newsid=309425,192
"Binali Yıldırım: ''Kapatılan askeri okulları Paintball tesisine çevirmek suretiyle askeri eğitimi tüm halkımıza...""",https://www.zaytung.com/haberdetay.asp?newsid=309369,192
"İki Haftadır Darbe Girişimi Hakkında Hiç Konuşmayarak Mesai Tamamlamaya Çalışan Devlet Memuru Orhan Ediver (34), Çatlayarak Can Verdi...",https://www.zaytung.com/haberdetay.asp?newsid=309206,192
"Türkiye, Sonucunu Merak Ettiği En Kritik Toplantının Survivor Ada Konseyi Olduğu Günleri Özlüyor...",https://www.zaytung.com/haberdetay.asp?newsid=309118,192
"Turizm Bakanlığı'ndan Avrupa Vatandaşlarına Çağrı: ‘‘Nasılsa ora da güvenli değil, bari gelin bizim cennet koylarımızda saldırıya uğrayın...’’",https://www.zaytung.com/haberdetay.asp?newsid=309040,192
"İçişleri Bakanlığı: ''Bu böyle tek tek olmayacak, en iyisi herkes en yakındaki karakola teslim olsun...''",https://www.zaytung.com/haberdetay.asp?newsid=308968,192
Üç Yıl Öncesine Kadar Devlete Kapağı Atmak İçin Cemaate Yanaşmaya Çalışan Milyonların Şaşkınlığı Sürüyor: ''Adamlar nasıl da her yere yayılmış ya?'',https://www.zaytung.com/haberdetay.asp?newsid=308903,192
"Üniversiteler Arasındaki Tercih Dönemi Yarışına YÖK de Katıldı: ''Bizi seçen ilk 5000 öğrenciye akademik kadro fırsatı!""",https://www.zaytung.com/haberdetay.asp?newsid=308853,192
Olağanüstü Hal İlan Edilmesinin Ardından Türkiye Şaşkın: ''Şu ana kadar olağan bir halde miydik lan?!'',https://www.zaytung.com/haberdetay.asp?newsid=308550,192
"Kamudaki Toplu Tasfiyeler Yüzleri Güldürüyor: KPSS'den 70 Geçme Puanı Alan Yeni Mezun Genç, Bakanlık Müsteşarı Olarak Atandı",https://www.zaytung.com/haberdetay.asp?newsid=308519,193
"Her Felaketten Sonra ''Daha kötü ne olabilir ki?'' Diyen Türkiye, Dersini Aldı: ''Tamam ya sormuyoruz artık...''",https://www.zaytung.com/haberdetay.asp?newsid=308344,193
"IŞİD, Türkiye'den Çekilme Kararı Aldığını Açıkladı: ''Terör ve şiddet açısından kendi kendine yetebilen bir ülke...''",https://www.zaytung.com/haberdetay.asp?newsid=308212,193
"IŞİD'den Fransa'daki Saldırıya Sevinen Türklere Çağrı: ''Aynı performansı Türkiye'deki eylemler için de bekliyoruz. Milliyetçilik yapmayın...""",https://www.zaytung.com/haberdetay.asp?newsid=308018,193
Adı İle Üniversite Kurulmamış Son İstanbul Semtlerinden Olan Bağcılar İsyan Etti: ‘‘Neyi beğenmiyosunuz lan? Sorun ne?’’,https://www.zaytung.com/haberdetay.asp?newsid=307961,193
İş Makinelerine 2 Ay Seyircisiz Çalışma Cezası Verilen Diyarbakır Belediyesi Karara Tepkili,https://www.zaytung.com/haberdetay.asp?newsid=307893,193
Yıllık İznini Kayınpederin Yazlığında Geçiren Bir Damadın Daha Dramı Yürekleri Dağlıyor...,https://www.zaytung.com/haberdetay.asp?newsid=307856,193
"Türkiye Nefesini Tuttu, Pokemon Avlarken Ölecek İlk Gerizekalısını Bekliyor...",https://www.zaytung.com/haberdetay.asp?newsid=307802,193
Suriyelileri TC Vatandaşı Yaparak Ülkedeki Mülteci Sayısını Sıfıra İndirecek Müthiş Projenin Ayrıntıları Netleşiyor...,https://www.zaytung.com/haberdetay.asp?newsid=307638,193
"Bitirme Tezi Zannedilen Yazının, Bayram Tebrik Mesajı Olduğu Anlaşıldı...",https://www.zaytung.com/haberdetay.asp?newsid=307508,193
"TOKİ, ''İstanbul bomboş'' Selfie'lerinden Tespit Ettiği Boş Arazilere Toplu Konut İnşaatına Başladı: ""İnsandan görünmüyodu normalde oralar...''",https://www.zaytung.com/haberdetay.asp?newsid=307447,194
"Canlı Bomba Olmak İçin Antalya'ya Gelen IŞİD Militanı Sahile Giremiyor: ''Şezlong 140 lira, damsız da almıyoruz''",https://www.zaytung.com/haberdetay.asp?newsid=307428,194
"Herhangi Bir Terör Saldırısında Vefat Etme Fırsatı Bulamayan Milyonlar, Şanslarını Bir de Bayram Trafiğinde Denemek Üzere Yollarda...",https://www.zaytung.com/haberdetay.asp?newsid=307279,194
"Cumhurbaşkanı Erdoğan, İHH'nin Ardından Dönemin Başbakanı'na da Sert Çıktı: ''Yaa sen baban yaşında adama nasıl one minute diye...''",https://www.zaytung.com/haberdetay.asp?newsid=307213,194
Gerçekleştirdiği 7. Canlı Bomba Saldırısında da Türkiye'nin Herhangi Bir Güvenlik Açığını Bulmayan IŞİD’da İstifalar Başladı...,https://www.zaytung.com/haberdetay.asp?newsid=307122,194
Son 1 Yıl İçinde 15 Canlı Bombanın Kendini İmha Etmesini Sağlayan Türk İstihbaratı Terörle Mücadelede Güven Veriyor,https://www.zaytung.com/haberdetay.asp?newsid=307099,194
İsrail ve Rusya Konusundaki Gelişmelerin Ardından Ayarları Bozulan Ak Troller’e Başarılı Bir Operasyonla Format Atıldı...,https://www.zaytung.com/haberdetay.asp?newsid=307028,194
"İsrail'le Anlaşıp Rusya'dan Özür Dileyen Hükümette, Karşısında Yeterince Uzun Süre Dik Durulabilecek Dış Mihrak Arayışı Sürüyor: Filipinler, Peru ve Madagaskar İlk Adaylar...",https://www.zaytung.com/haberdetay.asp?newsid=306961,194
Avrupa Birliği: ''Kim ayrılıyo şimdi İngiltere mi? Birleşik Krallık mı? Büyük Britanya mı? Hay inch'i Sterlin'i batsın anlamıyoruz ki zaten...'',https://www.zaytung.com/haberdetay.asp?newsid=306845,194
"Erdoğan'ın Gezi Çıkışının Ardından Türkiye'nin Kafası Karışık: Diplomayı mı, Reza'yı mı, Dış Politikayı mı, Ekonomiyi mi, Turizm mi Tam Neyi Konuşmamamız Gerekiyor?",https://www.zaytung.com/haberdetay.asp?newsid=306548,194
"Turizm Krizini Çözmek İçin Memurları Zorunlu Tatile Çıkarmaya Hazırlanan Hükümette İlk Hedef Memur Çocukları: ''Babanıza söyleyin dondurma da alsın size e mi?""",https://www.zaytung.com/haberdetay.asp?newsid=306317,195
"Yozgat'tan, Dünyanın Coğrafi Merkezi Olduğu İddiasıyla Gündeme Gelen Çorum'a Çağrı: ''Şu leblebiyi bize verin bari...''",https://www.zaytung.com/haberdetay.asp?newsid=306296,195
Ramazan Başlayalı 1 Hafta Olmasına Rağmen Henüz Dayak Haberi Gelmeyen Erzurum'a Havadan Erzak Yardımı Yapılacak: 'Bir yiyen olur nasılsa...'',https://www.zaytung.com/haberdetay.asp?newsid=306231,195
"EURO 2016 Öncesi Vatandaşlar, Önümüzdeki 1 Ay Boyunca Terör Yüzünden Hayatını Kaybedeceklerin Gıyabi Cenaze Namazında Buluştu: ''Şimdiden Allah rahmet eylesin...''",https://www.zaytung.com/haberdetay.asp?newsid=305983,195
Savcı Bharara Tarafından Mahkemeye Sunulan Reza Zarrab'ın Karnesi Milyonlarca Öğrenciye Umut Oldu,https://www.zaytung.com/haberdetay.asp?newsid=305929,195
Turizmde Sevindiren Gelişme: Son Terör Saldırıları Sonrası Rezervasyonunu İptal Eden Turist Yok. Zaten Turist de Yok...,https://www.zaytung.com/haberdetay.asp?newsid=305850,195
Vezneciler'deki Bombalı Saldırının Ardından Yine Her Kesimin Birbirini Suçlayacağı 10 Günlük Süreç Başladı...,https://www.zaytung.com/haberdetay.asp?newsid=305846,195
"Batılı Anlamda İlk Seri Katilimiz Atalay Filiz, AB Umutlarını Yeniden Yeşertti: ‘'Bunu insani gelişmişlik kriterine saydırsak…’'",https://www.zaytung.com/haberdetay.asp?newsid=305781,195
Almanya'nın Ermeni Soykırımı Yasasını Kabulünden Sonra Boykot İçin Mercedes'ini Yakacak Babayiğit Arayışı Başladı,https://www.zaytung.com/haberdetay.asp?newsid=305591,195
"İflasını Duyuran Jatomi Fitness’dan Üyelerini Rahatlatan Açıklama: ‘‘Binalar yerinde duruyor, gelip check-in yapabilirsiniz...’’",https://www.zaytung.com/haberdetay.asp?newsid=305531,195
"Sürekli Köpek Efekti Kullanarak Snap Atan Merve Aydan (19), Belediye Ekipleri Tarafından Beykoz Barınağına Bırakıldı...",https://www.zaytung.com/haberdetay.asp?newsid=305477,196
Rıza Sarraf Soruşturmasının Derinleşme İhtimaline Karşı Önlemler Artırılıyor: Rıza Sarraf Diye Birinin Hiç Var Olmadığı Kanıtlanacak,https://www.zaytung.com/haberdetay.asp?newsid=305450,196
Ülkede Bugüne Dek Saçma Sapan Açıklama Yapmamış Tek Yetkili Olan Devlet Malzeme Ofisi Genel Müdürü’nün Dilsiz Olduğu Ortaya Çıktı,https://www.zaytung.com/haberdetay.asp?newsid=305283,196
"Otobüsteki Taciz Olayını 2 Saat 47 Dakikada Paralel Yapı'ya Bağlayan Metro Turizm, Yeni Türkiye Rekorunun Sahibi Oldu",https://www.zaytung.com/haberdetay.asp?newsid=305178,196
"Alanya Halkı, Tatil İçin Gelen İlk Turist Kafilesine Tüm İlçeyi Bırakarak Kaçtı...",https://www.zaytung.com/haberdetay.asp?newsid=305100,196
Davutoğlu'nu Erdoğan'a Kaptıran Dış Mihraklar Hırs Yaptı: ‘‘Binali'yi önce biz devireceğiz!’’,https://www.zaytung.com/haberdetay.asp?newsid=305064,196
Erdoğan'ın Emriyle Erdoğan'ın Emirlerine Daha İyi Uyacak Birilerinin Genel Başkan Seçildiği AKP Kongresi Erdoğan'ın 2. Bir Emrine Kadar Tamamlandı,https://www.zaytung.com/haberdetay.asp?newsid=304956,196
1 Yıl İçerisinde Cezaevine Girecek Olan CHP Milletvekilleri ''Ama biz evet demiştik'' Savunması İçin Hazırlıklara Başladı,https://www.zaytung.com/haberdetay.asp?newsid=304802,196
AK Parti'de Genel Başkan Olamayan Adaylar Tek Ses Tek Yürek: ''Şimdi tabii yüksek profilli olduğumuz için...'',https://www.zaytung.com/haberdetay.asp?newsid=304731,196
"Golden Virginia Yönetimi, Tütün Sarmanın Daha Fazla Övülmemesi İçin Türkiye'de: ‘‘Beyler yeter, biz o kadar övmüyoruz...’’",https://www.zaytung.com/haberdetay.asp?newsid=304705,196
AKP'de Binali Yıldırım İsminin Öne Çıkmasına Erdoğan'dan Tepki: ''Ya düşük profil dediysek o kadar da değil...'',https://www.zaytung.com/haberdetay.asp?newsid=304604,197
Soma Faciası'nın 2. Yıl Dönümünde Yusuf Yerkel'in Sağ Dizinin Acısı Hala Yüreklerde...,https://www.zaytung.com/haberdetay.asp?newsid=304365,197
AK Parti'de Kriz: Bekir Bozdağ'ın Bıyığına Karşı Tepkiler Çığ Gibi Büyüyor...,https://www.zaytung.com/haberdetay.asp?newsid=304324,197
Öğrencileriyle Çektiği Hiçbir Video Paylaşım Rekoru Kıramayan Sınıf Öğretmeninden Mesleğe Buruk Veda...,https://www.zaytung.com/haberdetay.asp?newsid=304272,197
Yeni Albümüyle Üniversite Öğrencisi Efe Oygun(19)'dan Geçer Not Alamayan Radiohead'de Sular Durulmuyor...,https://www.zaytung.com/haberdetay.asp?newsid=304238,197
Düşük Profilli Başbakan Arayışlarında Sona Yaklaşılıyor: Türkiye'nin En Silik 10 Kişisi Belirlendi...,https://www.zaytung.com/haberdetay.asp?newsid=304178,197
"Şampiyonun Erken Belli Olması Halinde Gündeme Gelme İhtimali Olan Kilis, Bu Akşamki Başakşehir-Fenerbahçe Maçına Kilitlendi",https://www.zaytung.com/haberdetay.asp?newsid=304162,197
"A Haber'de Dün Akşam Başlayan Davutoğlu Eleştirileri, Erdoğan'ı Tedirgin Ediyor: ''Lan demek bize de bir şey olsa... Vay be...''",https://www.zaytung.com/haberdetay.asp?newsid=304001,197
"Bugüne Dek Onlarca Darbe Girişimini Atlatan Ak Parti, Ders Vermeye Devam Ediyor: ''Bakın işte, böyle yapacaksınız darbeyi...''",https://www.zaytung.com/haberdetay.asp?newsid=303916,197
20 Soruda Vizesiz Avrupa: Kaç dönerciye daha ihtiyaç var? Almancı şivesi şart mı?,https://www.zaytung.com/haberdetay.asp?newsid=303785,197
Şehrin Ortasında Bomba Yüklü Araç Patlamasına Rağmen Gündeme Gelemeyen Gaziantep'in ''Büyükşehir'' Ünvanı Tehdit Altında...,https://www.zaytung.com/haberdetay.asp?newsid=303724,198
"Ak Parti'de Teşkilata Önemli Uyarı: ''Her şey netleşene kadar hem Hocacı, hem Reisçi olun. Duruma göre bakarsınız sonra...''",https://www.zaytung.com/haberdetay.asp?newsid=303637,198
Son Seçimden Bu Yana Türkiye'den Sadece 7 Göçmenlik Başvurusu Alan Uruguay'da Moraller Bozuk: ''Hani Cihangir'in yarısı geliyodu lan?!'',https://www.zaytung.com/haberdetay.asp?newsid=303522,198
"Onca Konut Reklamının Hiçbirinin Hedef Kitlesinde Bulunmayan Ergin Türkmen(30), İstanbul'un En Fakiri Olduğuna İkna Olmak Üzere...",https://www.zaytung.com/haberdetay.asp?newsid=303488,198
"Daha Fazla Like Kaybına Tahammülü Kalmayan Sinem Güralp (25), Instagram'da Hızla Değer Kaybeden Kedisiyle Yollarını Ayırıyor",https://www.zaytung.com/haberdetay.asp?newsid=303406,198
"Her Gün Kilis'i Vurmasına Rağmen Türkiye Gündemine Giremeyen IŞİD, Kadrosuna Bir Kaç Kürt Katarak Şansını Tekrar Deneyecek",https://www.zaytung.com/haberdetay.asp?newsid=303229,198
23 Nisan'da Liderlerin Koltuğuna Oturup Hayatlarının Geri Kalanında Bir Baltaya Sap Olamayanlar Dernekleşiyor...,https://www.zaytung.com/haberdetay.asp?newsid=303180,198
Gece Eğlenmek İçin Bir Araya Gelecek Arkadaş Grubundaki Herkes Eksi Bakiyede. Gergin Bekleyiş Sürüyor...,https://www.zaytung.com/haberdetay.asp?newsid=303129,198
"Ergenekon Davası'yla İlgili Çok Sayıda Kitabı Bulunan Şamil Tayyar, Okurlarına Seslendi: ''Daksil'le Ergenekon'ları silip FETÖ yazın, gene okunur onlar...''",https://www.zaytung.com/haberdetay.asp?newsid=303088,198
"Pilav Gününde Buluşan Avcılar Meslek Lisesi 96 Mezunları, 20 Sene Sonra Yine Tavanda Ayakkabı İzi Bırakmayı Başardılar...",https://www.zaytung.com/haberdetay.asp?newsid=303013,198
"2 Yılın Ardından Tekrar Sevgili Yapan Mert Güner(29), Düzenlediği Basın Toplantısıyla Arkadaşlarına Veda Etti...",https://www.zaytung.com/haberdetay.asp?newsid=302895,199
Aidat Borcunu Ödememek İçin Topluca Hristiyanlığa Geçme Kararı Alan Nijer'e İslam İşbirliği Teşkilatı'ndan Kınama,https://www.zaytung.com/haberdetay.asp?newsid=302871,199
CHP'nin Dokunulmazlık Jestine AK Parti'den Yanıt: ''Biz de sembolik olarak bir mahkemeyi bağımsız yapıcaz...’’,https://www.zaytung.com/haberdetay.asp?newsid=302838,199
Düzenli Olarak Kilis'e Düşen Roketlerin Birileri Tarafından Fırlatılmış Olabileceği Yönündeki Şüpheler Artıyor...,https://www.zaytung.com/haberdetay.asp?newsid=302773,199
"Tarihinde İlk Kez Göç Alan Yozgat, Suriyelileri Sevinç Gösterileriyle Karşıladı...",https://www.zaytung.com/haberdetay.asp?newsid=302656,199
"Vodafone Arena'daki İlk Maça Bilet Bulamayan Başbakan Davutoğlu'nun, Dünkü Açılışın Ardından Stadın Tuvaletine Saklandığı Ortaya Çıktı...",https://www.zaytung.com/haberdetay.asp?newsid=302651,199
30 Yaşında Olmasına Rağmen Çatır Çatır Snapchat Kullanabilen Ediz Güreli Gençlik Sırlarını Paylaştı: ''Her sabah bir kaşık bal...'',https://www.zaytung.com/haberdetay.asp?newsid=302589,199
"Türkiye'ye Geri Gönderilen Mültecilerden Bir Kısmının, Dönüşü Bedavaya Getirmeye Çalışan Türk Turistler Olduğu Ortaya Çıktı. Kriz Büyüyor...",https://www.zaytung.com/haberdetay.asp?newsid=302553,199
"Hükümetin Gizli Toplantılarından 50 Milyon Kimliğe Dek Her Şeye İnternetten Erişilebilen Türkiye, Dünyanın Açık Kaynak Kodlu İlk Ülkesi Oldu...",https://www.zaytung.com/haberdetay.asp?newsid=302479,199
"Dışişleri Bakanlığı, Azerbaycan-Ermenistan Çatışmasında Her İki Tarafı da Türkiye'ye Düşman Edecek Bir Formül Arayışında...",https://www.zaytung.com/haberdetay.asp?newsid=302442,199
"2.6 TB'lık Dosyadan Oluşan Panama Belgeleri Skandalı, Kota Yetmezliği Nedeniyle Türkiye'nin Gündemine Giremiyor...",https://www.zaytung.com/haberdetay.asp?newsid=302394,200
1 Aydır Hafta Sonu AVM'ye Gidemeyen Binlerce Aile Dağılmanın Eşiğinde...,https://www.zaytung.com/haberdetay.asp?newsid=302283,200
"4.5G Teknolojisine Geçen Türkiye, Twitter'ın Engellendiğini Artık 3 Saniye Daha Hızlı Fark Edecek...",https://www.zaytung.com/haberdetay.asp?newsid=302220,200
Erdoğan'ı ABD'de Karşılayan Üst Düzey Onbaşının Kimliği Netleşiyor: ''Dedesi iç savaşta muazzam kahramanlıklar yapmış...'',https://www.zaytung.com/haberdetay.asp?newsid=302135,200
"ABD'nin Ardından Türkiye de, Türkiye'deki Vatandaşlarını Uyardı: 'Şişme bot mot bi şey bulun kendinize...'",https://www.zaytung.com/haberdetay.asp?newsid=302086,200
"Aile Bakanlığı, 1942-1947 Arasında Köy Enstitüleri'nde İstismara Uğramış Çocuk Bulabilmek İçin Harekete Geçti: ‘’Dede böyle buralarını falan elleyen olmuş muydu?’’",https://www.zaytung.com/haberdetay.asp?newsid=302029,200
"IŞİD, Patlarken Dünyadaki Farklı Kültürleri de Tanımak İsteyen Gençler İçin Bomb&Travel Programını Duyurdu...",https://www.zaytung.com/haberdetay.asp?newsid=301890,200
"Terör Korkusu Nedeniyle İlk Buluşmalarını Erteleyen On Binlerce Çift, Birbirlerine Youtube Link'i Göndermeye Devam Ediyor...",https://www.zaytung.com/haberdetay.asp?newsid=301875,200
"Cari Açığı Büyüme Riskiyle Karşı Karşıya Kalan Türkiye, Mağdur Sıfatıyla Rıza Sarraf Davasına Müdahil Olacak",https://www.zaytung.com/haberdetay.asp?newsid=301694,200
"Suriye Dışişleri Bakanlığı, Mülteci Durumundaki Vatandaşlarını Uyardı: ''Neresi daha güvenli biz de bilmiyoruz, dönseniz fena olmaz''",https://www.zaytung.com/haberdetay.asp?newsid=301690,200
"Türkiye, Terör Gündemine Teslim Olmuyor: ''Şimdi bu maçın ertelenmesi Fener'e mi yaradı GS'ye mi?''",https://www.zaytung.com/haberdetay.asp?newsid=301575,201
"Terör ile Trafik Arasında Bir Seçim Yapması Gereken İstanbul, Referanduma Gidiyor...",https://www.zaytung.com/haberdetay.asp?newsid=301526,201
Meteoroloji'den Hafta Sonu İçin Uyarı: ''Şiddetli kar yağışı ve fırtına yurdun batı... Amaan neyse tek derdiniz bu olsun...'',https://www.zaytung.com/haberdetay.asp?newsid=301324,201
"Alman Hükümeti'nden Gelen Saldırı Uyarıları MİT'i de Harekete Geçirdi: ''Beyler binayı boşaltıyoruz, personelimiz de evden çıkmasın...''",https://www.zaytung.com/haberdetay.asp?newsid=301257,201
"Tartışmalara Yol Açan ''Silahsız Terörist'' Yasası, ''İsmi Recep Tayyip Erdoğan olmayan herkes'' Şeklinde Sadeleştirilecek...",https://www.zaytung.com/haberdetay.asp?newsid=301221,201
"Canlı Bomba Şüphesiyle Kimsenin Kimseye Bulaşmadığı İstanbul, 13 Eylül 1980'den Beri En Sakin Günlerini Yaşıyor...",https://www.zaytung.com/haberdetay.asp?newsid=301192,201
"Türkiye, Başkentinde Ayda Bir Bomba Patlayan Ülkeler Arasında En Gelişmişi Olmanın Gururunu Yaşıyor...",https://www.zaytung.com/haberdetay.asp?newsid=301102,201
"Ayda Bir Canlı Bomba Saldırısı Yaşayan Türkiye, Seçimini İstikrardan Yana Kullandığı İçin Memnun...",https://www.zaytung.com/haberdetay.asp?newsid=301027,201
"Günü Virgina Woolf Ve Adana'daki Gangbang'i Konuşarak Geçiren Türkiye, Adeta Ortadoğu Ülkesi Değilmiş Gibi...",https://www.zaytung.com/haberdetay.asp?newsid=300896,201
"Kadrosunda Bir Güreşçi, Bir Aktar, Bir Basketçi ve 16 Tane Tarihi Kostümlü Er Bulunan Ak Saray Merak Uyandırıyor: ''N’oluyo lan içeride?''",https://www.zaytung.com/haberdetay.asp?newsid=300852,201
"Mülteci Pazarlığında Fiyat Kıran Nijer, Sinirleri Bozdu: ''2 Milyar Dolar'a hepsini alırız.. 100 Milyon da olur tamam...''",https://www.zaytung.com/haberdetay.asp?newsid=300809,202
TÜİK: ‘‘Gündüzleri Aşk-ı Memnu'nun tekrarını izleyen kitle ekonomiye kazandırılırsa %9 büyüme hayal değil...’’,https://www.zaytung.com/haberdetay.asp?newsid=300770,202
Turgut Vidinli Skandalı Yetkilileri Harekete Geçirdi: Müşterilere İt Gibi Davranma Standardı Geliyor...,https://www.zaytung.com/haberdetay.asp?newsid=300703,202
"Tesadüfen Keçiören Vergi Dairesi Memurlarıyla Birlikte Cuma Namazı Kılan Vatandaş, Daire Başkanlığına Getirildi...",https://www.zaytung.com/haberdetay.asp?newsid=300536,202
"Sağlık Bakanlığı, 2013-2014 Yılları Arasında Vine Fenomenliği Yapıp Hala Kendini Ünlü Zanneden 7 Kişiyi Karantinaya Aldı...",https://www.zaytung.com/haberdetay.asp?newsid=300493,202
Cumhurbaşkanı Erdoğan'ın Bugünkü Durağı Gana'da Koruma Dayağı Alarmı. Halk Teyakkkuzda...,https://www.zaytung.com/haberdetay.asp?newsid=300379,202
"Leonardo DiCaprio, Kendisi İçin Endişelenen Hayranlarına Seslendi: ''Hesabımda 200 küsür milyon dolar var benim...''",https://www.zaytung.com/haberdetay.asp?newsid=300333,202
Son 24 Saat İçinde 2 İyi Haber Alan Türkiye Gergin: ''Kesin çok pis bi' şey olacak!'',https://www.zaytung.com/haberdetay.asp?newsid=300192,202
İnsansı Robotu Sopayla Dürten Boston Dynamics Mühendisinin Gözüne 2 Gündür Uyku Girmiyor: ''Bunlar 2-3 seneye beni bulur...'',https://www.zaytung.com/haberdetay.asp?newsid=300156,202
"Davutoğlu, Turizm Eylem Planını Açıkladı: ''Başına bir iş gelmeden tatilini bitirine parasının %20'si iade edilecek''",https://www.zaytung.com/haberdetay.asp?newsid=299983,202
"Ülkede Huzur ve Güvenin Hakim Olduğu Tek Yer Olan Yozgat-Kayseri Karayolu'nun 25. Km'si, Sit Alanı İlan Ediliyor...",https://www.zaytung.com/haberdetay.asp?newsid=299819,203
Davutoğlu: ''Belki Şam'a giremedik ama Şam'ı ayağınıza getirdik...'',https://www.zaytung.com/haberdetay.asp?newsid=299706,203
"Artvin Cerrattepe Direnişinde Coğrafi Avantajını Kullanan Gürcistan, ''Dış Mihrak'' Olmaya İlk Kez Bu Kadar Yakın...",https://www.zaytung.com/haberdetay.asp?newsid=299618,203
"2 Yaşında Elektronik Bir Aletin Tuşlarına Basabildiği İçin Dahi Olarak Gösterilen İlk Çocuk Onur Bilgin (26), Su Ürünleri Bölümünde 7. Yılını Doldurdu",https://www.zaytung.com/haberdetay.asp?newsid=299578,203
"Aynı Anda Rusya, İran ve ABD'yi Karşısına Almayı Başaran Türkiye'ye IŞİD'den Mesaj: ''Kafa kesme videosu olmadan nasıl yaptınız onu ya?''",https://www.zaytung.com/haberdetay.asp?newsid=299510,203
"Düğün Öncesi ''Kim Gelir Ne Takar'' Analizi Tamamlandı: 26 Çeyrek Garanti, Yarım Takma Potansiyeli Olan 3 Akraba Kritik...",https://www.zaytung.com/haberdetay.asp?newsid=299364,203
Türkiye Uzaya Muhtar Gönderme Çalışmaları İçin Düğmeye Bastı: Hedef 2023,https://www.zaytung.com/haberdetay.asp?newsid=299362,203
Nakite Sıkışan Bir Ünlü Daha TRT'de Dizi İçin Harekete Geçti: ''AK Parti'nin olağanüstü ekonomik başarıları... O yollar falan...'',https://www.zaytung.com/haberdetay.asp?newsid=299327,203
1. Yılını Dolduran İlişkiler İçin 14 Şubat'ta Tek Taş'ın Yerini Alabilecek Hediyeler Listesi Açıklandı: İlk sırada yine iPhone var...,https://www.zaytung.com/haberdetay.asp?newsid=299282,203
"Erdoğan'ın Sigara Karşıtı Konuşması Etkisini Gösterdi: AKP Etimesgut Gençlik Kolları, Semtteki Tekel Bayiini Bastı...",https://www.zaytung.com/haberdetay.asp?newsid=299226,203
"‘Ya Mülteciler Ya Serbest Dolaşan Türkler’ Ayrımına Gelen Avrupa, Mültecilere Alıcı Gözüyle Bir Kez Daha Bakma Kararı Aldı",https://www.zaytung.com/haberdetay.asp?newsid=299158,204
"Genç Popçu Burhan, Az Ünlü Olduğunun Tescili İçin Survivor Ünlüler Takımı'ndan Gelecek Daveti Bekliyor...",https://www.zaytung.com/haberdetay.asp?newsid=299145,204
"Yakın Çevresince Tam Bir Gerizekalı ve Çirkef Olarak Nitelendirilen Can Pala (28), Potansiyelini TV Yarışmalarında Değerlendirme Yolunda...",https://www.zaytung.com/haberdetay.asp?newsid=298926,204
Kim Milyoner Olmak İster'de İlk Soruda Elenen Elazığ Fırat Üniversiteli Genç İlgisizlikten Şikayetçi: ''Bizimki de 4 yıllık ya ne var??'',https://www.zaytung.com/haberdetay.asp?newsid=298899,204
"30. Doğumgününü Kutlayan Dilek Yunak, Evlenecek Adam Kriterlerinden Son Olarak ''Kel Olmasın''ı da Elediğini Açıkladı...",https://www.zaytung.com/haberdetay.asp?newsid=298897,204
"İş Kazası ve Şehit Haberleriyle Sarsılan Türkiye'de Tek Teselli, Cenaze Namazlarının Doğru Yöne Kılınacak Olması...",https://www.zaytung.com/haberdetay.asp?newsid=298769,204
Can Belker - Gizem Kurtöz Çiftinin İlk Buluşması Bu Akşam Canlı Anlatımla Gizem'in Kız Whatsapp Grubunda...,https://www.zaytung.com/haberdetay.asp?newsid=298642,204
"Başkanlık Sisteminin Kişisel Bir Heves Olmadığını Söyleyen Erdoğan: ''İlk Başkan kim olacak, inanın ben de çok merak ediyorum...''",https://www.zaytung.com/haberdetay.asp?newsid=298556,204
Davet Edilmediği Halde Suriye Barış Masasına Oturmaya Kararlı Olan Türkiye İçin BM'den Ara Formül: Çocuk Masası,https://www.zaytung.com/haberdetay.asp?newsid=298503,204
Restleşmelerin Ardından Cenevre Görüşmelerine Katılacak Tek Ülke Kalan Andorra Şaşkın: ''Mesele neydi abi?'',https://www.zaytung.com/haberdetay.asp?newsid=298486,204
Yüzbinlerce Potansiyel Tecavüzcü Yine Tek Ses Tek Yürek: ''Kızın da orada ne işi varmış?'',https://www.zaytung.com/haberdetay.asp?newsid=298437,205
"Yüzde Yüz Yerli İlk ''Romantik Komedi Gribi'' Vakamız Aysun Ekten(29), Türkiye'nin Gururu Oldu...",https://www.zaytung.com/haberdetay.asp?newsid=298387,205
"Şirketin 5 Günlüğüne Yurtdışına Yolladığı Fırat Durgan, 2 Yıl Boyunca Paylaşacağı 400 Fotoğrafla Yurda Döndü",https://www.zaytung.com/haberdetay.asp?newsid=298252,205
"Aile Bakanlığı, 5 Yıl ve Üzeri Evli Çiftler İçin Haftalık Zorunlu Seks Saatini Cuma 23.45-23.48 Arası Olarak Açıkladı...",https://www.zaytung.com/haberdetay.asp?newsid=298214,205
''Akil Adamlar Heyeti'' Adı Altında 2 Yıl Boyunca Terör Propagandası Yapan Yeni Bir Örgüt Açığa Çıkarıldı. Türkiye Şokta...,https://www.zaytung.com/haberdetay.asp?newsid=298099,205
11 Senede 774 Gün Rapor Alan Demirtaş'ın Öğretmen Eşinin Soruşturmasına Bilirkişi Olarak Mustafa Pektemek Atandı,https://www.zaytung.com/haberdetay.asp?newsid=298029,205
"Yasal Engellere Aldırmadan Bu Yıl da Hesap İşletim Ücreti Tahsil Eden Bankacılık Sektörü, 2016 İçin Güven Verdi...",https://www.zaytung.com/haberdetay.asp?newsid=297982,205
İstanbul'daki Kar Yağışıyla Beraber Kalan 80 İl Sevince Boğuldu: ‘‘Oley be! Beyler tamam bi süre bakmazlar bu tarafa’’,https://www.zaytung.com/haberdetay.asp?newsid=297965,205
12 Eylül'le Yüzleşmek Üzere Yola Çıkan Ak Parti: ‘'Önce o dönemi bi' tekrar yaşamamız gerekiyor...’',https://www.zaytung.com/haberdetay.asp?newsid=297806,205
Terör Destekçisi Akademisyen Yetişmemesi İçin Tarihi Karar: Doktora Jürisine Jandarma Özel Harekat Girecek,https://www.zaytung.com/haberdetay.asp?newsid=297708,205
Terör Saldırılarında Yaşanan Gelişmelerden Haberdar Olmak İsteyen Vatandaşlar İngilizce Kurslarına Akın Etti,https://www.zaytung.com/haberdetay.asp?newsid=297539,206
Türkiye Hiçbir Güvenlik Zafiyeti Bulunmayan 17. Canlı Bomba Eylemine Ev Sahipliği Yapmanın Gururunu Yaşıyor,https://www.zaytung.com/haberdetay.asp?newsid=297514,206
"Beyazıt Öztürk Teselli Ediliyor: ‘‘Abi boşver ya, 10 sene sonra da biri çıkar 'ulan hepiniz oradaydınız' der, seni överler falan...’’",https://www.zaytung.com/haberdetay.asp?newsid=297462,206
Cumhurbaşkanı Erdoğan'ın ''Medya özgür olmalıdır'' Açıklamasını Canlı Yayınlamayan Manisa Yerel Kanalında Kayyum Paniği...,https://www.zaytung.com/haberdetay.asp?newsid=297408,206
"Cuma Namazı Vaktinin Tatil Oluşuyla İşyerlerini Terk Eden İmamlar Diyanetçe Uyarıldı: ""Size tatil değil beyler... Hop... Ohooo""",https://www.zaytung.com/haberdetay.asp?newsid=297219,206
"Yedi Kişilik Erkek Grubu, Kızdan Gelen Emojili Whatsapp Mesajını Çözmeye Çalışıyor: '3 şeytan, dansçı kadın, tavşan, maymun, Türk bayrağı???'",https://www.zaytung.com/haberdetay.asp?newsid=297157,206
1.5 Yıldır Yalnızca TV8 İzleyen Gencin Beyin Ölümü Gerçekleşti... Acılı Aile Cihazın Fişini 4 Büyükler Turnuvası Bitince Çekecek...,https://www.zaytung.com/haberdetay.asp?newsid=297112,206
"''Youtube kanalı işinde para varmış'' Gazı, Bir Kez Daha Utanç Verici Görüntülerin Ortaya Çıkmasına Neden Oldu...",https://www.zaytung.com/haberdetay.asp?newsid=297094,206
"Ordudan İstifa Eden Bir Astsubayın İtirafları Daha, Gündeme Bomba Gibi Düştü: ''Valla bi’ kadınbudu iyi çıkardı, gerisi nanay''",https://www.zaytung.com/haberdetay.asp?newsid=297040,206
"Son 12 Yıldır Türkiye'de Hiçbir Şeye Konu Olmayan Peru, Birleşmiş Milletler Bünyesinde Türkiye'den Saklanma Kursu Açıyor",https://www.zaytung.com/haberdetay.asp?newsid=297038,206
"Elektrik, Doğalgaz, İçki ve Sigara Zamlarının Ardından Türkiye Duruma Uyandı: ‘‘Asgari ücreti bize kitlemişler lan!’’",https://www.zaytung.com/haberdetay.asp?newsid=296982,207
İBB'den İstanbullular'a İyi Haber: ''Kar yağışı boyunca yaşanacak rezaletler için yepyeni 150 bahanemiz hazır'',https://www.zaytung.com/haberdetay.asp?newsid=296713,207
"İstanbul Emniyeti'nden, Yılbaşı'nda Arkadaşlarına Yardım ve Yataklık Etme Hazırlığı İçinde Olan ''Merveler''e Şafak Operasyonu...",https://www.zaytung.com/haberdetay.asp?newsid=296663,207
"ODTÜ'de 2.Dönem Ders Programı Belli Oldu: ‘‘Pazartesi Yemekhanede Zorla Domuz Yedirme, Salı GrupSeks101, Çarşamba Evrim Teorisi…’’",https://www.zaytung.com/haberdetay.asp?newsid=296554,207
Sevgili İçin Örülen Bir Atkı Daha İğrenç Oldu... Kız Tarafına Durum Henüz Söylenebilmiş Değil...,https://www.zaytung.com/haberdetay.asp?newsid=296362,207
"Yeni Bir Yabancı Dizi Öğrenen Emre Günak(21), 2 Ay Boyunca Konuştuğu Herkese Diziyi Övüp Darlamak Üzere Sokağa Salındı...",https://www.zaytung.com/haberdetay.asp?newsid=296360,207
TÜBİTAK Cumhurbaşkanı'na Hakareti 4 Dakika Öncesinden Tespit Edebilen Radar Geliştirdi,https://www.zaytung.com/haberdetay.asp?newsid=296283,207
"Türkiye, Güneydoğu'dan İç Savaş Görüntüleri Gelmiyormuş Gibi Yapabilmek İçin Alternatif Gündem Arayışlarını Sürdürüyor...",https://www.zaytung.com/haberdetay.asp?newsid=296246,207
"Ömer Kutan (46), 2 Yıl Sonra Polis Kurşunuyla Ölecek Kızına Dilek Doğan Olayında Polisin Neden Haklı Olduğunu Anlattı",https://www.zaytung.com/haberdetay.asp?newsid=296186,207
"Yılbaşına Sevgilisiz Girecek Olan Milyonlar Bir Kez Daha Kritik Virajda: ''Aileyle mi girsem daha az kötü hissederim tek başıma mı?""",https://www.zaytung.com/haberdetay.asp?newsid=296041,207
"Kar Yüzünden Türkiye'yle Bağlantısı Kesilen Köylüler, Yolu Açmaya Çalışan Ekiplere Saldırdı: ''Rahat bırakın lan bizi''",https://www.zaytung.com/haberdetay.asp?newsid=295966,208
"Mourinho'nun Tazminatı, Star Wars’un Hasılatı Derken Türkiye Bir Günü Daha Kimin Kaç Lira Kazandığını Hesaplayarak Kapattı",https://www.zaytung.com/haberdetay.asp?newsid=295954,208
Deniz Seki'nin Gördüğü İlgi Yapımcıları Harekete Geçirdi: Seksenler Dizisi'nden Abdullah Öcalan Atağı...,https://www.zaytung.com/haberdetay.asp?newsid=295885,208
"Cizre Ve Silopi'deki Olağanüstü Hal İle Zerre İlgilenmeyen Binlerce Vatandaş, 1 Karış Vatan Toprağı Vermeyeceğini Bugün de Tekrarladı",https://www.zaytung.com/haberdetay.asp?newsid=295796,208
Karısının Instagram Fenomeni Olma Düşünü Gerçekleştirmek İçin 3.000 Fake Hesap Açan Fedakar Eş E.Y. (30) Yılın Kocası Seçildi,https://www.zaytung.com/haberdetay.asp?newsid=295660,208
Kibariye'nin Köklerinin Aslen San Francisco'ya Dayanması Amerika'da Günün Konusu Oldu,https://www.zaytung.com/haberdetay.asp?newsid=295635,208
"Cumhurbaşkanlığı Başdanışmanlığına Atanan Eski Güreşçi Hamza Yerlikaya Hızlı Başladı: ‘‘Enseden şöyle bi tartın efendim, gözü korksun Putin'in’’",https://www.zaytung.com/haberdetay.asp?newsid=295634,208
"Bir Süredir Kapitalizm Eleştirilerini Sürdüren Ali Koç, Ağzındaki Baklayı Çıkardı: 'Ya çok parası olunca da insanın canı sıkılıyor'",https://www.zaytung.com/haberdetay.asp?newsid=295565,208
Son 13 Yıldır Her Gün Güncelleme Uyarısı Veren Adobe'den Samimi İtiraf: ‘‘Dikkat çekmek için yapıyoruz... Bazen sadece fontla falan oynuyoruz...’’,https://www.zaytung.com/haberdetay.asp?newsid=295553,208
Saray'dan Döndükten Sonra Mahalle Hayatına Adapte Olamayan Muhtarlar İçin Rehabilitasyon Merkezi Kuruldu...,https://www.zaytung.com/haberdetay.asp?newsid=295406,208
"Türkiye, Doğuştan ÇÇB (Çok Çirkin Burun) Hastası Minik Oylum İçin Seferber Oldu...",https://www.zaytung.com/haberdetay.asp?newsid=295374,209
"‘Rakı buzla içilmez’, ‘Yemekle içilmez’, ‘Açken içilmez’ Derken En Sonunda ‘Rakı içilmez’ Noktasına Varan Gurmeye Nevizade’de Linç Girişimi…",https://www.zaytung.com/haberdetay.asp?newsid=295212,209
"Rusya, Türkiye, Suriye, İran ve Irak'ın Karşılıklı Olarak IŞİD'den Petrol Almakla Suçlanmasına Bağdadi'den Yanıt: ''Durun olm hesap karıştı''",https://www.zaytung.com/haberdetay.asp?newsid=295159,209
Ankara'ya Yağan Kar Sonrası Instagram'a Erişim Kontrollü Olarak Sağlanıyor…,https://www.zaytung.com/haberdetay.asp?newsid=295062,209
"Ala Ala İnegöl Belediye Başkanı'na Hakaretten Ceza Alan Atilla Taş, Müzikten Sonra Siyaseti de Bırakıyor",https://www.zaytung.com/haberdetay.asp?newsid=294998,209
"Suriyeli Mültecileri Durdurmak İçin Türkiye’ye Vize Kolaylığı Vaat Eden AB, Türkleri Durdurmak İçin de Sırbistan’la Müzakereleri Hızlandırma Kararı Aldı",https://www.zaytung.com/haberdetay.asp?newsid=294890,209
Ay Başına Kadar Toplam 35 TL İle İdare Etmesi Gereken Murat Öncür(27)'e Kara Haber: ''Hey! Akşam napıyosun? Dışarı çıkalım mı?'',https://www.zaytung.com/haberdetay.asp?newsid=294739,209
Tutuklayacak Muhalif Gazeteci Kalmamasının Ardından Az-Yandaş Yazarlar Tedirgin: ''Lan sıra bize gelmesin şimdi?'',https://www.zaytung.com/haberdetay.asp?newsid=294696,209
Rusya Krizi İle İlgili Hala 'Rusa gitmek' ve 'Doğalgaz' Esprilerine Devam Eden 159 Kişi Putin'e Veriliyor,https://www.zaytung.com/haberdetay.asp?newsid=294622,209
"Hamza Akyurt (26, İşsiz), Bir Holdingin IŞİD'den Ucuz Petrol İthal Etme Hakkı İçin Gerekirse Canını Vermeye Hazır",https://www.zaytung.com/haberdetay.asp?newsid=294500,209
"Batı'dan Gelen ''Biz karışmayız'' Açıklamalarının Ardından Türkiye Yönünü Azerbaycan'a Çevirdi: ''Abi siz bi konuşsanız, kaza oldu diyin...''",https://www.zaytung.com/haberdetay.asp?newsid=294396,210
"Suriye’de Silahlanan Yüz Kişilik Grup, Kiminle Ne İçin Savaşacağına Karar Vermeye Çalışıyor...",https://www.zaytung.com/haberdetay.asp?newsid=294390,210
Okuldan Kovulup Hayata Atılınca Fabrikatör Olan İşadamı Öğretmenlerini Minnetle Andı: ''Yüzlerce insan beni atan hocalarım sayesinde ekmek yiyor...'',https://www.zaytung.com/haberdetay.asp?newsid=294304,210
Muhteşem Yüzyıl'ın Ardından Kösem'de de Rol Bulamayan Oyuncular İçin Kültür Bakanlığı Odacı Kadrosu Açıyor,https://www.zaytung.com/haberdetay.asp?newsid=294051,210
"Londra'da Bir Bankanın Önünde Bulunan Sahipsiz Ortadoğulu, Fünye İle Patlatıldı...",https://www.zaytung.com/haberdetay.asp?newsid=293979,210
Yıllardır Etraflarındaki Herkesi İzmir Överek Darlayan Grubun Neden Hala Gerizekalı Gibi İstanbul'da Yaşadığı Gizemini Koruyor,https://www.zaytung.com/haberdetay.asp?newsid=293885,210
'O'nu Kıskandırmak İçin Çıktığı Yolda 2. Çocuğunu Bekleyen S.T.(34)'den İtiraf: ''Kıskanmıyor galiba ya?'',https://www.zaytung.com/haberdetay.asp?newsid=293860,210
"En Az Gelişmiş 20 Ülkeyi Bir Araya Getiren Z-20 Zirvesine, ''Hesabı Kim Ödeyecek?'' Gerginliği Damga Vurdu...",https://www.zaytung.com/haberdetay.asp?newsid=293778,210
Facebook Yönetimi Eleştirilere Yanıt Verdi: ''Profil resmi değiştirme uygulamamız ülkenin yarısından fazlasının üzüldüğü katliamlar için geçerli...'',https://www.zaytung.com/haberdetay.asp?newsid=293711,210
"Suriye İç Savaşı 2. Tur Kuraları Çekildi: Türkiye, Faruk Tugayları'yla Birlikte Ölüm Grubu'nda...",https://www.zaytung.com/haberdetay.asp?newsid=293441,210
İstanbul'da 1+1 Eve 760.000 TL Ödeyen Bir Kişi Daha ''Gerizekalı'' Teşhisiyle Hastaneye Kaldırıldı...,https://www.zaytung.com/haberdetay.asp?newsid=293386,211
"27 TL Bandını Aşarak Rekor Kıran Bebek Bezi, Yatırımcısının Yüzünü Güldürüyor...",https://www.zaytung.com/haberdetay.asp?newsid=293348,211
AKP'de Başkanlık Sistemi İçin Umutlar Yükseliyor: ''Olağanüstü hali tüm ülkeye mi yaysak?'',https://www.zaytung.com/haberdetay.asp?newsid=293331,211
"Her 10 Kasım'da Yılın En Yüksek Hit'ini Alan Yeniakit Çalışanları, Herkes Gittikten Sonra Anıtkabir'e Şükran Ziyaretinde Bulunacak",https://www.zaytung.com/haberdetay.asp?newsid=293272,211
Erdoğan’ın Yıldız Sarayı'nı da Çalışma Ofisine Çevirmesinin Ardından Simit Saraylarındaki Endişeli Bekleyiş Sürüyor,https://www.zaytung.com/haberdetay.asp?newsid=293214,211
"İçişleri Bakanlığı'ndan G20 Zirvesi Öncesi Uyarı: ''Misafirler gidene kadar demokratik bir ülkeymiş gibi yapıcaz, kimse şımarmasın...''",https://www.zaytung.com/haberdetay.asp?newsid=293162,211
"Kanada Başbakanı Justin Trudeau Türkiye'ye Moral Verdi: ''Ya öyle demeyin, sizin başbakanınız da çok sevimli...''",https://www.zaytung.com/haberdetay.asp?newsid=293048,211
Her Seçimde Aynı Oyu Alan CHP'den 65 Yaş Üstü Seçmenlerine Yakın Markaj: ''2019'a kadar kimse ölmeyecek...'',https://www.zaytung.com/haberdetay.asp?newsid=293007,211
"Kombiyi Açmamakta Direnen Emrah Kandar (37), Aylık 200 TL Sabit Fatura İçin Putin'le Masaya Oturacak...",https://www.zaytung.com/haberdetay.asp?newsid=292968,211
Devlet Bahçeli İstifaya Sıcak Bakmıyor: ''Hele şu başkanlık sistemini de bir getirtelim de...'',https://www.zaytung.com/haberdetay.asp?newsid=292833,211
AKP Genel Merkezine Yürüyen Çiçekli-Çikolatalı Bekar Gruba Çevik Kuvvet Müdahale Etti... Gerginlik Büyüyor...,https://www.zaytung.com/haberdetay.asp?newsid=292746,212
"YSK, AK Parti'nin Çıkaracağı Milletvekili Sayısına Göre Basabileceği Medya Kuruluşu-Dövdürebileceği Gazeteci Oranlarını Açıkladı...",https://www.zaytung.com/haberdetay.asp?newsid=292570,212
Anadolu Ajansı'ndan Takipçilerine Son Dakika Sürprizi: ''Ha bu arada seçime AK Parti dışında 15 parti daha katılıyor'',https://www.zaytung.com/haberdetay.asp?newsid=292477,212
"Yoksulluk Sınırı Altındaki 46 Milyon Kişi, Nihayet Vals'ten Kurtulmanın Coşkusunu Yaşıyor...",https://www.zaytung.com/haberdetay.asp?newsid=292386,212
"6 Ay Sonra Polis Tarafından Basılıp Mallarına El Konacak Olan Holding, Şimdilik AKP'yle Yakın İlişkisinin Keyfini Çıkarıyor...",https://www.zaytung.com/haberdetay.asp?newsid=292308,212
Hızla Büyüyen Havuz Medyasında Sürekli Saçmalayacak Yorumcu Açığı Son 13 Yılın Zirvesine Ulaştı...,https://www.zaytung.com/haberdetay.asp?newsid=292229,212
Seçim Güvenliği İçin Yeni Hamle: Sene de 2011'e Geri Alınıyor...,https://www.zaytung.com/haberdetay.asp?newsid=292081,212
"MEB, İlkokula Arapça Dersi Konulmasını Açıkladı: 'Lan bugüne kadar İngilizce verdik de n'oldu? Sanki öğreniyosunuz da...'",https://www.zaytung.com/haberdetay.asp?newsid=291934,212
"Hiçbir Ortak Noktası Olmayan Çift, Henüz İnkar Aşamasında: ''Ne güzel işte, birbirimizi tamamlıyoruz hem...''",https://www.zaytung.com/haberdetay.asp?newsid=291846,212
21 Ekim 2015-Back To The Future Furyasına Filmin Yönetmeni Daha Fazla Dayanamadı: 'Eeeh sizin gelmişinizi geçmişinizi...',https://www.zaytung.com/haberdetay.asp?newsid=291782,212
''Bize gelsene film falan izleriz'' Kalıbını Türkçe'ye Kazandıran Mithat Kalamış(57)'a SİYAD'dan Yaşam Boyu Onur Ödülü...,https://www.zaytung.com/haberdetay.asp?newsid=291744,213
"Erdoğan'a Hakaretten Yargılanan Hakan Sav (28), 'Nefsi Müdafaa' Diyerek Kendisine Edilen Hakaretleri İçeren 8 Klasörü Mahkemeye Sundu",https://www.zaytung.com/haberdetay.asp?newsid=291737,213
Hükümet Uzun Süredir Atıl Durumdaki Meclis Binasını Değerlendirmek İçin Kolları Sıvadı: ''Sahibinden Devren Kiralık'',https://www.zaytung.com/haberdetay.asp?newsid=291702,213
"Erdoğan, Altın Varaklı Koltuk Eleştirilerine Yanıt Verdi: ''İkea'dan ucuza aldık, Emine Hanım'la birlikte kurduk...''",https://www.zaytung.com/haberdetay.asp?newsid=291658,213
"Anadolu Efsaneleri: Her Seçim Öncesi Ortaya Çıkan Gizemli Milli Araba, Gemi, Uçak... Görgü Tanıkları Anlatıyor...",https://www.zaytung.com/haberdetay.asp?newsid=291487,213
Suriye Sınırında Vurulan İHA'ya Nijer Sahip Çıktı: ''Ha o bizimdi o ya... Yollasanıza geri...'',https://www.zaytung.com/haberdetay.asp?newsid=291486,213
"Dün Sabah İlk Çocukları Dünyaya Gelen Emer Çifti, Önümüzdeki 5 Yıl Başka Bir Konu Hakkında Konuşmayacaklarını Basına Bildirdi",https://www.zaytung.com/haberdetay.asp?newsid=291359,213
"Şirketler, Kayıp Kumanda Bulma Teknolojilerine Bu Yıl da 6.9 Milyar Dolar Harcadı. Sonuçlar Yine Negatif…",https://www.zaytung.com/haberdetay.asp?newsid=291348,213
Emniyet'ten Gözdağı: Çatalhöyük'te 3.000 Yıl Önce Patlayan 2 Canlı Bombanın Fosili Başarılı Bir Operasyonla Tutuklandı,https://www.zaytung.com/haberdetay.asp?newsid=291129,213
"Açıktan 'Oh iyi oldu' Diyemeyen Milyonlar, Diyarbakır ve Suruç'tan Sonra Ankara İçin de Tek Yürek: ''Kendileri yapmıştır ya...''",https://www.zaytung.com/haberdetay.asp?newsid=291035,213
Devletin Zirvesinde Gergin Toplantı: ''Ankara'da patlama olduğunu MİT'e nasıl söyleyeceğiz?'',https://www.zaytung.com/haberdetay.asp?newsid=290867,214
Dalgınlıkla Yapılan ‘Reply To All’ Bir Ofise Daha Ateş Düşürdü...,https://www.zaytung.com/haberdetay.asp?newsid=290802,214
Analiz: Türkiye - Rusya Mücadelesinin Galibi Kim Olur?,https://www.zaytung.com/haberdetay.asp?newsid=290738,214
Yumurcak Tv Çalışanlarından Caillou ve Tavşan Arthur Paralel Yapı Operasyonu Kapsamında Sabah Saatlerinde Gözaltına Alındı,https://www.zaytung.com/haberdetay.asp?newsid=290691,214
"Gurur Veren Çatışma: ‘Bulantı’ Filminin Çıkışında Demirkubuzcular, Nuri Bilgecilere Saldırdı… Ağır Yaralılar Var…",https://www.zaytung.com/haberdetay.asp?newsid=290577,214
"AK Parti Kararlı: ‘‘1.500 lira falan işçiyi bozar, içkiye kumara gider o para. Halbuki 1.300 öyle mi ya?’’",https://www.zaytung.com/haberdetay.asp?newsid=290490,214
Doğu'ya Atanan Öğretmenlerin Tayin İçin Eş Bulma Sorunu Teknolojiyle Çözülüyor: ''GoWest'' Uygulaması AppStore'da...,https://www.zaytung.com/haberdetay.asp?newsid=290398,214
TRT'den Yeni Kanal Müjdesi: TRT Erdoğan,https://www.zaytung.com/haberdetay.asp?newsid=290346,214
Bugüne Kadar GSS'den Sadece 7.500 Lira Gelir Elde Edebilen SGK İkinci El Uno Bakıyor,https://www.zaytung.com/haberdetay.asp?newsid=290277,214
Son Kale Düştü İlk Dayı Instagram'a Girdi: #yegenim #cok #buyumussun #kari #kiz #isleri #nasil #instadayı,https://www.zaytung.com/haberdetay.asp?newsid=290275,214
"Venedik Belediyesi, Her Yağmur Sonrası Atılan ''Ankara Venedik'e döndü'' Manşetlerine İsyan Etti: ''Lan ne alakası var?!''",https://www.zaytung.com/haberdetay.asp?newsid=290211,215
"11.Muhtarlar Toplantısı Mağdurlarından 12.'lere Uyarı: ""Paralel'i soruyo, Doğan Medya'yı soruyo, sigaraları kesin topluyo""",https://www.zaytung.com/haberdetay.asp?newsid=290139,215
Mehmetçik Vakfı'na Bağışlanan 7.000 Koyun Sabah İçtimasının Ardından Yapılan 8 Km Teçhizatlı Koşuda Telef Oldu,https://www.zaytung.com/haberdetay.asp?newsid=289737,215
Yenikapı Mitinginde 44 Milyon Teröriste Karşı Birlik Mesajı Verildi,https://www.zaytung.com/haberdetay.asp?newsid=289594,215
"Günlüğü 60 TL'den Kiralık Kurbanlık Hizmeti Veren Şirket, Bayram Öncesi Talebe Yetişmekte Zorlanıyor",https://www.zaytung.com/haberdetay.asp?newsid=289525,215
Sınıf Öğretmeni Olarak Atanan Merve Serinci(27)'nin Özgüveni Son 27 Yılın En Yüksek Seviyesini Gördü...,https://www.zaytung.com/haberdetay.asp?newsid=289481,215
''O iş'' Yine Bayram Sonrasına Kaldı...,https://www.zaytung.com/haberdetay.asp?newsid=289470,215
8.3'lük Deprem Sonrası Kıyı Bölgeleri İçin Tsunami Uyarısı Verilen Şili Halkı Kaçacak Delik Arıyor,https://www.zaytung.com/haberdetay.asp?newsid=289369,215
Paralel Yapı ve PKK'nın Ardından Erdoğan Bir Kez Daha Kandırıldı: ''Bakınız bunlar kontör istemek suretiyle şahsımı...'',https://www.zaytung.com/haberdetay.asp?newsid=289331,215
Son Anketlere Göre %28'i Geçen CHP Yükselişe Dur Demek İçin Acilen Toplandı,https://www.zaytung.com/haberdetay.asp?newsid=289236,216
"Düğün Sezonu Bilançosu Açıklandı: 87 bin gelin 'O kadar güzel değil', 78 bin damat 'biraz yaşlı mı ne'...",https://www.zaytung.com/haberdetay.asp?newsid=289208,216
"Ortadoğu Ülkeleri, Hangi Vahşet Fotoğrafının Kime Ait Olduğunu Netleştirmek İçin Ortak Bilirkişi Heyeti Oluşturuyor...",https://www.zaytung.com/haberdetay.asp?newsid=289206,216
2 Yıldır Üzerinde Çalıştığı ‘Barışı Getiren Kahraman: Erdoğan ve Çözüm Süreci’ İsimli Kitabının Basımını Durduramayan Harun Bekirci (58) Yoğun Bakımda,https://www.zaytung.com/haberdetay.asp?newsid=288946,216
"Türkiye, Ortadoğu'da Liderlik Kovalamaktan Kendi İlçesine Ambargo Koyma Noktasına Nasıl Vardığını Anlamaya Çalışıyor...",https://www.zaytung.com/haberdetay.asp?newsid=288926,216
Son Anketlere Göre 400 Milletvekili Hedefinin Gerçekleşeceğini Açıklayan Araştırma Şirketi Türkiye'nin Barış Umudu Oldu,https://www.zaytung.com/haberdetay.asp?newsid=288786,216
Beren Saat'e İnat Teröre Hayır Mitingleri Yayılıyor: Köşk’ten Sonra Yeni Hedef Bihter’le Behlül’ün Riva’daki Aşk Yuvası,https://www.zaytung.com/haberdetay.asp?newsid=288759,216
İçişleri Bakanlığı Türkiyeli Türkler İçin Ülkücülerden Korunma Rehberi Hazırladı,https://www.zaytung.com/haberdetay.asp?newsid=288715,216
"Dünkü Şehit Haberlerinin Ardından HDP Binasını Yakan Ispartalılar, Yarınki Şehit Haberleri İçin Binayı Tekrar Onarmaya Başladı...",https://www.zaytung.com/haberdetay.asp?newsid=288681,216
Erdoğan Sözlerine Açıklık Getirdi: ''400 vekil olsaydı özel eğitim verip operasyonlara gönderecektim...'',https://www.zaytung.com/haberdetay.asp?newsid=288536,216
Ege'de Ölen 11 Mülteciye En Çok Üzülen Yine Davutoğlu Oldu: ''Kim bu Suriye'deki iç savaşı körükleyenler ya!'',https://www.zaytung.com/haberdetay.asp?newsid=288196,217
"Fuat Avni, Medyaya Yapılacak Operasyonu Önceden Bileceğini 4 Gün Önceden Bildi",https://www.zaytung.com/haberdetay.asp?newsid=288089,217
‘İşte Benim Stilim All Star’ Siyaset Dışında Bir Nedenle Gerilmeye Hasret Kalan Türkiye'ye İlaç Gibi Geldi,https://www.zaytung.com/haberdetay.asp?newsid=287992,217
"Terörist İhbarına Para Ödülünün Ardından Petek Apartmanı'nda Kaos: Tüm komşular birbirini ihbar etti, 82 kişi gözaltında...",https://www.zaytung.com/haberdetay.asp?newsid=287982,217
"Turizm Bakanlığı, Yeni Projesi “Esnaf Dövme Turları” İle Yılda 100.000 Turisti Ülkemize Çekmeyi Hedefliyor",https://www.zaytung.com/haberdetay.asp?newsid=287749,217
Yeni Sezonda Ekranlara Gelecek 32 Yeni Dizinin Beyaz Show Konukluk Fikstürü Çekiliyor,https://www.zaytung.com/haberdetay.asp?newsid=287720,217
"IŞİD, Antik Kent Yok Etme İşi İçin Türkiye'den Bir Restorasyon Şirketiyle El Sıkıştı...",https://www.zaytung.com/haberdetay.asp?newsid=287637,217
"9 Yıldır 4-11 Yaş Arası Çocuk Danslarına Maruz Kalan Yazlık Disko DJ'i, 28 Yaşında Malulen Emeklilik Hakkı Kazandı...",https://www.zaytung.com/haberdetay.asp?newsid=287503,217
Seçim Takvimi Açıklandı: Kareli Ceketlerin En Geç 28 Ağustos'a Kadar Kuru Temizlemeye Verilmesi Gerekiyor...,https://www.zaytung.com/haberdetay.asp?newsid=287362,217
Facebook’tan Dev Hamle: ‘Tanıyor Olabileceğin Kişiler’ Kısmı ‘Valla Geriye Bunlar Kaldı’ Olarak Değiştiriliyor,https://www.zaytung.com/haberdetay.asp?newsid=287352,217
Şehit Yakınlarının da Katılımıyla Birlikte Üye Sayısı 27 Milyon'a Dayanan DHKP-C'de Yüzler Gülüyor...,https://www.zaytung.com/haberdetay.asp?newsid=287273,218
"Ankara'da Mülteci Dramı: Deniz Yoluyla Yunanistan'a Kaçmaya Çalışan Suriyeliler, Etimesgut'ta Ölüme Terkedildi...",https://www.zaytung.com/haberdetay.asp?newsid=287078,218
Okulların Açılış Tarihinin 2 Hafta Ertelenmesine Velilerin Tepkisi Sürüyor: ''Alın şu gerizekalıları evden'',https://www.zaytung.com/haberdetay.asp?newsid=287013,218
"Facebook’ta Terörle Çetin Bir Mücadeleye Giren Genç, Marmaris’e Gitmesi Sebebiyle Bir Süre Vatan Savunmasından Uzak Kalacak",https://www.zaytung.com/haberdetay.asp?newsid=286846,218
Bakan ve Milletvekillerinden Gelen Yoğun Talep Üzerine Diyanet Harekete Geçti: Paintball'la Fahri Şehitlik Uygulaması Kapıda,https://www.zaytung.com/haberdetay.asp?newsid=286814,218
Merkez Bankası'ndan Dolara Sert Müdahale: ''Kim bu işin yetkilisi? Niye kimse bi şey yapmıyor?'',https://www.zaytung.com/haberdetay.asp?newsid=286706,218
Türkiye Panikte: Erdoğan'ın Şehit Cenazelerinde Konuşmasını Engellemek İçin 1200 Tesis Açılışı Gerçekleştirilecek,https://www.zaytung.com/haberdetay.asp?newsid=286594,218
AK Parti'nin Tek Başına İktidar Olamaması Halinde Mart'ta Tekrarlanacak Kasım Seçimleri İçin Düğmeye Basıldı,https://www.zaytung.com/haberdetay.asp?newsid=286361,218
"Sünnetlerden Kız Kaçırmalara Köydeki Her Şeyi Erdoğan'a Yetiştiren Muhtar, Bir Daha Saray'a Alınmayacak",https://www.zaytung.com/haberdetay.asp?newsid=286197,218
"Düğün Döneminde İlgi Manyağı Olan Binlerce Çift, Düğün Sonrası Gerçek Hayata Adapte Olmakta Zorlanıyor",https://www.zaytung.com/haberdetay.asp?newsid=286049,218
"Terör Olayları Yüzünden Tatil Fotoğraflarını Paylaşamayan Çift, Otel Ücretinin İadesi İçin Hukuk Mücadelesi Başlattı",https://www.zaytung.com/haberdetay.asp?newsid=286016,219
"Türkiye, Çözüm Süreci'nin Bitmesiyle Birlikte Çatışmaların Tekrar Başlamasının Şaşkınlığını Yaşıyor: ''Böyle mi oluyordu ya?''",https://www.zaytung.com/haberdetay.asp?newsid=285932,219
"Facebook’ta Her Yazdığı En Az 400 Like Alan Kıza, Konunun Edebiyat Yeteneğiyle İlgili Olmadığı Söylenemiyor",https://www.zaytung.com/haberdetay.asp?newsid=285773,219
Yine Ege Yine Facia: Bodrum'da Bir Yazlık Daha Aşırı Akraba Ziyareti Nedeniyle Çöktü...,https://www.zaytung.com/haberdetay.asp?newsid=285765,219
"Erzurum'da Kaza Orucu Tutan Bir Kişi, Şehrin Geri Kalanına Saldırdı...",https://www.zaytung.com/haberdetay.asp?newsid=285762,219
Tablette Candy Crush Açmayı Başaran 47.680 Çocuk Daha Artık Aileleri İçin ''Süper Zekalı'',https://www.zaytung.com/haberdetay.asp?newsid=285715,219
Terörle Mücadelede Yeni Dönem: Uğur Işılak Kandil'e Doğru Şiir Okuyarak Kampı Boşaltmaya Çalışacak,https://www.zaytung.com/haberdetay.asp?newsid=285580,219
"Nişanlısıyla Yaptığı Çetin Müzakerelerle Düğün Masraflarını Minimuma İndiren Genç, Yunanistan Ekonomi Bakanı Oluyor",https://www.zaytung.com/haberdetay.asp?newsid=285530,219
IŞİD Operasyonunda Skandalın Eşiğinden Dönüldü: Hatalı Koordinat Verilen Türk Jetleri Az Kalsın Bir IŞİD Karargahını Vuruyordu...,https://www.zaytung.com/haberdetay.asp?newsid=285488,219
''Kur’an’a el basın koalisyon yapalım'' Diyen Bahçeli Çıtayı Yükseltti: ''Ayrıca cipskolakilit'',https://www.zaytung.com/haberdetay.asp?newsid=285315,219
Sıcaklar Yüzünden 15 Gündür Doğru Düzgün Sevişemeyen Türkiye'nin 2016 Yılı Koç Burcu Çocuk Açığı Can Sıkıyor...,https://www.zaytung.com/haberdetay.asp?newsid=285262,220
"Bir Grup İşadamı, Çalışanlarına 27 Milyon Dolar Dağıtan Yemeksepeti'nin Önüne Siyah Çelenk Bıraktı",https://www.zaytung.com/haberdetay.asp?newsid=285164,220
AK Parti'ye Anketlerden İyi Haber: ''2 milyon seçmen daha ölürse oy oranı %49'a çıkıyor...'',https://www.zaytung.com/haberdetay.asp?newsid=285091,220
"Sabah Gazetesi, Çözüm Sürecini Öven 457 Sayısını Geri Çağırdı",https://www.zaytung.com/haberdetay.asp?newsid=284961,220
Dünya'ya Benzer Gezegenin İncelenmesi Ortadoğu'ya Benzer Bir Bölgenin Bulunacağı Endişesiyle Durduruldu,https://www.zaytung.com/haberdetay.asp?newsid=284644,220
"MİT'in ‘Bizden habersiz kuş uçmaz’ Açıklaması Yaptığı Yozgat'ın Sorgun İlçesi, Güvenlik Nedeniyle Tahliye Ediliyor...",https://www.zaytung.com/haberdetay.asp?newsid=284562,220
"Türkiye'deki Saldırıya Sevinen Türkler, IŞİD Cephesinde Gerginlik Yarattı: ''E bizden de hayvan çıktı bunlar?!''",https://www.zaytung.com/haberdetay.asp?newsid=284492,220
"Beşar Esad, Suruç'ta Yaşananların Ülkesine Sıçramasından Endişeli...",https://www.zaytung.com/haberdetay.asp?newsid=284423,220
"Ramazan Bayramı Öncesi Uzmanlar Artık Uyarmıyor: ''Ne yerseniz yiyin, ne haliniz varsa görün...''",https://www.zaytung.com/haberdetay.asp?newsid=284113,220
"IŞİD, Yağma Ekibi İçin LCW'de En Az 3 Bayram Alışverişinden Sağ Çıkmış Tecrübeli Takım Arkadaşları Arıyor",https://www.zaytung.com/haberdetay.asp?newsid=284101,220
İstanbul'dan Fethiye'ye 4 Günde Giderek Tüm Ege Kıyı Şeridini Keşfetmek İsteyenlerin Tercihi Yine Metro Turizm Oldu,https://www.zaytung.com/haberdetay.asp?newsid=284034,221
"Şehrin Kalabalığından ve Keşmekeşinden Uzaklaşmak İsteyen 1.5 Milyon İstanbullu, Bu Hafta Sonu Bodrum'da Buluşacak...",https://www.zaytung.com/haberdetay.asp?newsid=283827,221
"Çin Hükümeti, Türkiye İle İlişkilerini Elçilik Düzeyinden Birlik Mahallesi Dragon Full Contact Karate Salonu Düzeyine İndirdi",https://www.zaytung.com/haberdetay.asp?newsid=283710,221
Tercih Dönemini İllerin İstanbul'a Uzaklıklarını Ölçerek Geçiren Mert Gölok (19) Harita Mühendisliğinde Karar Kıldı,https://www.zaytung.com/haberdetay.asp?newsid=283682,221
Zeki İnsanların En Belirgin Özelliğinin ‘Zeki İnsanların En Belirgin Özellikleri’ Gibi Zırvaları Paylaşmamak Olduğu Açıklandı,https://www.zaytung.com/haberdetay.asp?newsid=283622,221
"27 Yaşında Yazlıklarındaki Sahil Büfe'nin İşletmesini Alan Cem Durmaz, Denize Karşı Tost ve Ayran Satarak Ölmeyi Bekliyor",https://www.zaytung.com/haberdetay.asp?newsid=283537,221
"9 Aydır Birbirine Atarlanan Ütopyalılar'a, Dışarıda Kimse Tarafından İplenmedikleri Bugün de Söylenemedi...",https://www.zaytung.com/haberdetay.asp?newsid=283527,221
"FITCH, Yunanistan'ın Orta Vadeli Kredi Notunu 'Türkler için ucuz tatil cenneti' Seviyesine Düşürdü...",https://www.zaytung.com/haberdetay.asp?newsid=283480,221
Okulların Kapanmasıyla Memleketine Dönen Üniversite Öğrencisi M.C.Çetinkaya (21) Aşırı Miktarda Anne Dizisine Maruz Kalmasının Ardından Hastaneye Kaldırıldı,https://www.zaytung.com/haberdetay.asp?newsid=283466,221
"Gerçekten Çinli Dövmeyi Başarabilen MHP Buca İlçe Teşkilatı, Ülkücü Camianın Gururu Oldu...",https://www.zaytung.com/haberdetay.asp?newsid=283264,221
"Diploma Törenlerinin Tamamlanmasıyla Birlikte Binlerce Mezun O Gerçeğin Farkına Vardı: ""Ee işsizim lan ben di mi??""",https://www.zaytung.com/haberdetay.asp?newsid=283074,222
"Devlet Bahçeli, MHP'yi Siyaset Yapmaya Zorlayan Odaklara Sert Çıktı: ‘‘Bu kirli oyuna gelmeyeceğiz!’’",https://www.zaytung.com/haberdetay.asp?newsid=283001,222
"Kuşluk Mahallesi Davulcusu Necip Tez, Ramazan Boyunca Davul Çalmaması Karşılığında 30 Bin Lira'ya Evet Dedi",https://www.zaytung.com/haberdetay.asp?newsid=282882,222
"Facebook'ta Acı Bilanço: Profil Fotoğrafını Gökkuşağı Yapan 413.000 Kullanıcıya, Gerzek Akrabaları Tarafından Müdahale Edildi...",https://www.zaytung.com/haberdetay.asp?newsid=282807,222
"TÜBİTAK, Oruç Tutan Robot Geliştirdiğini Açıkladı...",https://www.zaytung.com/haberdetay.asp?newsid=282755,222
"Bodrum'da 7 Liraya Lahmacun Satan Beach, İlgisizlikten Kapanma Noktasına Geldi...",https://www.zaytung.com/haberdetay.asp?newsid=282593,222
"Birleşmiş Milletler, O İddiaları Doğruladı: ''Evet, kimin terörist olduğuna Twitter'daki hashtag'lere bakarak karar veriyoruz...''",https://www.zaytung.com/haberdetay.asp?newsid=282537,222
Modern Sabahlar'ın Bitmesiyle Beraber 16 Sene Sonra İlk Kez Ankara'da Yaşadığı Gerçeğiyle Yüzleşen Milyonlar Şaşkın: ‘‘İğrenç bi’ yermiş lan burası’’,https://www.zaytung.com/haberdetay.asp?newsid=282502,222
"Gün Boyu Köpükle Suyla Oynayan Halı Yıkama İşçileri, Kötü Çalışma Şartlarına Bir Türlü İsyan Edemiyor",https://www.zaytung.com/haberdetay.asp?newsid=282418,222
"TBMM 25. Dönemi, Görkemli Bir Açılış Kavgasıyla Yeni Sezona Merhaba Diyor...",https://www.zaytung.com/haberdetay.asp?newsid=282331,222
"Kırgızistan'nın 200 KM Kuzey Batısında, MHP ile Koalisyon Yapmaya Layık Bir Türk Boyu Keşfedildi: Kıpçankar Yörükleri",https://www.zaytung.com/haberdetay.asp?newsid=282260,223
"Otostop ile Dünyayı Gezen Hollandalı Çift, 4 Gündür Türkiye'de ve Hala Canlı...",https://www.zaytung.com/haberdetay.asp?newsid=282051,223
"Meşhur Erzurum Ramazan Dayağı, UNESCO Dünya Kültür Mirası Listesi'ne Giriyor...",https://www.zaytung.com/haberdetay.asp?newsid=281968,223
"Türkiye Çapında 9 Aylık Hamile 34.980 Kadın, İkizler Burcunun Son 4 Gününü Atlatmak İçin Ter Dökmeye Devam Ediyor",https://www.zaytung.com/haberdetay.asp?newsid=281883,223
Türkiye Şaşkın: ''Durup dururken niye Abdullah Gül övmeye başladılar ki şimdi?'',https://www.zaytung.com/haberdetay.asp?newsid=281767,223
Esed'i Yalnızlaştırma Politikası Başarıyla İlerliyor: Kalan 16 Milyon Suriyeli de 2027'ye Kadar Türkiye'ye Alınacak...,https://www.zaytung.com/haberdetay.asp?newsid=281698,223
Provokatörler Yine Sahnede: Beşiktaş'ta Halka Bağırarak Game of Thrones Spoiler'ı Veren 4 Kişi Gözaltına Alındı...,https://www.zaytung.com/haberdetay.asp?newsid=281679,223
MHP Koalisyon Şartını Açıkladı: ‘‘Her konuda tamamen bizimle aynı fikirde olan herkesle koalisyon yapmaya açığız’’,https://www.zaytung.com/haberdetay.asp?newsid=281488,223
TÜİK: ''Yetişkin bir Türkiye Cumhuriyeti vatandaşı günde ortalama 12 kere koalisyon kelimesini kullanıyor...'',https://www.zaytung.com/haberdetay.asp?newsid=281464,223
"Türkiye, 13 Yıl ve Onca Seçimin Ardından Konunun Nasıl Olup da Tekrar Deniz Baykal'a Geldiğini Anlamaya Çalışıyor...",https://www.zaytung.com/haberdetay.asp?newsid=281374,223
"Erdoğan'la Buluşmak İçin Saray'a Çıkacak Olan Davutoğlu'na Destek Yağıyor: ''Abi yüzünü koru, yüzünü...''",https://www.zaytung.com/haberdetay.asp?newsid=281220,224
"Türkiye, En Son 2 Sene Önce Joffrey Öldüğünde Yaşadığına Benzer Bir Yağ Erimesi Yaşıyor...",https://www.zaytung.com/haberdetay.asp?newsid=281130,224
Seçimden İlk Sonuçlar Gelmeye Başladı: Facebook'ta Bloklanan Denyo Akraba Sayısı 342.358,https://www.zaytung.com/haberdetay.asp?newsid=280803,224
"Türkiye, Ekonomik Krize Kimin Yönetiminde Gireceğini Belirlemek İçin Sandığa Gidiyor",https://www.zaytung.com/haberdetay.asp?newsid=280680,224
"Dünya Okul Devamsızlık Sıralamasında 1. Olan Türkiye, Geçmişe Dönük Rapor Almak İçin Dünya Sağlık Örgütü'ne Başvurdu",https://www.zaytung.com/haberdetay.asp?newsid=280548,224
"Türkiye, Akşam Üzeri 4 Gibi Uğrayacağını Söyleyen 27.000 Ustayı Bekliyor...",https://www.zaytung.com/haberdetay.asp?newsid=280504,224
"İki Aydır Eti Form'la Beslenen Zeynep Divinli (27), Kendi Dışkısından Ürettiği Modüler Mobilyalarla Sektöre Merhaba Dedi",https://www.zaytung.com/haberdetay.asp?newsid=280503,224
"Erdoğan Tarafından Tehdit Edilen Can Dündar, Kendi Hayatını Anlatacağı Yeni Belgeselinin Çekimlerine Başladı...",https://www.zaytung.com/haberdetay.asp?newsid=280439,224
Fetih Kutlamaları Öncesi Beklentiler Yüksek: ''Galiba bu sefer kaftanıyla at üstünde girecek şehre...'',https://www.zaytung.com/haberdetay.asp?newsid=280228,224
Demirtaş'ın Bağlama Atağına Cumhurbaşkanı Erdoğan'dan Sert Yanıt: ''Kemençemi getirin!'',https://www.zaytung.com/haberdetay.asp?newsid=280166,224
"Ahmet Davutoğlu Başkanlık Sistemi İçin Sesini Daha da Yükseltti: ‘‘Arkadaşlar, beni çabuk kurtarın şu başbakanlıktan’’",https://www.zaytung.com/haberdetay.asp?newsid=280065,225
Instagram'da Kısa Sürede 25 Bin Takipçiye Ulaşan Burcu Oytun Başarısının Sırrını Paylaştı: ‘‘Güzelim ben…’’,https://www.zaytung.com/haberdetay.asp?newsid=279866,225
Ulaştırma Bakanlığı Harekete Geçti: Dünyanın İlk Havayolu Dinlenme Tesisi Afyon'a Kuruluyor...,https://www.zaytung.com/haberdetay.asp?newsid=279864,225
"Erdoğan'ı Miting Meydanlarından İndiremeyen YSK, Her Partiye Birer Cumhurbaşkanı Atayarak Sorunu Kökünden Çözecek",https://www.zaytung.com/haberdetay.asp?newsid=279654,225
Ünlülerin Uyuşturucu Davası'nda Adları ''Ve diğer 45 kişi'' Olarak Geçen Grup İsyan Etti: ''Bizim de tutan projelerimiz var!'',https://www.zaytung.com/haberdetay.asp?newsid=279600,225
Milli Bayramların Türkiye'de Doğru Dürüst Kutlanmadığını Öğrenen Dış Temsilcilikler: ''Lan bi enayi biz miyiz burada insandan kule falan yapıp duruyoruz?'',https://www.zaytung.com/haberdetay.asp?newsid=279481,225
"Kayalık Zemin Yapısından Ötürü Bir Türlü Açılamayan Karagediz Tüneli, HDP Seçim Bürosu Yapılıyor...",https://www.zaytung.com/haberdetay.asp?newsid=279427,225
#DirenTarih: Çengelköy Halkı 25 Yıllık Geçmişi Bulunan Tarihi McDonald's Köftecisini Yıktırmamak İçin Ayakta,https://www.zaytung.com/haberdetay.asp?newsid=279273,225
Türkiye Bu Yıl da Perde Önünde Çekilmiş Nişan Fotoğrafına Doydu...,https://www.zaytung.com/haberdetay.asp?newsid=279226,225
''Bu sene kim şampiyon olur'' Anketinde %45.1 ile AKP’yi Birinci Açıklayan Araştırma Şirketine Muhalefet ve 3 Büyükler'den Kınama Geldi,https://www.zaytung.com/haberdetay.asp?newsid=279152,226
Taner Yıldız'ın 3 Gün Aynı Gömleği Giymesinin 1. Yıldönümünde Türkiye Bir Kez Daha Yasta...,https://www.zaytung.com/haberdetay.asp?newsid=279144,226
Paralel Yapıyla Mücadelede Tarihi Adım: Hakkında İmza Toplanan Zekeriya Öz Apartmandan Atılıyor...,https://www.zaytung.com/haberdetay.asp?newsid=279121,226
Erdoğan: ''İnadına bütün makam arabalarını modifiyeye sokuyoruz. Hadi bakalım...'',https://www.zaytung.com/haberdetay.asp?newsid=279085,226
Daha Sıvası Bile Bitmemiş Kaba İnşaat Halindeki Mekanları Bar ve Cafe'lere Mimari Trend Olarak Pazarlayan Çete Çökertildi,https://www.zaytung.com/haberdetay.asp?newsid=278909,226
Nisan Ayı İtibariyle Başlayan Bir İlişkide Daha ''Lan biz ne bok yedik'' Aşamasına Gelindi...,https://www.zaytung.com/haberdetay.asp?newsid=278901,226
Seçim Öncesi Alışkın Olduğu Gerginliği Bir Türlü Yakalayamayan Türkiye Diken Üstünde: ''Kesin çok pis bi şey olacak...'',https://www.zaytung.com/haberdetay.asp?newsid=278850,226
"Yemeksepeti'nin 589 Milyon Dolara Satılması, O Tartışmaları Yeniden Gündeme Getirdi: ''Abi internetten bi’şey yapmak lazım mutlaka…''",https://www.zaytung.com/haberdetay.asp?newsid=278765,226
5 Gündür Kimseye SMS Atamayan Pizza Zinciri Cinnet Geçirerek Sokaktaki Vatandaşa Saldırdı...,https://www.zaytung.com/haberdetay.asp?newsid=278761,226
"Batman Halkı, Elinde Kürtçe Kur’an'la Bağırarak Su Arıtma Tesisi Açan Adamın Tam Olarak Ne Yapmaya Çalıştığını Anlamaya Çalışıyor...",https://www.zaytung.com/haberdetay.asp?newsid=278703,226
"Ankara'da Çirkin Saldırı: Büyük Türkiye Karşıtı Bir Grup, Ak-Saray’ın Aydınlatmasını Tasarruflu Ampüllerle Değiştirerek Ülkenin İtibarını Zedelemeye Çalıştı…",https://www.zaytung.com/haberdetay.asp?newsid=278697,227
"Cumhurbaşkanı Erdoğan, Ak Saray'da İşçilere Seslendi: ‘'Evet evet o balkon duvarını yıkıp mutfağa katıcaz ustam...''",https://www.zaytung.com/haberdetay.asp?newsid=278579,227
"E. Honda'yla Perfect Çeken İlk Türk Genci Ahmet Güzelce, 42 Yaşına Girdi...",https://www.zaytung.com/haberdetay.asp?newsid=278426,227
"Son Olarak KKTC İle de Gerilim Yaşamayı Başaran Erdoğan, Gözüne Bağcılar'ı Kestirdi",https://www.zaytung.com/haberdetay.asp?newsid=278379,227
"Toplamda 2 Milletvekili Çıkarabilen Bayburt, Bir Seçim Öncesi Daha Siyasi Partilere Karşı Mahcup: ''Yani buraya kadar geliyosunuz ama...''",https://www.zaytung.com/haberdetay.asp?newsid=278335,227
"Bir 24 Nisan'da Daha Ülkenin Birleştirici Gücü Olan İttihat ve Terakki Partisi, Tekrar Siyasete Girmeye Hazırlanıyor",https://www.zaytung.com/haberdetay.asp?newsid=278215,227
"Davutoğlu, 23 Nisan'da Koltuğuna Oturan Mehmet Alp Turgan(11) İle Dertleşti: ''Ben de anca senin gibi oturuyorum, hiçbir şey yaptırmıyor…''",https://www.zaytung.com/haberdetay.asp?newsid=278144,227
Restorasyon Nedeniyle Tahliye Edilen Kapalı Çarşı Esnafı'nda Büyük Değişim: ‘‘Şimdi kapitalizm... Gölgesini satamayarak... Ağacı kestiğinde... Nasıldı o?’’,https://www.zaytung.com/haberdetay.asp?newsid=278067,227
"Maliye Bakanlığı, Asgari Ücret Artışı İçin Kaynak Bulunma İhtimaline Karşı 300 Özel Uçak Siparişi Daha Verdi...",https://www.zaytung.com/haberdetay.asp?newsid=278008,227
"Yeni Gelecek Partisi Başkanı Mustafa Erdar(34), Kendine Sigortalı Bir İş Bulması İçin Ailesi Tarafından Son Kez Uyarıldı",https://www.zaytung.com/haberdetay.asp?newsid=277916,227
"Whatsapp, Son Zamanlarda Kurulan Saçma Sapan Grup İsimlerini Gerekçe Göstererek Türkiye’den Çekilme Kararı Aldı: ''Sipsi, Pikiboş ne bunlar Allah aşkına ya?''",https://www.zaytung.com/haberdetay.asp?newsid=277680,228
"Yabancı Para Birimleri Arasında İlk Kez TL'ye Karşı Değer Kazanan Zambiya Riyali, Halkı Sokaklara Döktü...",https://www.zaytung.com/haberdetay.asp?newsid=277613,228
Türkiye Atom Enerjisi Kurumu: ''Valla nükleer santralle ilgili bildiğimiz tek şey Akkuyu'ya yapıldığı... Biz de merak ediyoruz bakalım...'',https://www.zaytung.com/haberdetay.asp?newsid=277501,228
"Milli Savunma Bakanlığı: ''7 Haziran seçimlerine kadar, ordumuzda şehit olarak görevlendirilmek üzere dönemsel personel alımı yapılacaktır...''",https://www.zaytung.com/haberdetay.asp?newsid=277412,228
"İstanbul 2. Ağır Ceza Mahkemesi, Bir Türlü Gelmeyen Bahar İçin Yakalama ve Zorla Getirme Kararı Çıkardı",https://www.zaytung.com/haberdetay.asp?newsid=277285,228
Sahibi Öldükten Sonra Bir Kere Bile Mezarına Gitmeyen ve Kendine Hemen Yeni Yuva Bulan Köpeğe Tepkiler Dinmiyor,https://www.zaytung.com/haberdetay.asp?newsid=277192,228
"Son 1 Ayda 6. Kez Cumhurbaşkanı Erdoğan'la Buluşan Muhtarlar Sonunda İkna Oldu: ''Tamam ya, başkanlık sistemi en süperi. Tamam, yeter''",https://www.zaytung.com/haberdetay.asp?newsid=277147,228
"3 Gündür Taksim'de Çıplak Eylem Yapan Femen, Yoğun Gündem Nedeniyle Ancak Farkedilebildi",https://www.zaytung.com/haberdetay.asp?newsid=277099,228
Türkiye Bir Cuma Akşamı Daha Tek Ses Tek Nefes: ''Ya aç karnına içtim ondan yoksa hiç bööğğğgh...'',https://www.zaytung.com/haberdetay.asp?newsid=276787,228
"Bütün Gün Sadece A Haber İzleyen Sevimli Muhabbet Kuşu Boncuk, Yorumculara Taş Çıkartıyor: ''Başkanlık şart, cicikuş babacım...''",https://www.zaytung.com/haberdetay.asp?newsid=276720,228
Süleyman Şah ve Rehin Alınan Savcı Operasyonlarının Ardından Arap Dünyası Tedirgin: ‘‘Ya siz bu Yemen'e hiç bulaşmasanız?’’,https://www.zaytung.com/haberdetay.asp?newsid=276674,229
Gürcistan'dan Türkiye'ye Barış Köprüsü: Batum'dan Artvin'e Üçlü Priz Çekildi,https://www.zaytung.com/haberdetay.asp?newsid=276537,229
"Fadıl Akgündüz'den 3 Dönem Kuralı Müjdesi: ''Arkadaşlar, daha önce 3 kere para kaptıranlar artık emekliye ayrılabilir...''",https://www.zaytung.com/haberdetay.asp?newsid=276330,229
"Son Olarak Arda Turan'dan da ''Faizleri düşürün'' Talimatı Alan Merkez Bankası Başkanı, Ulus'ta Çıplak Koşarken Görüntülendi...",https://www.zaytung.com/haberdetay.asp?newsid=276030,229
Tarihinde İlk Kez Elektrikli Otomobil Mühürleyen Bedaş’ta Gurur Günü,https://www.zaytung.com/haberdetay.asp?newsid=276010,229
"Ankara Büyükşehir Belediyesi, Bülent Arınç'ın Evinin de Bulunduğu Çukurambar'ı Komple Yıkarak Köprülü Kavşağa Çevirmeye Hazırlanıyor",https://www.zaytung.com/haberdetay.asp?newsid=275913,229
‘Hangi Ülkenin Vatandaşısın?’ Testinde Çek Cumhuriyeti Çıkan Onur Bilgin Çabuk Havaya Girdi: ''Şimdi tabii bizim oraların birası bi başkadır...'',https://www.zaytung.com/haberdetay.asp?newsid=275860,229
"Çözüm Süreci Eleştirisiyle Milliyetçi Oyları Hedefleyen Erdoğan, Bu Kez de CHP'li Kardeşlerine Seslendi: ''Böyle giderse bunlar ülkeyi İran'a çevirecek...''",https://www.zaytung.com/haberdetay.asp?newsid=275784,229
"Ak Parti, Nevruz'daki HDP Tekelini Kırmakta Kararlı: ''Gerekirse valilerimiz bizzat polisle çatışacak...''",https://www.zaytung.com/haberdetay.asp?newsid=275536,229
"Türkiye Reklamcılar Birliği, O İddiaları Doğruladı: ''Evet, boru reklamlarını bilerek o kadar berbat yapıyoruz...''",https://www.zaytung.com/haberdetay.asp?newsid=275444,229
"CHP Seçim Startını Verdi: 19.Geleneksel ‘Bu Seçim Çok Önemli Abi, Bu Seferlik CHP'ye Ver’ Eğitiminin Ardından Tüm Teşkilat Sokaklara Salındı",https://www.zaytung.com/haberdetay.asp?newsid=275361,230
"HDP Heyeti, Kürt Sorunu Diye Bir Şey Olmadığını Öcalan'a Haber Vermek Üzere İmralı'ya Gidiyor...",https://www.zaytung.com/haberdetay.asp?newsid=275282,230
Herkesi Kendisinden Tiksindirmek İsteyen Bir Marka Daha Call Center Kurarak İnsanları Taciz Etmeye Başladı,https://www.zaytung.com/haberdetay.asp?newsid=275032,230
Birtakım Çok Sert Açıklamalar Yapıp Büyük Destek Gören Devlet Bahçeli Neden Sürekli %14 Aldığını Araştırmaya Devam Ediyor,https://www.zaytung.com/haberdetay.asp?newsid=274969,230
"Kabataş Olayında En Son Photoshop'a Sığınma Noktasına Kadar Gelen Sabah Gazetesi'ne Okurları Sahip Çıktı: ‘’Tamam ya yeter, biz inandık hepsine...'’",https://www.zaytung.com/haberdetay.asp?newsid=274898,230
BBG'den Bu Yana Bir Ton Manyakla Diyalog Kurmak Zorunda Kalan Öykü Serter Malulen Emeklilik İçin SGK'ya Başvurdu,https://www.zaytung.com/haberdetay.asp?newsid=274822,230
Erdoğan'dan Küresel Sermayeye Tarihi Ayar: ''Bu kapıdan çıkan bir daha geri giremez!'',https://www.zaytung.com/haberdetay.asp?newsid=274767,230
Barda Değişik Bir İçki Söyleyen Bir Genç Daha ‘‘Bi yudum tadına bakıyım mı?’’ Çetesi Tarafından Sarıldı,https://www.zaytung.com/haberdetay.asp?newsid=274710,230
Son Olarak Atilla Taş'tan da Düşünce Suçlusu Yaratmayı Başaran AK Parti'de Gurur Günü: ''Çok şükür bu alandaki monşer vesayetine de son verdik...'',https://www.zaytung.com/haberdetay.asp?newsid=274532,230
"‘Diliniz KABA, Vicdanınız TAŞ’ Başlığını Atan 13 Yazar, Kendilerini Savunurken Atacakları Ortak Başlığı Belirlemek Üzere Bir Araya Geldi...",https://www.zaytung.com/haberdetay.asp?newsid=274456,230
"Yiğit Bulut, Dolar'ın Yükselişini Erdoğan'ın Konuşmalarına Bağlayanlara Sert Çıktı: ''Ona bakarsanız Hilmicem'le Turabi de hiç susmuyor?''",https://www.zaytung.com/haberdetay.asp?newsid=274376,231
"Bir Anlık Gündem Boşluğunda Çelik'in Çıplak Fotoğraflarıyla Karşı Karşıya Kalan Türkiye, Erdoğan'ın Bir An Önce Yurda Dönmesini Bekliyor",https://www.zaytung.com/haberdetay.asp?newsid=274296,231
Sabah Dolar Alıp Akşam Satarak Son 1 Ayda 160.000 TL Gelir Elde Eden Genç Başarısının Sırrını Açıkladı: ''Recep Tayyip Erdoğan'',https://www.zaytung.com/haberdetay.asp?newsid=274008,231
"Padişah Kostümüyle Sünnetten Kaçan A.D(9)'yi AKP Aday Adayı Zanneden Konyalılar, Minik Yavrunun 4 Saat Süren Mitingine Yoğun İlgi Gösterdi...",https://www.zaytung.com/haberdetay.asp?newsid=273952,231
İç Güvenlik Paketinin Yasalaşmasını Bekleyen 2 Yıllık Polis Memuru Ekrem Yudumlu (25) Basacağı Evlerin Listesini Netleştirdi,https://www.zaytung.com/haberdetay.asp?newsid=273892,231
"Bölgede İlerleyişini Sürdüren YPG Güçleri, Süleyman Şah Türbesi İçin Uygun 3 Araziyi Daha IŞİD'in Elinden Aldı...",https://www.zaytung.com/haberdetay.asp?newsid=273850,231
1 Yıldır Devam Eden Fuat Avni'nin Kimliğini Deşifre Etme Operasyonunda ''Delikanlıysan çık ortaya!'' Aşamasına Gelindi,https://www.zaytung.com/haberdetay.asp?newsid=273510,231
Jennifer Lawrence’ın 3. Oscar Töreni Düşüşüne Saatler Kala Heyecan Dorukta...,https://www.zaytung.com/haberdetay.asp?newsid=273508,231
"Sabah Gazetesi, Sümmeyye Erdoğan'a Suikast Planlarının Ardından Handikaplı Liverpool Kuponlarını Yatıran Büyük Oyunu da Açığa Çıkardı",https://www.zaytung.com/haberdetay.asp?newsid=273444,231
"Turizm Bakanlığı Ekmek Almak, Dolmuşa Binmek ve Kartopu Oynamak Gibi Ölüm İhtimali Yüksek Aktivitelerle Adrenalin Tutkunlarını Ülkeye Çekmeyi Planlıyor",https://www.zaytung.com/haberdetay.asp?newsid=273226,231
Pakistan'ı Sarsan Tecavüz Olayı Ülke İçindeki Tartışmaları da Alevlendirdi: ''Burka hatları çok mu belli ediyor?'',https://www.zaytung.com/haberdetay.asp?newsid=273161,232
"TÜİK, ''sendeanlat'' Hashtag'inde Anlatılan Taciz Olayları Sayesinde Türkiye'nin Erkek Nüfus Sayımını Tamamladığını Açıkladı...",https://www.zaytung.com/haberdetay.asp?newsid=273056,232
Son Olarak Evcil Hayvanlara Seçme ve Seçilme Hakkı Veren Norveç'e Uluslararası Camiadan Tepki Yağıyor: ‘‘Tamam lan anladık çok medenisiniz!’’,https://www.zaytung.com/haberdetay.asp?newsid=272880,232
"12 Şubat'ın Tatil Olmayacağını İma Eden İstanbul Valisi, Unfollow Tehditlerine Aldırmıyor...",https://www.zaytung.com/haberdetay.asp?newsid=272837,232
"Uzmanlardan Sevgililer Günü Öncesi 'Grinin Elli Tonu' Uyarısı: ''Siz elini tutsanız şükredin, yatağa bağlama falan komple hayal''",https://www.zaytung.com/haberdetay.asp?newsid=272802,232
"Yurtdışı Seyahatine Çıkan Erdoğan, Davutoğlu'nu Sıkı Sıkı Tembihledi: ''Kibritle oynamayın, yaramazlık yapmayın. Dolapta yemek var, ısıtıp yersiniz''",https://www.zaytung.com/haberdetay.asp?newsid=272722,232
"Meteoroloji Bu Sefer İşi Şansa Bırakmadı: Alaska’dan Sipariş Edilen 180.000 Groston Kar, Haydarpaşa Limanı'nda...",https://www.zaytung.com/haberdetay.asp?newsid=272647,232
Derdini Halkın Anlayabileceği Bir Dille Anlatmak İsteyen Köşe Yazarının ‘‘Naber lan keranacılar’’ Başlıklı Yazısı Tıklanma Rekorları Kırıyor,https://www.zaytung.com/haberdetay.asp?newsid=272448,232
"Yıllardır Düşlediği 'Şirin Bir Kafe' Hayalini Gerçekleştiren Pelin Bulvar (33), Sonunda Patladı: ''Bir şey içmeyecekseniz kalkın arkadaşım...''",https://www.zaytung.com/haberdetay.asp?newsid=272376,232
İşporta Tezgahlarına Yönelik Zabıta Baskınını Fuat Avni’den Gizlemeyi Başaran Hükümette Yüzler Gülüyor,https://www.zaytung.com/haberdetay.asp?newsid=272320,232
Dolar'daki Yükselişin Önüne Geçemeyen Merkez Bankası Vatandaşları Şiddetli Lodos'a Karşı Uyardı,https://www.zaytung.com/haberdetay.asp?newsid=272215,233
Son Olarak Kanal D'ye Ödünç Verilen Bülent Ersoy Tahtı Show TV Yolunda Kayboldu... Panik Büyüyor...,https://www.zaytung.com/haberdetay.asp?newsid=272030,233
Erdoğan'ın Başdanışmanlığına Atanan Prof. Saraçoglu'ndan İlk Açıklama: ''Paralelle mücadele için karnabahar kürü ve karabaş çayı...'',https://www.zaytung.com/haberdetay.asp?newsid=271940,233
"134 Gün Sonra Kobane'den Sürülen IŞİD, Erdoğan'a Öfkeli: ''Hani Kobane düştü düşüyordu :(((''",https://www.zaytung.com/haberdetay.asp?newsid=271891,233
Yunanistan'daki Seçimin Ardından Solcu Komşuyla Yaşamak Zorunda Kalan Türkiye'de Sinirler Gergin: ''Valla ülkeye giren çıkan belli değil...'',https://www.zaytung.com/haberdetay.asp?newsid=271812,233
"Ekonomide Şok: Yıllık Zamların Açıklanmasına Kısa Bir Süre Kala, Birçok Şirket İflasın Eşiğinde Olduğunu Çalışanlarına İletti",https://www.zaytung.com/haberdetay.asp?newsid=271761,233
"Karnesinde 4 Zayıf Getiren 10 Yaşındaki Okan Dinçkök, Milli Eğitim'i Saran Paralel Yapı Tehlikesine Dikkat Çekti...",https://www.zaytung.com/haberdetay.asp?newsid=271610,233
Çocuklar Duymasın'daki Adam Hükümet ve Gündemle İlgili Birtakım Şeyler Söyledi,https://www.zaytung.com/haberdetay.asp?newsid=271542,233
"Adalet Bakanı Bozdağ, Yargıya Yönelik Eleştirileri Yanıtladı: ‘‘E Deniz Seki'yi yakaladık ya?’'",https://www.zaytung.com/haberdetay.asp?newsid=271488,233
Beyazıt Öztürk-Candan Erçetin Kapışmasını İzlememekte Direten 9 Kişinin Saklandığı Ev Güvenlik Güçleri Tarafından Kuşatıldı,https://www.zaytung.com/haberdetay.asp?newsid=271359,233
Hrant Dink Davası'nda Şüpheli Sıfatını Ergenekon'dan Devralan Cemaat: ''Bu bir bayrak yarışı...'',https://www.zaytung.com/haberdetay.asp?newsid=271282,234
"Yolsuzluk İhbar Hattını Yanlışlıkla Arayan İşsiz Genç, Bingöl'e 4. Sınıf Emniyet Müdürü Olarak Atandı...",https://www.zaytung.com/haberdetay.asp?newsid=271221,234
"MOSSAD'ın Çok Gizli Melih Gökçek'i Öldürme Planını Ortaya Çıkaran Melih Gökçek, Günü Hafif Sudoku Antrenmanı İle Geçirdi",https://www.zaytung.com/haberdetay.asp?newsid=271093,234
Osmanlı Hanedanı'nın Son Temsilcileri Nihayet Patladı: ''Yeter artık üzerimize yapacaksanız yapın şu ülkeyi'',https://www.zaytung.com/haberdetay.asp?newsid=271024,234
"Başbakan Davutoğlu, Cumhuriyet Gazetesi Baskınını Değerlendirdi: ''Yanlış anlaşılmasın, ben zaten Fransa'daki ifade özgürlüğü için yürümüştüm''",https://www.zaytung.com/haberdetay.asp?newsid=270919,234
Mahkeme Emek Sineması Kararını Açıkladı: ‘'Yıkım işleminin durdurul... Lan tüh ya yıkılmış mı?’’,https://www.zaytung.com/haberdetay.asp?newsid=270835,234
"Ülkesine Dönüşte Türkiye İzlenimlerini Paylaşan Mahmut Abbas, Hastanede Müşahede Altına Alındı...",https://www.zaytung.com/haberdetay.asp?newsid=270768,234
Boko Haram Güven Verdi: ‘‘Rahat olun öldürdüğümüz 2.000 kişi içinde karikatürist olmadığına eminiz...’’,https://www.zaytung.com/haberdetay.asp?newsid=270476,234
"Fransa'daki Saldırıyı Gerçekleştirenlerin de Elenmesinin Ardından, Malatya Fırdevsiler Cemaati ''Gerçek İslam Bu'' Sıralamasında 5 Basamak Birden Yükseldi",https://www.zaytung.com/haberdetay.asp?newsid=270410,234
"Tüm Türkiye'nin Bir Anda Kar Kış Kıyamet Konuşmasına Erdoğan Daha Fazla Dayanamadı: ''Hadi gelin ya, külliye konuşalım biraz da''",https://www.zaytung.com/haberdetay.asp?newsid=270249,234
Meteoroloji Geri Adım Atmıyor: ''Allah belamızı versin çok pis kar yağacak'',https://www.zaytung.com/haberdetay.asp?newsid=270138,235
Yolsuzluk Komisyonu Kararını Verdi: ''Bu karda kışta ne Yüce Divan'ı?!'',https://www.zaytung.com/haberdetay.asp?newsid=270032,235
31 Aralık 'Bir Şekilde Çalışıyormuş Gibi Yaparak Mesaiyi Tamamlama Günü' Coşkuyla Kutlanıyor...,https://www.zaytung.com/haberdetay.asp?newsid=269749,235
108. Kez ''Elektrik ve doğalgaza zam yok'' Açıklaması Yapan Taner Yıldız: ''Sırf benden bahsedin diye yapıyorum ehehe'',https://www.zaytung.com/haberdetay.asp?newsid=269687,235
"Cumhurbaşkanı Erdoğan, Sürekli Kendisi İle Çelişmesinin Nedenini Açıkladı: ''Napayım, muhalefet işi de bana kaldı...''",https://www.zaytung.com/haberdetay.asp?newsid=269546,235
Yüzde Yüz Türk Malı 500. Teknolojik Aletini Üreten Çin'de Gurur Günü,https://www.zaytung.com/haberdetay.asp?newsid=269371,235
AKP'de Yeni Yıl Heyecanı: 12. Geleneksel En Yersiz Yılbaşı Açıklaması Yarışmasını Bu Sene Kim Kazanacak?,https://www.zaytung.com/haberdetay.asp?newsid=269277,235
Cumhurbaşkanı Erdoğan Sayesinde Bir Günü Daha Rahat Rahat Seks Konuşarak Geçiren Türkiye'de Moraller Yerinde,https://www.zaytung.com/haberdetay.asp?newsid=269198,235
Konuşulabilecek Tüm Konuları Tüketen Beyaz Futbol'da Endişe Büyüyor: ''Sıra Futbol'a mı gelecek?'',https://www.zaytung.com/haberdetay.asp?newsid=269160,235
Tutuklamalar ve Yurtdışı Yasaklarının Ardından Gülen'le Görüşmeye Cemaatin Kalan En Üst Düzey İsmi Gidiyor: Oktay Usta,https://www.zaytung.com/haberdetay.asp?newsid=268985,235
"Başbakan Ahmet Davutoğlu, Yeni Tasarruf Tedbirlerini Açıkladı: ''Düğün, nişan ve sünnet organizasyonlarınız için Ak Saray konforunu tercih edin''",https://www.zaytung.com/haberdetay.asp?newsid=268927,236
17 Aralık'ın Yıldönümünde O Soru Hala Cevaplanmadı: ‘‘Hangi kağıt öğütücüyü aldılar peki sonunda?’’,https://www.zaytung.com/haberdetay.asp?newsid=268877,236
"2002'den Beri Darbe Suçlamasıyla Yargılanmamış Kişi, Kurum ve Kuruluşlar İçin Bedelli Darbecilik Yasa Teklifi Meclis Gündeminde...",https://www.zaytung.com/haberdetay.asp?newsid=268748,236
1. Geleneksel Memuriyet Kongresi ‘‘Şu an sistem yok’’ Gerekçesiyle Yarıda Kaldı,https://www.zaytung.com/haberdetay.asp?newsid=268434,236
"Maliye Bakanı Şimşek, Bütçe Görüşmelerinde Sert Çıktı: ''190 liralık taksi fişini hanginiz yazdırdı?!''",https://www.zaytung.com/haberdetay.asp?newsid=268416,236
"Eskisi Kadar Gündeme Gelmeyi Başaramayan IŞİD'de Moraller Bozuk: ""Sizin için bir hevesmişiz meğer, her şey gibi bizi de tükettiniz""...",https://www.zaytung.com/haberdetay.asp?newsid=268351,236
Maliye Bakanı Mehmet Şimşek'ten Osmanlı'ya Saygı Duruşu: Öşür Vergisi Yolda...,https://www.zaytung.com/haberdetay.asp?newsid=268220,236
Yargılanıp Beraat Etmediği Mahkeme Kalmayan Sosyolog Pınar Selek'in Dosyası Son Olarak Profesyonel Futbol Disiplin Kurulu’na Gönderildi,https://www.zaytung.com/haberdetay.asp?newsid=268035,236
"3. Köprüyü Çekemeyen Dış Mihraklar, Misilleme Olarak Mars'a İnme Hazırlığında. Gerginlik Büyüyor...",https://www.zaytung.com/haberdetay.asp?newsid=268000,236
AK Parti'de Barlas Ailesi Çatlağı: ''Bizi gerçekten çok aşırı mı seviyorlar yoksa dalga mı geçiyorlar?'',https://www.zaytung.com/haberdetay.asp?newsid=267934,236
3 Yıldır ‘‘Askerden sonra evleniriz ya’’ Sözleriyle Sevgilisini Oyalayan Alpberk Karan(30) Ziraat Bankası Çıkışında Kıstırıldığı Ara Sokakta Nişanlandı,https://www.zaytung.com/haberdetay.asp?newsid=267849,237
"İslam İşbirliği Teşkilatı, ''Bunu ilk Müslüman bilim adamları buldu'' Bilgisinin Tam Ne İşe Yarayacağını Belirlemek Üzere Toplandı...",https://www.zaytung.com/haberdetay.asp?newsid=267776,237
"Papa, Ak Saray'a Hayran Kaldı: ''Komple Vatikan'ı sığdırırız buraya...''",https://www.zaytung.com/haberdetay.asp?newsid=267564,237
"Yarısının Her Şeyi Bildiği, Diğer Yarısının Hiçbir şeyi Umursamadığı Türkiye'de Yayın Yasağı Sadece Emekli Özcan Şener(61)'i Etkiledi...",https://www.zaytung.com/haberdetay.asp?newsid=267512,237
Davutoğlu'nun ‘Halep'i Yozgat yapacaktık’ Açıklamasının Ardından Yozgat'ta İsyan: ‘‘Biz neden Yozgat yapıldık? Daha önce neydik?’’,https://www.zaytung.com/haberdetay.asp?newsid=267301,237
Meteoroloji'den Kritik Uyarı: İstifaya En Çok Yaklaştıracak Servis Bekleme Soğuğu Edirne'den Yurda Girdi...,https://www.zaytung.com/haberdetay.asp?newsid=267243,237
Keops Piramidi'nin Sırrı Çözüldü: ''Ben bu binayı halkım için yaptırdım...'',https://www.zaytung.com/haberdetay.asp?newsid=267111,237
"Latin Amerika'nın Ardından Cumhurbaşkanı Erdoğan'dan 'Paralel Yapı'yı Dinleyen Afrika Liderleri, Avustralya'ya Seslendi: ''Hiç gülmeyin olum, size de gelecek sıra...''",https://www.zaytung.com/haberdetay.asp?newsid=267081,237
"Fırıncılar Odası'ndan Canan Karatay'a Misilleme: ""Çok fazla Karatay dinlemek de sağlığa aşırı zararlı...""",https://www.zaytung.com/haberdetay.asp?newsid=267027,237
"'Bedellide FLAŞ Gelişme!!!' Başlıklı Bütün Link'lere Tıklayan Efe Günok(29), Bugüne Dek Bilinmeyen 1.400 Yeni Haber Sitesi Keşfetti...",https://www.zaytung.com/haberdetay.asp?newsid=266990,237
''Tapelerde değişiklik yapılmamış'' Raporu Veren Adli Tıp Dairesi'nde Tayin Yeri Bekleme Aşamasına Geçildi...,https://www.zaytung.com/haberdetay.asp?newsid=266942,238
"Ortadoğu'da Erdoğan Coşkusu: ''Hah şöyle, biraz da Güney Amerika'yla falan uğraş ya...''",https://www.zaytung.com/haberdetay.asp?newsid=266884,238
Emine Ülker Tarhan'ın Kurduğu Anadolu Partisi'nde İlk Gün Coşkusu: Parti İçi Muhalefet Olağanüstü Kurultay İstedi,https://www.zaytung.com/haberdetay.asp?newsid=266604,238
"Türk Uzay Ajansı: ""O kuyruklu yıldız olayı aslında bizim de aklımızdaydı yaa""...",https://www.zaytung.com/haberdetay.asp?newsid=266375,238
"Son 1 Yıl İçerisinde 8 Kez Tasarım Değiştiren İnternet Sitesi, Yeni Görünümüyle de Küfür Yemeye Devam Ediyor...",https://www.zaytung.com/haberdetay.asp?newsid=266299,238
"Bu Kez de Mescid-i Aksa'nın Neresi Olduğunu Öğrenmek Zorunda Kalan Türkiye, Ortadoğu’dan Giderek Daha Fazla Tiksiniyor...",https://www.zaytung.com/haberdetay.asp?newsid=266251,238
"Taner Yıldız, Kesilen Zeytin Ağaçları Hakkında Konuştu: “Zeytini marketten de alırsın ama termik santral öyle mi?”",https://www.zaytung.com/haberdetay.asp?newsid=266069,238
WhatsApp'tan Bir Yenilik Daha: Okundu ama nasıl okundu?,https://www.zaytung.com/haberdetay.asp?newsid=266051,238
"Ak Saray'ın Gerçek Sahiplerinden Biri Olduğunu Öğrenen Hüseyin Özyılmaz (46)'dan, Erdoğan Ailesi'ne Tahliye Şoku",https://www.zaytung.com/haberdetay.asp?newsid=266008,238
"TÜBİTAK, Herkesin Yalnızca Kendi Annesinin Yaptığı Aşureyi Beğenmesine Sebep Olan Kromozomu Buldu...",https://www.zaytung.com/haberdetay.asp?newsid=265909,238
"Yargıtay, Artık Daha Fazla Kredi Kartı Aidat İadesi Kararı Vermeyeceğini Açıkladı: ""Çünkü insan olana bir kere söylenir, yeter!""",https://www.zaytung.com/haberdetay.asp?newsid=265770,239
"Türkiye, Sigarasına Sahip Çıkıyor: ''Yunanistan'a doğru çıkma balkon yapsak orada içeriz aslında...''",https://www.zaytung.com/haberdetay.asp?newsid=265669,239
"İtalyan Sevgilisiyle Evlenebilmek İçin Sünnet Derisi Ekleterek Hıristiyan Olan Mert Balan'a (32) Kayınpederinden Tam Not: ‘‘Bak ne güzel oldu işte, zengin gösterdi’’",https://www.zaytung.com/haberdetay.asp?newsid=265413,239
"Pek Bir Şey Yaşanmadığı İçin Felaket de Yaşanmayan Yozgat, En Yaşanabilir Şehirler Sıralamasında Yükselmeye Devam Ediyor",https://www.zaytung.com/haberdetay.asp?newsid=265322,239
"Erdoğan, Yeni Cumhurbaşkanlığı Binasında Tebrikleri Kabul Etti: ''300 Milyon masraf ettik ama değdi be...''",https://www.zaytung.com/haberdetay.asp?newsid=265227,239
"İş Kazalarının Önüne Bir Türlü Geçemeyen Çalışma Bakanlığı, Ölen İşçilere Ağır Yaptırım Uygulamaya Hazırlanıyor",https://www.zaytung.com/haberdetay.asp?newsid=265108,239
"Oytun Mimarlık Ltd Şti, Ofisçe Gidilen Karaoke Gecesi'nin Yaralarını Sarmaya Çalışıyor...",https://www.zaytung.com/haberdetay.asp?newsid=264740,239
Ekim İtibariyle Hala Sahilden Bacak Fotosu Paylaşan Ceren Özbalan (27)'ın Mahsur Kaldığı Yerden Yardım Çağrısı Yaptığı Anlaşıldı,https://www.zaytung.com/haberdetay.asp?newsid=264666,239
Ortadoğu'nun Yeni Turizm Cenneti Suruç'un Bu Haftaki Konuğu Peşmergeler...,https://www.zaytung.com/haberdetay.asp?newsid=264492,239
"Yeni Torba Yasa, AK Parti'de Sert Tartışmalara Neden Oldu: ''Mal mıyız biz hala kanun tartışıyoruz?''",https://www.zaytung.com/haberdetay.asp?newsid=264424,239
"3 Haftadır İstanbullular'ın Akınına Uğrayan İhsaniye, Köyün Girişine ''Köy kahvaltısı + Sınırsız çay 35 tl'' Tabelasını Asan Şerefsizi Arıyor…",https://www.zaytung.com/haberdetay.asp?newsid=264177,240
"Ebola Virüsü, En Azından Bazı İnsanların Doğal Yollardan Ölmesini Sağlamak Amacıyla Türkiye'ye Giriş Yaptı...",https://www.zaytung.com/haberdetay.asp?newsid=264106,240
"Senede En Fazla 1 Hafta Gittiği Aile Evine Methiyeler Düzen Giray Tanık (29), 3. Gün İtibariyle Neden Ayrı Eve Çıktığını Hatırlamaya Başladı",https://www.zaytung.com/haberdetay.asp?newsid=264035,240
"Erdoğan, Türkiye'ye Terör Saldırısı Yapmayı Planlayan Grupları Uyardı: ''AVM'ler kırmızı çizgimizdir...''",https://www.zaytung.com/haberdetay.asp?newsid=263658,240
Kobane'de Gergin Gün: ''Diyarbakır düştü mü ya?'',https://www.zaytung.com/haberdetay.asp?newsid=263500,240
"İçişleri Bakanlığı, Son 3 Gündür Sokağa Çıkan Hizbullah, PKK, IŞİD ve Ülkücüler Arasında Eleme Usulü İç Savaş Düzeni Getiriyor",https://www.zaytung.com/haberdetay.asp?newsid=263385,240
"Türkiye'nin İlgisini Bölgeye Çekmeye Çalışan PYD Yönetimi, Kobane’yi İmara Açtı...",https://www.zaytung.com/haberdetay.asp?newsid=263286,240
"Cumhurbaşkanı Erdoğan'dan Obama'ya Veryansın: ''Esad'ı bitiremedik, Fethullah Gülen'i iade etmiyorsunuz bari Deniz Seki'yi yakalayın!''",https://www.zaytung.com/haberdetay.asp?newsid=263145,240
"Sağlık Bakanlığı, IŞİD Militanı Kılığına Girerek Ücretsiz Tedavi Olmaya Çalışan Acemi Kasap Sayısının 400'ü Geçtiğini Açıkladı",https://www.zaytung.com/haberdetay.asp?newsid=262938,240
Erdoğan'ın İmam Hatip'ten Sınıf Arkadaşı Recai Harman Ateş Püskürdü: ''Koca sınıftan bi’ ben mi imam oldum lan?!'',https://www.zaytung.com/haberdetay.asp?newsid=262852,240
Dünya Sağlık Örgütü ''Çaresi Bulunduğu Halde İlaç Sektörü Batmasın Diye Açıklanmayan'' Yeni Bir Hastalık Keşfedildiğini Duyurdu,https://www.zaytung.com/haberdetay.asp?newsid=262655,241
"Microsoft, Windows 10'u Cumhurbaşkanı Erdoğan'ın Onayına Sundu...",https://www.zaytung.com/haberdetay.asp?newsid=262589,241
"Ortadoğu'da En Son ''IŞİD’le mi yoksa PKK’yla mı sınır komşusu olsak?'' Noktasına Gelen Türkiye, Logo Değiştirme Hamlesinden Umutlu…",https://www.zaytung.com/haberdetay.asp?newsid=262484,241
"Türkiye, Batılı Anlamda İlk iPhone Kuyruğu İle Dün Gece İstanbul Zorlu Center'da Tanıştı",https://www.zaytung.com/haberdetay.asp?newsid=262283,241
"Dışişleri Bakanı Çavuşoğlu, Türkiye'nin Yeni Ortadoğu Vizyonu Hakkında Konuştu: ''Valla biz koyverdik gitti artık...''",https://www.zaytung.com/haberdetay.asp?newsid=262113,241
"BM İklim Zirvesi'nde Konuşan Erdoğan, Karbondioksit Salımının Azaltılmasında Paralel Yapıyla Mücadelenin Önemine Dikkat Çekti",https://www.zaytung.com/haberdetay.asp?newsid=262068,241
"Rehinelerin Kurtarılmasına İlişkin Süreci IŞİD de Doğruladı: ''Yaptığımızın yanlış olduğunu anlattılar, ikna olduk...''",https://www.zaytung.com/haberdetay.asp?newsid=261993,241
"Esad Ordusu, ÖSO ve IŞİD'den Türkiye'ye Ortak Çağrı: ''Beyler biraz Suriyeli göndersenize bize... Burada kalmadı''",https://www.zaytung.com/haberdetay.asp?newsid=261739,241
"İskoçya Ayrılık Referandumunda Türkiye Temkinli: ""Şimdi yarın bunlar barışır, kötü olan biz oluruz...""",https://www.zaytung.com/haberdetay.asp?newsid=261637,241
"Fitch ve Moody's İle İlişkileri Kesen Erdoğan, Türkiye'nin Kredi Notunu da A+ Olarak Açıkladı...",https://www.zaytung.com/haberdetay.asp?newsid=261562,241
450 Dolarlık Birikimi İçin Günde 8 Saat Ekonomi Haberlerini Takip Eden Onur Bilgin'e Piyasalardan Sert Tepki...,https://www.zaytung.com/haberdetay.asp?newsid=261420,242
"TV'de Sansürlenmesi Unutulan Ürünün Satıldığı AVM, İzdiham Nedeniyle Çöktü: 2 Ölü, Çok Sayıda Yaralı...",https://www.zaytung.com/haberdetay.asp?newsid=261206,242
"Twitter, Ataması Yapılan Öğretmenlerden Boşalan Hashtag'ler için 40 Bin Atanamayan Öğretmen Alımı Yapacak...",https://www.zaytung.com/haberdetay.asp?newsid=261146,242
Genç Subaylar Rahatsız: ''Ulan darbe de iyice ayağa düştü ha...'',https://www.zaytung.com/haberdetay.asp?newsid=260919,242
"İş Yerlerine, Ölecek İşçilerin İsimlerini 1 Hafta Önceden Bildirme Zorunluluğu Getiren Yasa Tasarısı Meclis Gündeminde",https://www.zaytung.com/haberdetay.asp?newsid=260725,242
CHP'de Demokrasi Şöleni: Bir Sonraki Seçimde Başarısızlıkla İtham Edilecek Genel Başkan Belirlendi,https://www.zaytung.com/haberdetay.asp?newsid=260647,242
"2014'ün İlk 8 Ayındaki Ölümlü Kazalar Yüzleri Güldürdü: ""İyi ya kişi başı milli gelir artıyo...""",https://www.zaytung.com/haberdetay.asp?newsid=260536,242
"Sabah Programlarına Katil, İt, Uğursuz Sağlayan Cast Ajansı: ''Talebe yetişemiyoruz...''",https://www.zaytung.com/haberdetay.asp?newsid=260489,242
İstihbarat Faaliyetleri Kapsamında En Fazla Rize ve Civarını Dinleyebilen Gürcistan İsyan Bayrağı Açtı: ''Yeter da!'',https://www.zaytung.com/haberdetay.asp?newsid=260395,242
"TEOG Sonuçlarına Göre Çocukları İmam Hatip Lisesi'ne Yerleştirilen İngiliz Aileler, Türkiye'ye Ulaştı",https://www.zaytung.com/haberdetay.asp?newsid=260035,242
"Erdoğan'ın Yemin Törenini İzlemek Üzere Türkiye'ye Gelen Benin Devlet Başkanı, Köşkte Aşçı Olarak Göreve Başladı",https://www.zaytung.com/haberdetay.asp?newsid=260000,243
"Facebook, Cemre Bilgin (28)'in Yaklaşan Düğünü İçin 6 Adet Yeni Server Siparişi Verdi",https://www.zaytung.com/haberdetay.asp?newsid=259841,243
"Göçmen Nefreti Eksikliğini de Suriyeliler Sayesinde Geride Bırakan Türkiye, Avrupa Birliği'ne Artık Bir Adım Daha Yakın",https://www.zaytung.com/haberdetay.asp?newsid=259685,243
AK Parti Silopi Teşkilatı Bir Sonraki Başbakanı Kendi İçlerinden Çıkarma Konusunda Ümitli: “İlçeyi IŞİD'a kaptırırsak gerisi gelir...”,https://www.zaytung.com/haberdetay.asp?newsid=259384,243
Dışişleri Bakanlığı Süleyman Şah Türbesi'nin IŞİD'e Verileceği Haberini Yalanladı: ''Yok ya... AVM yapıcaz biz oraya... Süleymanium AVM'',https://www.zaytung.com/haberdetay.asp?newsid=259324,243
"Ferguson Olaylarını Twitter'dan İzlerken #RıdvanUmaçİleÇılgınTakip'e Karışan Obama, Erdoğan'ı Aradı: “Kim abi bu Rıdvan Umaç??”",https://www.zaytung.com/haberdetay.asp?newsid=259263,243
Dış Ticarette Yeni Gelir Modeli: Çalışmak İçin IŞİD'e Giden Türkler...,https://www.zaytung.com/haberdetay.asp?newsid=259073,243
Hürriyet'te Deprem Sürüyor: Cumhurbaşkanı Erdoğan'ın Burcuna ''Özel hayatla ilgili problemler can sıkabilir'' Yazan Astroloğun da İşine Son Verildi,https://www.zaytung.com/haberdetay.asp?newsid=258904,243
Geçtiğimiz Hafta Bitlis Tatvan'a Asteğmen Olarak Teslim Olan Onur Cansavar’a Bedelli Askerlik Müjdesi...,https://www.zaytung.com/haberdetay.asp?newsid=258826,243
"Motorla Yaptığı Türkiye Turundan Ölmeden ve Tecavüze Uğramadan Kurtulmayı Başaran Alessio Perre, Kapıkule Sınır Kapısı'nda Coşku ile Karşılandı",https://www.zaytung.com/haberdetay.asp?newsid=258756,243
"Partisine Döneceğini Açıklayan Abdullah Gül'e, Genel Merkez’den Yeşil Işık: ''B sınıfı ehliyet vardı di mi?''",https://www.zaytung.com/haberdetay.asp?newsid=258695,244
Ilımlı Balkon Konuşmasının Ardından Erdoğan'ın Seçmenlerinde Hayal Kırıklığı: ''O kadar adamı boşuna mı yuhaladık?'',https://www.zaytung.com/haberdetay.asp?newsid=258585,244
"Yüksek Seçim Kurulu, Nijerya'ya Kurulan Sandıkların İçerisinde Türkiye'ye Giriş Yapan 12 Mülteciyi Sınırdışı Etmek İçin Harekete Geçti",https://www.zaytung.com/haberdetay.asp?newsid=258052,244
"Ayvalık Yazlıkçılar Birliği Uyarıyor: ''Saçmalamayın, gidip 1 hafta otelde tatil yapın...''",https://www.zaytung.com/haberdetay.asp?newsid=257989,244
"Başbakan Erdoğan'ın Miting Konuşmasından Etkilenen Ender Belemen (16), Siyasi Kariyerine Okulu Bırakarak Başladı",https://www.zaytung.com/haberdetay.asp?newsid=257796,244
"Aşırı Türkiyelileşme Sonucu Bir Grup HDP'li, HDP İstanbul İl Başkanlığı Binasına Saldırı Düzenledi",https://www.zaytung.com/haberdetay.asp?newsid=257708,244
"Sultanbeyli'de IETT Otobüsü Tarafından Ezilen Genç, Sevenlerini Yasa Boğdu: ''En azından Fethiye'ye falan giderken yolda ölseydi...''",https://www.zaytung.com/haberdetay.asp?newsid=257541,244
Tatilden Döner Dönmez İşe Başlayan 17 Kişi Vurgun Yiyerek Hastaneye Kaldırıldı,https://www.zaytung.com/haberdetay.asp?newsid=257455,244
"Cihangir Resmi Ramazan Davulcusu Tufan Özbayrak, Bodrum'a Ulaştı: ''Bulucam lan hepinizi!''",https://www.zaytung.com/haberdetay.asp?newsid=257244,244
"Olympos'ta ""Denizden azcık içeri doğru, ormanın orda ya"" Şeklinde Tarif Edilen Pansiyonu Bulmaya Çalışan Grup Afyonkarahisar'a Vardı",https://www.zaytung.com/haberdetay.asp?newsid=256897,244
"LYS Sonuçlarının Açıklanmasının Ardından Farklı Şehirleri Kazanan Çiftler Umutlu: ''Ya haftasonları bi ben gelirim, bi sen gelirsin...''",https://www.zaytung.com/haberdetay.asp?newsid=256829,245
Yoğun Gündem Arasında Türkiye Tek Bir Soruya Kilitlendi: ''Bayram öncesi maaşlar yatar mı?'',https://www.zaytung.com/haberdetay.asp?newsid=256685,245
"'Darbe Girişimi' Nedeniyle Terörle Mücadele Şubesi'ne Teslim Olan İlk Zabıta Memuru, Teşkilatın Gurur Kaynağı Oldu",https://www.zaytung.com/haberdetay.asp?newsid=256550,245
"Dev Ortaklık: Gerektiğinde İsrail Tarafından Boykot Edilebilecek İlk Türk Ürünü, İsrail - Türkiye Ortaklığıyla Gebze'de Üretilecek...",https://www.zaytung.com/haberdetay.asp?newsid=256466,245
İsrail'le Tüm Ekonomik İlişkilerini Durdurma Kararı Alan Şili ve İsrail Büyükelçisi'ni Kovan Venezuella'ya Büyük Türkiye'den Kınama,https://www.zaytung.com/haberdetay.asp?newsid=256195,245
Kurulduğundan Bu Yana Yalnızca ''Oha yıldız kaydı!'' Açıklaması Yapabilen Türkmenistan Uzay Enstitüsü İsyan Etti: ''Bi teleskop alın artık!'',https://www.zaytung.com/haberdetay.asp?newsid=256097,245
"Genç Popçu Berksan'ın Feryadı Yürek Dağladı: ''Ben de gittim Başbakan'ın toplantısına, niye kimse bana laf etmiyor lan?!''",https://www.zaytung.com/haberdetay.asp?newsid=256016,245
Pazartesi Mesaisini Alman Disiplini ve Çalışkanlığını Konuşarak Geçiren Türkiye'de Haftanın Kalan Günleri İçin Konu Arayışı Sürüyor,https://www.zaytung.com/haberdetay.asp?newsid=255814,245
Dosya: Ekmeleddin İhsanoğlu’nun Bilinmeyenleri (İsminin yazılışı dışındakiler...),https://www.zaytung.com/haberdetay.asp?newsid=255479,245
"Metallica'nın Ekipmanlarını Türkiye'ye Getiren 12 Tırın Musul’a Sevk Edilmesi IŞİD'da Şaşkınlık Yarattı: “Napıcaz lan biz bateriyi, gitarı??”",https://www.zaytung.com/haberdetay.asp?newsid=255455,245
"Son Günlerdeki Yıldız Tilbe Övme Çılgınlığına Ünlü Şarkıcı İsyan Etti: ""Doğru söyleyin, ölcek miyim ya?""",https://www.zaytung.com/haberdetay.asp?newsid=255380,246
"Özel Beybihan Üniversitesi, Yeni Açılan ‘Özel Üniversitecilik Meslek Yüksek Okulu’ İle Tercih Döneminin Yıldızı Olma Yolunda",https://www.zaytung.com/haberdetay.asp?newsid=254806,246
Erdoğan'ın ''Kurtuluş Savaşı'' Temalı Kampanyası İçin Yunanistan'dan Sipariş Edilen 50.000 Kişilik İşgal Gücü izmir'e Ulaştı...,https://www.zaytung.com/haberdetay.asp?newsid=254735,246
"Akdeniz Ülkeleri Kültürel İşbirliği Platformu, Türkiye'yi Uyardı: ''Manyaklık ayrı şey, Akdenizli olmak ayrı şey...''",https://www.zaytung.com/haberdetay.asp?newsid=254436,246
Erdoğan'dan Adaylık Değerlendirmesi: ''Bu görevi bana layık gördüğüm için kendime çok teşekkür ediyorum...'',https://www.zaytung.com/haberdetay.asp?newsid=254127,246
"Başbakan Erdoğan'ın İftar Yapabileceği, Yeryüzüne Yakın, Yaşam Odalı, Ebeveyn Banyolu, Minik, Sevimli Bir Maden Arayışı Sürüyor...",https://www.zaytung.com/haberdetay.asp?newsid=253739,246
"Antalya Emniyet Müdürlüğü, 1 Haftadır Çerden Çöpten Sebeplerle Olay Çıkaran Halkı Suçladı: ''TOMA'larımız suistimal ediliyor...''",https://www.zaytung.com/haberdetay.asp?newsid=253700,246
"Turizm Bakanlığı, Slip Mayo Giymekte Israr Eden Yaşlılar İçin Ayvalık'ta Toplama Kampı Kurdu...",https://www.zaytung.com/haberdetay.asp?newsid=253543,246
"Musul'da Rehin Tutulan Konsolosluk Görevlileri, Kendi Aralarından Cumhurbaşkanı Adayı Çıkararak Dikkat Çekmeye Çalışacak",https://www.zaytung.com/haberdetay.asp?newsid=253474,246
"Balyoz Sanıkları, Türk Demokrasisine Tutuklanırken Ayrı, Tahliye Olurken Ayrı Hizmet Etmenin Gururunu Yaşıyor...",https://www.zaytung.com/haberdetay.asp?newsid=253385,246
Yanlışlıkla Umre Kafilesine Kapılan 27 Kişilik Sakallı Hipster Grubu Kutsal Topraklara Ulaştı...,https://www.zaytung.com/haberdetay.asp?newsid=253138,247
"Müebbet Hapis Cezasına Çarptırılan Kenan Evren'e Kararın Anlatılma Çilesi Sürüyor: “Beybaba huuu askerdin sen, darbe yaptıydın hani...”",https://www.zaytung.com/haberdetay.asp?newsid=252954,247
"Muhalefetin Çatı Adayı Ekmeleddin İhsanoğlu Hakkında Bilinmeyenleri Anlattı: ""Bi saniye ben de Google'a bakıyorum…""",https://www.zaytung.com/haberdetay.asp?newsid=252856,247
"Irak'daki Türkmenler Endişeli: ''Tek Güvencemiz Türkiye, varın siz düşünün...''",https://www.zaytung.com/haberdetay.asp?newsid=252734,247
Son Zil Sesiyle Birlikte İstanbul'un Nispeten Daha Az Boktan Bir Şehir Olduğu Mübarek 3 Aylara Girildi...,https://www.zaytung.com/haberdetay.asp?newsid=252402,247
"Son Olarak Tikrit'i Ele Geçiren IŞİD İlerleyişine Son Verdi: ""Beyler tamam! Burdan çekiyo televizyon, maçı açın...""",https://www.zaytung.com/haberdetay.asp?newsid=252321,247
Musul'da Durum Daha da Kötüleşiyor: Davutoğlu IŞİD'ın Elindeki Rehineler İçin Güvence Verdi...,https://www.zaytung.com/haberdetay.asp?newsid=252067,247
Önümüzdeki 200 Yılı Savaşarak Geçirmek İsteyen Bir Grup Gerizekalı Daha Ortadoğu'da Yeni Devlet Kurmaya Çalışıyor...,https://www.zaytung.com/haberdetay.asp?newsid=251964,247
"Lice'de Çözüm İçin İçişleri Bakanlığı Devrede: ''Ölenlerin adını Kalekol'a verelim, konu burada kapansın...''",https://www.zaytung.com/haberdetay.asp?newsid=251823,247
"Melih Gökçek, Ankara Metrosu Su Baskını Hakkında Konuştu: ''Henüz tam olarak başkan sayılmam, Anayasa Mahkemesi bi karar versin de hele...''",https://www.zaytung.com/haberdetay.asp?newsid=251610,247
"Kaçırılan Çocukları Kurtarma Görevinin BDP'ye Verilmesinin Ardından, Faizleri Düşürme Görevi de CHP'ye Verildi",https://www.zaytung.com/haberdetay.asp?newsid=251427,248
"AK Parti Yalova İl Teşkilatı, Durumu Başbakan'a Açıklayacak Kişiyi Seçmek İçin Sandığa Gidiyor…",https://www.zaytung.com/haberdetay.asp?newsid=251226,248
Gezi Eylemlerinin Yıldönümü İçin Seferber Edilen 25.000 Polis ve 50 TOMA’nın Ardından Yunanistan'da Panik: ''Lan bunlar bize dalacak galiba!'',https://www.zaytung.com/haberdetay.asp?newsid=251019,248
"Tüm Mezunlarına İş Garantisi Veren Özel Beybihan Üniversitesi, 8. Yılını da Mezun Vermeden Atlatmak Üzere...",https://www.zaytung.com/haberdetay.asp?newsid=250930,248
Miss Turkey 1997'nin Blendax Güzeli İsyan Etti: “Yeter senelerdir şampuan gönderdiğiniz... Allah belanızı versin bi dizi teklifiyle gelmediniz...”,https://www.zaytung.com/haberdetay.asp?newsid=250856,248
"Türkiye, Okumadığı Bir Romancının Ardından Şimdi de İzlemediği Bir Yönetmenin Kazandığı Uluslararası Başarının Gururunu Yaşıyor...",https://www.zaytung.com/haberdetay.asp?newsid=250682,248
Başbakan Erdoğan: ''Aslında var ya elimde bi taramalı olacak böyle ta ta ta ta diye...'',https://www.zaytung.com/haberdetay.asp?newsid=250374,248
"Alıcı Kılığına Giren Kaçakçılık Şube Ekipleri, Piyasa Değeri 15 Milyon Dolar Olan Tarihi Eseri 7.5 Milyon'a Kapatmayı Başardı...",https://www.zaytung.com/haberdetay.asp?newsid=250195,248
"Soma'nın Ardından Nükleer Santrallere Yoğunlaşmaya Başlayan Türkiye'ye Komşu Ülkelerden Jest: “Aman abi aman. Zahmet etmeyin, biz size veririz bedava enerji”",https://www.zaytung.com/haberdetay.asp?newsid=250170,248
"Türkiye, Sel Felaketiyle Boğuşan Balkanlar'da 600 Kişilik Profesyonel Alim Ekibiyle Yara Saracak...",https://www.zaytung.com/haberdetay.asp?newsid=250166,248
301 Ölüm Karşısında da Kimsenin İstifa Etmemesi Üzerine 150 Kişilik Bir İşçi Grubu Daha Madene Geri İnme Kararı Aldı,https://www.zaytung.com/haberdetay.asp?newsid=250079,249
Kadere İmanı Zedelemeyen Yeni İş Güvenliği Yasası İçin Düğmeye Basıldı,https://www.zaytung.com/haberdetay.asp?newsid=250019,249
Soma Holding: ''Bu madenden kim sorumluysa derhal çıkıp hesap vermeli!'',https://www.zaytung.com/haberdetay.asp?newsid=249832,249
"Yeni Türkiye'nin Önünü Kesmek İsteyen Karanlık Odaklar, Bu Sefer de Başbakan'ın Eline Suratını Vurdu",https://www.zaytung.com/haberdetay.asp?newsid=249699,249
Soma Maden Ocağı'na İlişkin Araştırma Önergesini Reddeden Milletvekillerinden Saatlerdir Sağlıklı Haber Alınamıyor. Kayıp Sayısı 200'ün Üzerinde...,https://www.zaytung.com/haberdetay.asp?newsid=249566,249
"Bütçesinin 3 Arkadaş Düğününü Daha Ancak Kaldırabileceğini İlan Eden Burak Tarhan (32), İflasını İstedi",https://www.zaytung.com/haberdetay.asp?newsid=249397,249
Hükümeti Eleştirmek İsteyenlere 50 TL Karşılığında Online Üyelik İmkanı veren ''Çıkar da Gel Partisi'' Siyasi Hayata Merhaba Dedi,https://www.zaytung.com/haberdetay.asp?newsid=249355,249
"Türkiye, Bir Cuma Gecesinde Daha Kayınvalidelere Yemeğe Gitmemek İçin Mesaiye Kalıyor",https://www.zaytung.com/haberdetay.asp?newsid=249120,249
"Çalıştığı Şirkette Yıllardır Hor Görülen Hamit Koçatan (39), Mobbinge Maruz Kaldığını Öğrendiğinden Beri Daha Mutlu",https://www.zaytung.com/haberdetay.asp?newsid=248998,249
Teknoloji Şirketlerinin 'Daha HD Televizyon Üretme Savaşı'nda 2 Senelik Ateşkes İlan Edildi...,https://www.zaytung.com/haberdetay.asp?newsid=248947,249
Vergi Rekortmenleri Listesine Dört Müşterisini Birden Sokan Muhasebeciye Meydan Dayağı...,https://www.zaytung.com/haberdetay.asp?newsid=248886,250
"Türkiye, Matkap Sesi Yüzünden Komşusunu Ağır Şekilde Darp Eden Yusuf Erbulan’a (33) Sahip Çıktı",https://www.zaytung.com/haberdetay.asp?newsid=248762,250
90 Yaralı 142 Gözaltıyla Geçen 1 Mayıs'ta Korkulan Olmadı: Başbakan Erdoğan'ın Egosunun Sağlık Durumu İyi,https://www.zaytung.com/haberdetay.asp?newsid=248715,250
"4. Enternasyonel’e İlişkin Tony Cliff Yorumundaki Farklılaşma Nedeniyle DSİP-ML'den Ayrılan DSİP-ML-K'dan İlk Açıklama: ''Beyler Ahmet ben, tek kaldım lan!''",https://www.zaytung.com/haberdetay.asp?newsid=248613,250
"Bir Bahar Şenliği Öncesinde Daha Konser İçin Yalnızca Yerel Ozanlarla Anlaşabilen Kırıkkale Üniversitesi'nde Öfke: ""Nerde O Teoman? Nerde O MFÖ?""",https://www.zaytung.com/haberdetay.asp?newsid=248553,250
Fenerbahçe Bayraklarıyla Dün Gece Taksim Meydanı'na Giren DİSK Üyeleri 1 Mayıs'a Dek Fark Edilmemeyi Umuyor,https://www.zaytung.com/haberdetay.asp?newsid=248480,250
Gençlik Ve Spor Bakanlığı: ''He şimdi başlasanız 2 aya şekle girersiniz he...'',https://www.zaytung.com/haberdetay.asp?newsid=248287,250
"Ermenilerin Kendilerini Daha Fazla TC Vatandaşı Hissetmeleri İçin Düğmeye Basıldı: Patrikhane, AVM'ye Dönüştürülüyor...",https://www.zaytung.com/haberdetay.asp?newsid=248142,250
23 Nisan Gösterileriyle Birlikte Henüz Ölmemiş Bir Sürü Çocuğu Olduğunu Gören Türkiye'de Moraller Yüksek,https://www.zaytung.com/haberdetay.asp?newsid=248082,250
"TÜİK, 2014 Nisan Verilerini Açıkladı: ''Seviyorsan aç konuş abi'' Gazıyla Yola Çıkanların Yüzde 47'si Konuya Bile Giremedi, Yüzde 38'i Arkadaş Olarak Görüldü...",https://www.zaytung.com/haberdetay.asp?newsid=247977,250
1 Mayıs için Valilik'ten Ara Formül: Taksim Meydanı Yenikapı'ya Taşınacak...,https://www.zaytung.com/haberdetay.asp?newsid=247856,251
6 Ayda 80 Kilo Almayı Başaran Ahmet Hepler (28) Mucize Formülünü Açıkladı,https://www.zaytung.com/haberdetay.asp?newsid=247653,251
"Türkiye'de Ofis Açma Kararından Vazgeçen Twitter, İşlek Yerde Büfe Fikrine Sıcak Bakıyor",https://www.zaytung.com/haberdetay.asp?newsid=247500,251
Game Of Thrones'un Son Bölümü Can Aldı: Ankara'da Spoiler Cinayeti...,https://www.zaytung.com/haberdetay.asp?newsid=247437,251
Antalya'ya İnen Yılın İlk Rus Turist Kafilesiyle Birlikte Türkiye Yeniden ''30'undan sonra çöküyorlar'' Tezine Tutunmaya Çalışıyor,https://www.zaytung.com/haberdetay.asp?newsid=247369,251
Cumhurbaşkanı Gül'ün ''Cumhurbaşkanlığı görevi süresince görülmesi gereken 100 yer'' İsimli Kitabı Temmuz Sonunda Raflarda,https://www.zaytung.com/haberdetay.asp?newsid=247249,251
Gece 00.30 İtibariyle Ortamdan Umudunu Kesen Onur Bilgin (28)'in Telefon Defterindeki Gezintisi Yürek Burkuyor,https://www.zaytung.com/haberdetay.asp?newsid=247225,251
Tarihi Yarımada'nın Silüetini Bozduğu Gerekçesiyle Eminönü'nü Terk Etmesi İstenen Hasan Tornalı’nın Hukuk Mücadelesi Sürüyor,https://www.zaytung.com/haberdetay.asp?newsid=247111,251
"Dışişleri Bakanlığı’ndan İdamlar Konusunda Mısır'a Çağrı: ''Bi 100 tane falan ayırın, önümüzdeki seçimlerde bize lazım olacak...''",https://www.zaytung.com/haberdetay.asp?newsid=247044,251
"""Bu ülkede yaşanmaz artık"" Diyen İlk Kişi Olarak Bilinen Sacit Ladin (82), Edirne'nin Ötesini Göremeden Memleketinde Toprağa Verildi",https://www.zaytung.com/haberdetay.asp?newsid=246932,251
"Haymana Belediye'sini Kazanan Demokrat Parti, Sonuçlara İtiraz Etti...",https://www.zaytung.com/haberdetay.asp?newsid=246620,252
TİB: ''Twitter davasında iç hukuk yolları tükendiği için hakkımızı AİHM'de arayacağız...'',https://www.zaytung.com/haberdetay.asp?newsid=246311,252
Taner Yıldız’ın ‘Kedi’ Açıklamasının Ardından Birleşmiş Milletler 'Türkiye'nin Cezai Ehliyetinin Kaldırılması' Gündemiyle Toplandı,https://www.zaytung.com/haberdetay.asp?newsid=246154,252
"Türkiye, Melih Gökçek'in Seçimi Kaybetmesi Halinde Yapabileceklerinden Korkuyor...",https://www.zaytung.com/haberdetay.asp?newsid=246109,252
İçindeki Sandıklarla Birlikte Ortadan Kaybolan Çankaya Fethi Paşa İlköğretim Okulu Ankara'da Sert Tartışmalara Neden Oluyor,https://www.zaytung.com/haberdetay.asp?newsid=245953,252
"52 Milyon Seçmen, Onca Hengamenin Ardından Belediye Başkanı ve Muhtar Seçecek Olmanın Şokunu Yaşıyor",https://www.zaytung.com/haberdetay.asp?newsid=245585,252
"Yolsuzluk ve Rüşvet İddialarıyla Sarsılan Nijer Hükümeti, Ülkede İnternet Olmaması Nedeniyle Neyi Kapatacağını Bilemiyor",https://www.zaytung.com/haberdetay.asp?newsid=245409,252
Sıranın Facebook'a Gelmesinden Korkan Yüz Binlerce Kullanıcı Başbakan'ın One Minute Videosunu Paylaşıyor...,https://www.zaytung.com/haberdetay.asp?newsid=245355,252
"Her Seçimden Önce Bir Şekilde Deniz Baykal'ın Çıplak Hali Gözünün Önüne Gelen Türkiye, Padişahlığa Dönüşe Sıcak Bakıyor",https://www.zaytung.com/haberdetay.asp?newsid=244948,252
"''Lafa değil, icraata bakarım'' Sloganıyla Seçimlere Hazırlanan Tayyip Erdoğan, Bu Akşam Saatlerinde 2 dakika 24 Saniye Boyunca Sustu",https://www.zaytung.com/haberdetay.asp?newsid=244862,252
"YGS'ye Girmek Üzere Evden Çıkmasının Ardından Newroz Kortejine Kapılan Genç, Son Heyetle Beraber İmralı'ya Gitti",https://www.zaytung.com/haberdetay.asp?newsid=244670,253
"BM, Türkiye'ye Komşu Ülkeleri Uyardı: ''Aklınız varsa bu ara hiç bulaşmayın...''",https://www.zaytung.com/haberdetay.asp?newsid=244632,253
Twitter'ın Engellenmesinin Ardından Turizm Bakanlığı'ndan Yeni Tanıtım Hamlesi: ''Bundan sonra deveye biniyoruz...'',https://www.zaytung.com/haberdetay.asp?newsid=244316,253
Türkiye'deki Yoğun Gündemden Etkilenen Gürcistan'da Hükümet Düşme Tehlikesiyle Karşı Karşıya,https://www.zaytung.com/haberdetay.asp?newsid=243996,253
Bekir Bozdağ: ''İstesek fezleke olayını da yasaklarız aslında...'',https://www.zaytung.com/haberdetay.asp?newsid=243897,253
"AKP Gülgölen Belediye Başkan Adayı Olduğu İddia Edilen Hayrettin Tuğrul, Söylentileri Yalanladı: ''Başbakanımız dururken bana düşmez...''",https://www.zaytung.com/haberdetay.asp?newsid=243676,253
"Başbakan Erdoğan: ''Tamam itidal çağrısı yapayım da hala bizim tape'leri konuşanlar var, onları napıcaz?''",https://www.zaytung.com/haberdetay.asp?newsid=243324,253
"Yabancı Yatırımcıdan Rahatlatan Açıklama: ''Biz zaten paraları çektik. İstediğiniz kadar birbirinizi öldürebilirsiniz, rahat olun...''",https://www.zaytung.com/haberdetay.asp?newsid=243313,253
HDP Tabelasını İndirmekte Geç Kalan Denizli'nin Güzelçayır İlçesi Artık Qexerşin Olarak Anılacak...,https://www.zaytung.com/haberdetay.asp?newsid=242820,253
Cemaat'le Ayrılık Sonrası Radikal Kararlar Alan Başbakan Erdoğan'dan Beklenen Hamle: ''Feysi kapatıcam ben ya...'',https://www.zaytung.com/haberdetay.asp?newsid=242468,253
"İlker Başbuğ’un Tahliye Haberini İyi Bir Şey Olarak Vermesi Gereken Yeni Şafak, Muhabirlerini Eğitim İçin Sözcü'ye Gönderiyor",https://www.zaytung.com/haberdetay.asp?newsid=242285,254
Kıvanç Tatlıtuğ'un Yeniden Ekranda Görünmesiyle Birlikte 35 Milyon Türk Kadını 17 Aralık Öncesi Fabrika Ayarlarına Geri Döndü...,https://www.zaytung.com/haberdetay.asp?newsid=242147,254
"Haramzedeler-Başçalan-Fuat Avni Derken Bir Mesai Gününü Daha Dolduran Dinçer Baynaz(32), Ülkenin Gidişatından Son Derece Memnun",https://www.zaytung.com/haberdetay.asp?newsid=242081,254
Davutoğlu Ukrayna'da: ''Şimdi hangi taraf Sünni?'',https://www.zaytung.com/haberdetay.asp?newsid=241929,254
Son Salıvermelerle Birlikte Bir Darbe Tehditini Daha Atlatan AKP'den Taksim Meydanı'na 'Rıza Sarraf ve Milli İrade' Heykeli,https://www.zaytung.com/haberdetay.asp?newsid=241669,254
"Hükümet, Gitar Efsanesi Paco de Lucia'nun Vefatı Nedeniyle 30 Mart'a Kadar Ulusal Yas İlan Etmeye Hazırlanıyor",https://www.zaytung.com/haberdetay.asp?newsid=241415,254
Yüksek Seçim Kurulu'ndan Türkiye'ye Kötü Haber: ''Seçimde ses kayıtlarından da sorumlusunuz...'',https://www.zaytung.com/haberdetay.asp?newsid=241302,254
"İstanbul'a Yapılacak 3. Köprü, Afyonlular'ı Sevince Boğdu...",https://www.zaytung.com/haberdetay.asp?newsid=240901,254
"Sanayi ve Ticaret Bakanlığı, Henüz ''Anlayamazsınız'' Temalı Reklam Yapmadığı Tespit Edilen 160 Firmayı Teşhir Etti",https://www.zaytung.com/haberdetay.asp?newsid=240689,254
"Orman ve Su İşleri Bakanı Veysel Eroğlu, 1. Toplu Duş Alma Şenliği'nde Konuştu: ''Kuraklık tamamen psikolojik bir olay...''",https://www.zaytung.com/haberdetay.asp?newsid=240622,254
"Genç Yazar Efe Koray Öneyli, Ayrıldığı Sevgilisine Yazıp Yollayamadığı SMS'lerden Oluşan İlk Kitabı ''Sevdiğime Taslaklar''la Edebiyat Dünyasına 'Merhaba' Dedi",https://www.zaytung.com/haberdetay.asp?newsid=240527,255
Üstüste 16 Kez Ürün İade Cezasına Çarptırılan Binezler A.Ş'den Tüketici Hakem Heyeti'ne Veryansın: ''Bu hakemlerle bu mali yıl bitmez!'',https://www.zaytung.com/haberdetay.asp?newsid=240382,255
"Başbakan Erdoğan'dan Normalleşme Çağrısı: ''Hadi biraz doğum kontrol falan konuşalım ya, eski günlerdeki gibi...''",https://www.zaytung.com/haberdetay.asp?newsid=240323,255
Sevgili Olup Olmadıklarını Henüz Kestiremeyen Çiftlerin 14 Şubat'ı Görmezden Gelme Çabalarında Son Saatlere Girildi,https://www.zaytung.com/haberdetay.asp?newsid=239992,255
Erdoğan'dan Medyaya Sert Tepki: ''Söylediğim gibi yazsaydınız basın özgürlüğünde 154. olmazdık...'',https://www.zaytung.com/haberdetay.asp?newsid=239845,255
Açıklanan Yüzde 6’lık Zam Sonrası Şirketten Yürütülecek Ofis Malzemeleri Listesi Tekrar Masaya Yatırıldı,https://www.zaytung.com/haberdetay.asp?newsid=239729,255
"''Yozgat’a 50 Yeni Proje'' Çalışmasında Ancak 4'e Kadar Gelebilen Belediye Başkan Adayı, Kentin Gururu Oldu",https://www.zaytung.com/haberdetay.asp?newsid=239544,255
"Faiz Lobisi Söylemlerinin Ardından Faiz Arttıran Merkez Bankası'nda, Porno Lobisi Gerginliği...",https://www.zaytung.com/haberdetay.asp?newsid=239410,255
"Beybihan Üniversitesi Genç Girişimciler Günleri, Bir Kez Daha Herhangi Bir Girişimde Bulunamayacak Gençleri Bir Araya Getirdi",https://www.zaytung.com/haberdetay.asp?newsid=239142,255
Melih Gökçek 20 Yıl Gibi Kısa Bir Sürede Bir Türlü Fırsat Bulup da Gerçekleştiremediği Projelerini Ankaralılar'a Anlattı,https://www.zaytung.com/haberdetay.asp?newsid=238980,255
"İnternet Kullanıcılarını Bire Bir Markaja Almayı Hedefleyen Hükümet, Çin'den 30 Milyon İşçi Transfer Edecek...",https://www.zaytung.com/haberdetay.asp?newsid=238887,256
"Kimliği Belirsiz Saldırganlar, Koruma Engelini Aşarak Cumhurbaşkanı Gül'e Gündem Hakkında Bilgi Verdi...",https://www.zaytung.com/haberdetay.asp?newsid=238761,256
Genel Kurul'da Soru Önergesi Vermek İsteyen Milletvekili Bacağından Bıçaklandı,https://www.zaytung.com/haberdetay.asp?newsid=238500,256
"Adalet Bakanı Bozdağ, Yargı ve Emniyetteki Yer Değiştirmelere Açıklık Getirdi: ''Ekonomiyi düzeltmek için totem yapıyoruz...''",https://www.zaytung.com/haberdetay.asp?newsid=238292,256
"FED'den Gelecek Tahvil Alımı Açıklamasına Kilitlenen Türkiye'de, FED'in Açılımını Bilen Kişi Sayısı 1.2 Milyonla Tarihi Rekor Kırdı",https://www.zaytung.com/haberdetay.asp?newsid=238236,256
Twitter'da ''Selam söyleyen akraba'' Paniği: Burayı da mı keşfettiler?!,https://www.zaytung.com/haberdetay.asp?newsid=238117,256
"Türkiye, Dolar 3 TL'yi Görmeden Bilal Erdoğan'ın İfade Vermesi İçin Seferber Oldu...",https://www.zaytung.com/haberdetay.asp?newsid=238029,256
Zayıf Karnesi Yüzünden İntihar Eden Cumali Dirican (13) Unutulmaya Yüz Tutmuş Bir Geleneği Canlandırdı,https://www.zaytung.com/haberdetay.asp?newsid=237759,256
"Başbakan Erdoğan, Brüksel'de Dış Mihraklara Paralel Devleti Anlattı...",https://www.zaytung.com/haberdetay.asp?newsid=237613,256
"Sömestr Tatilinde Annesinin Bulduğu Kısmetlerle Uğraşmamak İçin Eşçinsel Olduğunu Söyleyen Ezgi Baramir'e Şok: ''Hatay'da doktor, çok hanım bir kız...''",https://www.zaytung.com/haberdetay.asp?newsid=237555,256
Abdullah Öcalan: ''Lan bir tek ben miyim bu yargı kararlarını tanıyan?'',https://www.zaytung.com/haberdetay.asp?newsid=237419,257
"İçişleri Bakanlığı, Son 24 Saatlik Bilançoyu Açıkladı: 7 Darbe Girişimi, 3 Büyük Tuzak, 2 Çirkin Oyun...",https://www.zaytung.com/haberdetay.asp?newsid=237136,257
"Yeni İnternet Yasasıyla Bir Hayal Daha Gerçek Oluyor... Tek Millet, Tek Bayrak, Tek Web Sitesi: Akparti.org.tr",https://www.zaytung.com/haberdetay.asp?newsid=236864,257
"Magazin Camiası, Faik İle Safiye'nin Bile Gündem Olabildiği O Efsanevi Günleri Arıyor...",https://www.zaytung.com/haberdetay.asp?newsid=236803,257
"Siyaset Dünyası, AKP Bitlis Milletvekili Hüseyin Aydın Özcan’ın Kaset Tanıtımında Bir Araya Geldi...",https://www.zaytung.com/haberdetay.asp?newsid=236662,257
Erdoğan'dan Yeni HSYK Tasarısına Sert Tepki: ''Olm beni de Adalet Bakanı'na bağlamışsınız?!'',https://www.zaytung.com/haberdetay.asp?newsid=236552,257
Grip Nedeniyle 1 Hafta Rapor Alan Onur Gülsur(26)'un Masada Bıraktığı Kupa Ziyaretçi Akınına Uğruyor,https://www.zaytung.com/haberdetay.asp?newsid=236230,257
"Bugüne Dek MİT Tarafından Fişlenmemiş Tek Kişi Olan Erdi Kalaba (32), Hakkındaki Tüm Bilgileri Kamuoyuyla Paylaştı",https://www.zaytung.com/haberdetay.asp?newsid=236012,257
Türkiye'nin Kanayan Yarasına Çare: Üniversite Tanıtım Videoları 4 Saat İçinde İnternetten Silinecek,https://www.zaytung.com/haberdetay.asp?newsid=235883,257
Japonya Başbakanı'ndan 'Büyük Oyun' Özrü: ''Abi Marmaray yüzünden olduysa yıkalım biz onu geri?'',https://www.zaytung.com/haberdetay.asp?newsid=235337,258
"TUBİTAK, Başbakan'ın 25 Kanalda Birden Canlı Yayınlanan Konuşmalarını Senkronize Edebilen Yazılım Geliştirdi",https://www.zaytung.com/haberdetay.asp?newsid=235235,258
3 Ocak İtibariyle Rejimi Bırakıp Sigaraya Geri Dönen Türkiye Üzerindeki Gerginliği Attı,https://www.zaytung.com/haberdetay.asp?newsid=235061,258
"Maliye Bakanlığı, Herhangi Bir Ürün Almaya Gerek Kalmadan ÖTV Ödeme İmkanı Sunan Yeni Sistemi Tanıttı",https://www.zaytung.com/haberdetay.asp?newsid=234966,258
Yeni Zelanda'dan Sonra 2014'e Giren 2. Yerleşim Birimi Olan Çorum Balıyakup Köyü'nde İmama Tepkiler Dinmiyor,https://www.zaytung.com/haberdetay.asp?newsid=234714,258
Yargıda 'Milli İrade' Dönemi: Kim Adliye Önünde Daha Çok Adam Toplarsa O Haklı Olacak...,https://www.zaytung.com/haberdetay.asp?newsid=234550,258
"2.16 TL'ye Yükseldiğini İddia Eden Dolar'a Başbakan'dan Sert Tepki: ''Sandığa gidelim, kaç para olduğuna millet karar versin!''",https://www.zaytung.com/haberdetay.asp?newsid=234142,258
"Askeri Darbeler Dönemini Geride Bırakan Türkiye, İlk Sivil Darbesinin Coşkusunu Yaşıyor",https://www.zaytung.com/haberdetay.asp?newsid=233927,258
"Elindeki Çok Önemli Belgeleri Açıklamaya Hazırlanan Muhalif Gazeteci, Zamanlamanın Manidar Olmaması İçin 14 Senedir Bekliyor",https://www.zaytung.com/haberdetay.asp?newsid=233695,258
Mihail Kalaşnikov'un Ölümüyle Sarsılan Nijerya'da 3 Günlük Ulusal Yas İlan Edildi,https://www.zaytung.com/haberdetay.asp?newsid=233153,258
Başbakan Erdoğan Pakistanlılar'a Seslendi: ''Siz de mi küresel komplonun parçasısınız lan?!'',https://www.zaytung.com/haberdetay.asp?newsid=233139,259
Pasaport Değişikliği İçin Karakola Giden Vatandaşın Pasaport Şube Müdürlüğüne Atandığı Ortaya Çıktı,https://www.zaytung.com/haberdetay.asp?newsid=232593,259
AKP Milletvekili Tekin Ali Şan Şansını Deniyor: ''Müslüman bir ülkede yılbaşının kutlanması çok saçma değil mi yaa?'',https://www.zaytung.com/haberdetay.asp?newsid=232454,259
"Dışişleri Bakanlığı, Yolsuzluk İddiasının Ardından İstifa Eden Vali Nedeniyle Japonya'ya Nota Verdi: ''İnadına mı yapıyorsunuz?''",https://www.zaytung.com/haberdetay.asp?newsid=232204,259
"Hırsızlık İçin Girdiği Evde Suçüstü Yakalanan K.U(19), Operasyonun Zamanlamasına Dikkat Çekti",https://www.zaytung.com/haberdetay.asp?newsid=231568,259
85 Yıl Sonra Türkiye'ye Gelen İlk Meksika Cumhurbaşkanı: ''Çok eğlenceliymiş ya bura...'',https://www.zaytung.com/haberdetay.asp?newsid=231408,259
Victoria's Secret Yılbaşı Alışverişi Öncesi Uyardı: ''Eşinizde öyle durmayacak...'',https://www.zaytung.com/haberdetay.asp?newsid=230907,259
"Ankara Milletvekili Ali İlyas Sayanlar'dan Mecliste Küfüre Sert Tepki: ''Arkadaşlar, bi sakin olun da oylamayı bitirip s... olup gidelim şu a… k... yerinden ya!''",https://www.zaytung.com/haberdetay.asp?newsid=230858,259
"2013'ü Henüz Ölmeden Atlatabilen Son 8 Ünlü, UNESCO Tarafından Koruma Altına Alındı",https://www.zaytung.com/haberdetay.asp?newsid=230618,259
"İBB, Önümüzdeki Günlerde Kar Yüzünden Trafiğin Felç Olacağı Noktaları Referandumla Belirleyecek",https://www.zaytung.com/haberdetay.asp?newsid=230510,259
"Dobrovski Olayını Gündeme Taşıyan AKP’li Başkan Adayı’na Bülent Arınç da Sahip Çıktı: ''Drobski her ne ise onun hesabı sorulacak, evet...''",https://www.zaytung.com/haberdetay.asp?newsid=230327,260
"Düğününün Üzerinden 3 Sene Geçen Melis Saral Dülgerli (30), Gelinlikli 782. Fotoğrafını da Sevenlerinin Beğenisine Sundu",https://www.zaytung.com/haberdetay.asp?newsid=230254,260
"Redhack, Redhack Davasından Gözaltına Alınacak Sıradaki 20.000 Kişinin Listesini Ele Geçirdi",https://www.zaytung.com/haberdetay.asp?newsid=230168,260
"Finlandiya'da Güzel ve Güneşli Havalar, Yaşamı Olumsuz Yönde Etkilemeye Devam Ediyor",https://www.zaytung.com/haberdetay.asp?newsid=230140,260
"Türkiye, Cemaat - AKP Geriliminden Sıkılmaya Başladı: ''Gizli belgeler aşamasına gelsek ya artık?''",https://www.zaytung.com/haberdetay.asp?newsid=230032,260
Açık İlişki Vaadiyle Kandırılan Bir Genç Daha Nişan Batağına Çekildi...,https://www.zaytung.com/haberdetay.asp?newsid=229885,260
"5. Kez Başkan Adaylığı Kesinleşen Melih Gökçek, 20 Yılın Ardından Hatırlayabildiği Kadarıyla Karayalçın Dönemiyle Mücadeleyi Sürdüreceğini Açıkladı",https://www.zaytung.com/haberdetay.asp?newsid=229672,260
Erdoğan'dan Yeni Düzenleme Sinyali: Reşit Olma Yaşı 35'e Yükseltiliyor...,https://www.zaytung.com/haberdetay.asp?newsid=229669,260
AK Parti – Cemaat Geriliminde Yeni Kriz: Hayvan Belgesellerine de Sınırlama Getiriliyor...,https://www.zaytung.com/haberdetay.asp?newsid=229606,260
"Genelkurmay Başkanlığı, 1 Haftadır Kral TV'deki Hiçbir Alt Yazıda İsmi Geçmeyen 29. Mekanize Sınır Tugayı İçin Arama Kurtarma Çalışması Başlattı",https://www.zaytung.com/haberdetay.asp?newsid=229384,260
Cumhuriyetin İlk Yıllarından Örnekler Bulma Komisyonu Ellerinde Ancak 3 Polemiklik Stok Kaldığını Açıkladı,https://www.zaytung.com/haberdetay.asp?newsid=229120,261
Marmaray'daki Su Sızıntısı Sebebiyle Bölgeye İntikal Eden İlk Tesisatçı Ekibinden Kötü Haber: ''Tesisatın komple değişmesi lazım...'',https://www.zaytung.com/haberdetay.asp?newsid=229098,261
"Diyarbakır Ziyaretinde Aniden Demokratikleşen Başbakan Erdoğan, Doktor Gözetimine Alındı",https://www.zaytung.com/haberdetay.asp?newsid=229002,261
"""Son görülme bugün 02:47"" Mağdurları WhatsApp Genel Müdürlüğü Önüne Siyah Çelenk Bırakarak Basın Açıklaması Yaptı",https://www.zaytung.com/haberdetay.asp?newsid=228713,261
Irak İçişleri Bakanı Halkı Uyardı: ''Dört iç çatışmalık nüfusumuz kaldı...'',https://www.zaytung.com/haberdetay.asp?newsid=228603,261
Başbakan Erdoğan'ın ''Yedirilmeyecek Devlet Adamları'' Listesinde Son Sırada Bulunan Yozgat Valisi'ne Vatandaşlar Sahip Çıktı,https://www.zaytung.com/haberdetay.asp?newsid=228518,261
"Cuma Gecesi Dışarı Çıkan Bir Arkadaş Grubu Daha, Check-in'lerini Tamamlayarak ''Allahım çok eğleniyoruz'' Paylaşımları Safhasına Geçti",https://www.zaytung.com/haberdetay.asp?newsid=228200,261
"Finlandiya, Başbakan Erdoğan Konusunda İsveç'i Uyardı: ''Sizi dinliyor gibi gözüküyor ama aklı hep dönüşte yapacağı konuşmada…''",https://www.zaytung.com/haberdetay.asp?newsid=228031,261
"Öğrenci Evleri Açıklaması Dahil Tüm AKP Beyanlarının Arkasında Durmayı Başaran Gazeteci, Yaratıcı Yazarlık Dersleri Vermeye Başladı",https://www.zaytung.com/haberdetay.asp?newsid=227941,261
''Kızlı Erkekli Öğrenci Evleri'' Uyarısının Ardından Başbakan Erdoğan'dan Yeni Duyuru: ''Tüm ülkenin çevresini mantolamak için aidat toplanacak...'',https://www.zaytung.com/haberdetay.asp?newsid=227750,261
İstanbul'un Yeni Yürüyüş ve Miting Alanı Marmaray'da Deneme Süreci Sorunsuz İlerliyor,https://www.zaytung.com/haberdetay.asp?newsid=227562,262
Kadın Milletvekili Sayısında Dünya 88.'si Olan Türkiye'de Türban Özgürlüğü Coşkusu Tüm Hızıyla Sürüyor,https://www.zaytung.com/haberdetay.asp?newsid=227380,262
Dostça ve İyi Niyet Dilekleriyle Ayrılınan Eski Sevgilinin Profilinde ''Arkadaşı Ekle'' Şoku...,https://www.zaytung.com/haberdetay.asp?newsid=227222,262
Marmaray Açılışındaki Sempatik Hareketleriyle Bir Anda Türkiye'nin Sevgilisi Olan Somali Cumhurbaşkanı'na Teklif Yağıyor,https://www.zaytung.com/haberdetay.asp?newsid=227146,262
Nijer Devlet Başkanı'ndan ABD'ye Sert Mesaj: ''Demek cep telefonum olsa beni de dinleyeceksiniz...'',https://www.zaytung.com/haberdetay.asp?newsid=227001,262
Haber Sitelerinde Cinsel İktidarsızlık Temalı Fotoğraflarda Teşhir Edilenler Dernekleşiyor...,https://www.zaytung.com/haberdetay.asp?newsid=226778,262
"Memleketten Gönderilen Kelle, Buzdolabındaki 3. Gününü de Geride Bıraktı. Gerginlik Sürüyor...",https://www.zaytung.com/haberdetay.asp?newsid=226626,262
"Ortadoğu'da Kazandığı Zaferlere Yenilerini Eklemek İsteyen Türkiye, Lübnan'a Uçuş Sayısını Artırmaya Hazırlanıyor",https://www.zaytung.com/haberdetay.asp?newsid=226538,262
STV’nin Yeni Gençlik Dizisi ''Mübarek 7’li'' Beklenen İlgiyi Görmedi,https://www.zaytung.com/haberdetay.asp?newsid=226362,262
Sınırda Bayram Coşkusu: El-Kaide Militanları Suriye'deki Yakınlarıyla Hasret Giderdi...,https://www.zaytung.com/haberdetay.asp?newsid=226157,262
'Kurban bayramınızı en içten dileklerimle kutlarım. ercan balazan' SMS'indeki Ercan Balazan'ın Kim Olduğu 9. Yılında da Gizemini Koruyor,https://www.zaytung.com/haberdetay.asp?newsid=226156,263
Türk Hekimleri Kansere Yine Çare Buldu...,https://www.zaytung.com/haberdetay.asp?newsid=225945,263
İstanbul Emniyeti'nden Doğumevlerine Şok Baskın: Önümüzdeki Yıllarda Olaylara Karışması Muhtemel 17 Bebek Gözaltına Alındı,https://www.zaytung.com/haberdetay.asp?newsid=225940,263
"Hüseyin Çelik, 2013 Sonbahar - Kış Kabul Edilebilir Giysiler Kreasyonunu Görkemli Bir Defileyle Tanıttı",https://www.zaytung.com/haberdetay.asp?newsid=225812,263
Müslüman Kardeşler: ''Trabzonspor Başkanı'na çok geçmiş olsun diyoruz... Ha bu arada bizim Rabia işi noldu ya?'',https://www.zaytung.com/haberdetay.asp?newsid=225702,263
"Rusya Dışişleri Bakanı Sergey Lavrov, Türkiye'ye Meydan Okudu: ''Eşşek gibi yakacaksınız o kombiyi!''",https://www.zaytung.com/haberdetay.asp?newsid=225558,263
Geleneksel ''Üniversite Okumak İçin Gidilen Şehre Bok Atma Şenlikleri'' Başladı,https://www.zaytung.com/haberdetay.asp?newsid=225470,263
800.000 Memurun Zorunlu İzne Çıkarıldığı ABD'de Candy Crush Ltd.Şti. İflasını Açıkladı,https://www.zaytung.com/haberdetay.asp?newsid=225348,263
"Demokratikleşme Paketiyle Biraz Daha Özgürleşen Türkiye, Başbakan'a Soru Sorabilen İlk Gazeteciyi 2023'e Yetiştirmeyi Planlıyor",https://www.zaytung.com/haberdetay.asp?newsid=225267,263
Çalışanlar Arasında Tüm İkili İlişki Kombinasyonların Tükendiği Firmada En Başa Dönüldü,https://www.zaytung.com/haberdetay.asp?newsid=225059,263
"35 Yaş, Aylık 5.000 TL Gelir ve Evdeki 2 Kediye Rağmen Henüz Sonbahar Depresyonuna Giremeyen Ceren Güntar'a Tepkiler Büyüyor",https://www.zaytung.com/haberdetay.asp?newsid=224775,264
"Facebook’taki Fotoğrafları Bugüne Dek En Fazla 3 Like Alabilen Minik Efe, Ailesi İçin Utanç Kaynağı Olmaya Devam Ediyor...",https://www.zaytung.com/haberdetay.asp?newsid=224729,264
Sosyal Medyayı Etkin Kullanmak İsteyen Bir Ünlü Daha ''@greywolf222 sensin gerizekalı!!'' Noktasına Vardı...,https://www.zaytung.com/haberdetay.asp?newsid=224424,264
"Yazın Görkemli Bir Düğünle Dünya Evine Giren Genç Çift, Eylül Ayı İtibariyle 6 Yerli Diziyi Çekirdek Çitleyerek Takip Ediyor...",https://www.zaytung.com/haberdetay.asp?newsid=224340,264
Öğrenci İşleri Daire Başkanlığı: ''O konuya biz bakmıyoruz...'',https://www.zaytung.com/haberdetay.asp?newsid=224263,264
15 Sene Sonra Ucuz İş Gücü Olarak Kullanmak Üzere 17 Milyon Öğrenci Doğaya Salındı,https://www.zaytung.com/haberdetay.asp?newsid=224057,264
Suriye Konusunda Türkiye'nin Hiçbir Zaman Savaş Çağrısı Yapmadığını Belirten Ahmet Davutoğlu: ''Oha! Hala beni dinleyen var mı ya?'',https://www.zaytung.com/haberdetay.asp?newsid=223850,264
"Son Olarak Olimpiyatlar İçin İkiye Bölünen Türkiye, Gözünü ''iPhone 5s mi Galaxy S4 mü'' Tartışmasına Çevirdi",https://www.zaytung.com/haberdetay.asp?newsid=223709,264
Hatay'da Hayatını Kaybedecek Bir Sonraki Eylemci Olan Nedim Sarıer(21)'in Adli Tıp Raporu Açıklandı: Ölüm nedeni güneş çarpması...,https://www.zaytung.com/haberdetay.asp?newsid=223622,264
"Yeraltı Zenginliği Olmadığı İçin Henüz ABD İşgaline Uğramayan Tongo, G-20 Zirvesinden de Umduğunu Bulamadı",https://www.zaytung.com/haberdetay.asp?newsid=223222,264
"353. Kısa Dönem Çavuş Ali Mincan, En Azından Kendisi Tezkereyi Alana Kadar Suriye'de Siyasi Çözümün Zorlanması Gerektiğine İnanıyor...",https://www.zaytung.com/haberdetay.asp?newsid=223103,265
Şirket İçi Motivasyon Eğitiminde Gerçekten Motive Olan Cem Üstünkor'la İlgili Tartışmalar Sürüyor: Terfi Peşinde mi Yoksa Bildiğin Gerizekalı mı?,https://www.zaytung.com/haberdetay.asp?newsid=222924,265
"Ekonomi Bakanlığı'ndan Piyasaları Rahatlatan Açıklama: ''Gerekli önlemler alındı, kriz çıktığında kimleri suçlayacağımızı biliyoruz...''",https://www.zaytung.com/haberdetay.asp?newsid=222878,265
30 Ağustos Ortadoğu'yla Komşu Olmaktan Kurtuluş Bayramı Yunanistan'da Coşkuyla Kutlandı...,https://www.zaytung.com/haberdetay.asp?newsid=222701,265
"Hastalık Söylentilerinin Üzerine Bir de Belgeseli Çekilen Başbakan Erdoğan, Moralini Yüksek Tutmaya Çalışıyor...",https://www.zaytung.com/haberdetay.asp?newsid=222625,265
"Türkiye'nin Batılı Anlamda İlk Yaz Aşkını Yaşayan Necmi Önzer (74), 4 Çocuk ve 7 Torunun Ardından İsyan Etti: ""Hani kısa sürüyodu lan yaz aşkı?""",https://www.zaytung.com/haberdetay.asp?newsid=222394,265
"Mısır'ın Ardından Suriye Krizinde de Ağırlığını Koymak İsteyen Türkiye, Yeni Profil Resmi İçin Gün Sayıyor",https://www.zaytung.com/haberdetay.asp?newsid=222316,265
Neo Osmanlıcılık Politikasından Beklediği Verimi Alamayan Dışişleri Bakanlığı Hedef Küçülttü: Neo Kayı Boyuculuk,https://www.zaytung.com/haberdetay.asp?newsid=222075,265
Mısır Hükümeti ve Müslüman Kardeşler'den Türkiye'ye Ortak Tepki: ''Abi bizden bahseder gibi yapıp devamlı kendinizi konuşuyorsunuz siz?'',https://www.zaytung.com/haberdetay.asp?newsid=221730,265
Aile İçi Şiddete Savaş Açan Bakanlık'tan Yeni Proje: “Karımı döv – Karını döveyim”,https://www.zaytung.com/haberdetay.asp?newsid=221552,265
"Mısır, Suriye, Tunus ve Lübnan'da Kimi Destekleyip Kimi Lanetleyeceğimizi Karıştıran Vatandaşlar İçin Hazırlanan Broşürler Basına Tanıtıldı",https://www.zaytung.com/haberdetay.asp?newsid=221500,266
"Dizi Sektörüne Atılacak Olan İstanbul Emniyeti, Eksik Oyuncular İçin 2 Uyuşturucu Operasyonu Daha Yapmaya Hazırlanıyor",https://www.zaytung.com/haberdetay.asp?newsid=221383,266
"Bodrum Belediyesi, 4 Günlük Tatilde Facebook'a Yüklenen 600 Bin Fotoğrafla İlçenin 3 Boyutlu Haritasını Çıkardı",https://www.zaytung.com/haberdetay.asp?newsid=221374,266
Lübnan'da Kaçırılan 2 THY Pilotu İçin Dışişleri'nden Dünyaya Yardım Çağrısı: ''Lübnan hangisiydi ya?'',https://www.zaytung.com/haberdetay.asp?newsid=221267,266
Bayram Harçlığı Vermemekte Direnen Binlerce Vatandaş Anti Kapitalist Müslümanlar Safına Katılmaya Devam Ediyor,https://www.zaytung.com/haberdetay.asp?newsid=220954,266
Uyuşturucu Operasyonunda Gözaltına Alabildiği En Ünlü İsim “Kavak Yelleri’ndeki Şu Şişman Çocuk” Olan İzmir Emniyeti’nde Moraller Bozuk,https://www.zaytung.com/haberdetay.asp?newsid=220925,266
"Mehmet Ağar, Ergenekon Davası Sayesinde Derin Devlete Vurulan Darbeyi Dostlarıyla Birlikte Kutladı",https://www.zaytung.com/haberdetay.asp?newsid=220872,266
El-Kaide Militanı Kılığında 2 Aydır Türkiye'de Bedava Tatil Yapan Turist Şebekesi Çökertildi,https://www.zaytung.com/haberdetay.asp?newsid=220745,266
"Emniyet'ten Berkin Elvan'ın Ailesini Rahatlatan Açıklama: ""Biz de Berkin'i vuran polisin peşindeyiz, gelip primini almadı henüz""",https://www.zaytung.com/haberdetay.asp?newsid=220422,266
Sonbahardaki Eylemler İçin Hazırlıklarını Antalya'da Sürdüren Gezi Direnişçilerinin İlk Rakibi Alman Panzerleri,https://www.zaytung.com/haberdetay.asp?newsid=220279,266
Protesto Gösterileri Nedeniyle Zor Günler Geçiren Tunus Hükümeti'ne Bir Darbe de Türk Dışişleri'nden Geldi: ''Tunus Hükümeti'nin yanındayız...'',https://www.zaytung.com/haberdetay.asp?newsid=220170,267
Üniversite Sınavındaki 3. Senesinde Eğirdir Dağ Komando Okulu’nu Kazandığını Öğrenen Alper Enverli’de (20) Buruk Sevinç,https://www.zaytung.com/haberdetay.asp?newsid=220014,267
"Kültür ve Turizm Bakanlığı, Henüz Herhangi Bir Şeyi ile Meşhur Olamayan Bilecik'e 1 Ay Süre Verdi",https://www.zaytung.com/haberdetay.asp?newsid=219801,267
Bodrum'da 7 Farklı Beach'te Ele Geçirilen sahte Eda Taşpınar'ların Kenya'ya İade İşlemleri Başlatıldı,https://www.zaytung.com/haberdetay.asp?newsid=219759,267
Ülkedeki Gerginliğin Bir Türlü İstenen Seviyeye Ulaşmamasının Ardından Kabinede Değişiklik Sinyalleri: Ahmet Davutoğlu İçişleri Bakanı mı Oluyor?,https://www.zaytung.com/haberdetay.asp?newsid=219664,267
Tatile Gittiği İngiltere'de İngiliz Şezlongcu Edward Stinson İle Aşk Yaşayan Sevgi Özgül (21) Türkiye'yi Yasa Boğdu,https://www.zaytung.com/haberdetay.asp?newsid=219542,267
"Açıklamaları Eskisi Kadar Gündemi Meşgul Etmeyen Başbakan Erdoğan, Kamuoyunu Sert Bir Dille Uyardı: ''Şşşt arka sıra! Kime diyorum evladım ben?!''",https://www.zaytung.com/haberdetay.asp?newsid=219428,267
"Emniyet Genel Müdürlüğü'nden Mobeseler İle İlgili Yapılan Eleştirilere Yanıt Geldi: ""Biz onları zaten komik kaza çeksin diye koyduk...""",https://www.zaytung.com/haberdetay.asp?newsid=219184,267
"Beyoğlu Esnafının Uğradığı Maddi Zararı Tespit Amacıyla Bölgeye Giden Maliye Müfettişleri, Esnafın Sert Direnişiyle Karşılaştı",https://www.zaytung.com/haberdetay.asp?newsid=219034,267
"TBMM'den Geceyarısı Geçirilen Torba Yasayla, CHP, MHP ve BDP'nin de AKP’ye Devredildiği Ortaya Çıktı",https://www.zaytung.com/haberdetay.asp?newsid=218665,267
"Mısır ve Türkiye'den Ümidi Kesen ABD, Ortadoğu'da Kendi Model Ülkesini Kurmak İçin Uygun Arsa Bakıyor...",https://www.zaytung.com/haberdetay.asp?newsid=218066,268
Gezi Parkı Olayları Nedeniyle Hükümet Tarafından Suçlanmayan Tek Ülke Olan Myanmar'da Halkın Öfkesi Sokaklara Taştı,https://www.zaytung.com/haberdetay.asp?newsid=217691,268
Müşterilerinin Vicdan Azabı Çekmesini Önlemek İçin Direniş Animasyonu Düzenleyen Alanya Sunfex Resort Hotel'de Sular Durulmuyor,https://www.zaytung.com/haberdetay.asp?newsid=217675,268
"Rusya, Suriye, İran ve Irak'ın Ardından AB'yle de Arası Bozulan Türkiye'den Gürcistan'a Tarihi Çağrı: ''Haftasonu napıyosunuz abi?’’",https://www.zaytung.com/haberdetay.asp?newsid=217307,268
"Türkiye, Yediği Yemeğin Fotoğrafını Facebook'ta Paylaşacak O Cesur Yüreği Bekliyor...",https://www.zaytung.com/haberdetay.asp?newsid=217299,268
"Çevik Kuvvet'ten Hükümete Sitem: ''Madem adam öldürebiliyorduk, niye baştan söylemediniz?""",https://www.zaytung.com/haberdetay.asp?newsid=216949,268
"Brezilya Hükümeti, Türkiye'den Yardım Çağrısında Bulundu: ''Ne lobisiydi ya o?''",https://www.zaytung.com/haberdetay.asp?newsid=216780,268
"Sosyal Medyanın Ateşini Düşürmek Üzere Harekete Geçen Merkez Bankası, Piyasaya Çok Sayıda Sevimli Kedi Videosu Sürdü",https://www.zaytung.com/haberdetay.asp?newsid=216461,268
"Türk Emniyet Teşkilatına Bir Destek de Nijer Polisi'nden: 27 Ölü, 6826 Yaralı",https://www.zaytung.com/haberdetay.asp?newsid=215826,268
"Gezi Parkı Olaylarının Arkasındaki Güçleri Ortaya Çıkarmaya Çalışan Melih Gökçek, Yanlışlıkla Kennedy Suikasti’nin Faillerini Buldu",https://www.zaytung.com/haberdetay.asp?newsid=215364,268
"Gezi Parkı Gösterilerinde Hayatını Kaybeden 3 Kişinin Ailesinden Ortak Basın Açıklaması: ""Evet, biz de kaç gündür kırılan seramikleri düşünerek uyuyamıyoruz...""",https://www.zaytung.com/haberdetay.asp?newsid=214727,269
Başbakan Erdoğan: ‘’Eylemlerden gerekli mesajı aldık. Gezi Parkı’nın yerine dünyanın en büyük umumi WC’sini yapacağız…’’,https://www.zaytung.com/haberdetay.asp?newsid=214698,269
"NASA, Mars'ta Dış Mihrak İzi Bulduğunu Açıkladı",https://www.zaytung.com/haberdetay.asp?newsid=214239,269
Şehrin Ortasındaki Tek Parkı Yıkıp AVM Yapmak İsterken Dış Mihraklar Tarafından Engellenen Başbakan Erdoğan'ı Halk Bağrına Bastı,https://www.zaytung.com/haberdetay.asp?newsid=213768,269
"Suriyeli Mültecilerden, Günlerdir Kendilerini Evlerinde Gibi Hissettiren Başbakan Erdoğan’a Teşekkür Mesajı",https://www.zaytung.com/haberdetay.asp?newsid=213164,269
"Başbakan'ın Gidişiyle Gezi Parkı Olaylarını Yansıtmaya Başlayan Medya Kuruluşlarından Halka Çağrı: ''Nolur aramızda kalsın, söz mü?''",https://www.zaytung.com/haberdetay.asp?newsid=212781,269
"Gezi Parkı Olaylarının Nedenini Başbakan'a Bir Türlü Anlatamayan Hükümet, Rotayı Yabancı Hocaya Çevirdi...",https://www.zaytung.com/haberdetay.asp?newsid=212398,269
"'3.köprü cinayettir'' Diyen Büyükşehir Belediye Başkanı Tayyip Erdoğan'a, Başbakan Tayyip Erdoğan'dan Sert Yanıt: ""Senin İstanbul'a ne hayrın dokunmuş?""",https://www.zaytung.com/haberdetay.asp?newsid=211973,269
Muhteşem Yüzyıl'a Dönmemekte Direnen Meryem Uzerli: ''Haftada 120 dakika sakal öpmek ne demek biliyor musunuz?'',https://www.zaytung.com/haberdetay.asp?newsid=211838,269
"''Esed yakında gidecek'' Açıklamasının 2. Yıldönümü, Dışişleri Bakanlığı'nda Düzenlenen Buruk Bir Törenle Kutlandı",https://www.zaytung.com/haberdetay.asp?newsid=211785,269
"Bir Mezunlar Buluşması Daha, Kimsenin Bir Baltaya Sap Olamadığının Anlaşılması İle Mutlu Bir Şekilde Sonlandı",https://www.zaytung.com/haberdetay.asp?newsid=211437,270
"Alkol Yasağı Uygulaması İçin Örnek Gösterebileceği Batılı Ülke Bulamayan Hükümet, Nazi Almanyası Dönemini Mercek Altına Aldı",https://www.zaytung.com/haberdetay.asp?newsid=211374,270
"Erken Rezervasyonla Alanya'daki 5 Yıldızlı Otele Ulaşan İlk Kafile, Otelin Kaba İnşaatını Bitirmek Üzere",https://www.zaytung.com/haberdetay.asp?newsid=211275,270
Hala Türk Futboluna İlgi Duyan Aklı Başında Son Taraftarın da Hayatını Kaybetmesinin Ardından Ortam Tamamen Geri Zekalılara Kaldı,https://www.zaytung.com/haberdetay.asp?newsid=211229,270
"Başbakan Erdoğan, Geçtiğimiz Haftasonu Tüm Türkiye’yi Yasa Boğan Gelişmeyle İlgili Olarak Obama’yla Görüştü: ''Evet, muz olayı onu da rahatsız etmiş...''",https://www.zaytung.com/haberdetay.asp?newsid=210924,270
"İçişleri Bakanlığı, Modernize Edilen Sinek İlaçlama Araçlarıyla Biber Gazı Hizmetini Vatandaşın Ayağına Getiriyor...",https://www.zaytung.com/haberdetay.asp?newsid=210920,270
İçişleri Bakanlığı’ndan Rahatlatan Açıklama: ''Halen 75 Milyon 626 Bin 147 vatandaşımız hayatta...'',https://www.zaytung.com/haberdetay.asp?newsid=210783,270
Reyhanlı Patlamasıyla İlgili Yayın Yasağına Basın Camiasından Ortak Tepki: ''Niye? Nooldu ki Reyhanlı'da?!'',https://www.zaytung.com/haberdetay.asp?newsid=210716,270
Yeni Düzenleme ile Milletvekilleri Max Çubuğunda Bedava Yazmasa Bile Bedava Dondurma Yiyebilecek,https://www.zaytung.com/haberdetay.asp?newsid=210338,270
1-7 Mayıs ''Eski sevgiliyi yoklama amaçlı yollanan SMS'ler'' İstatistiği Açıklandı: Geri Dönüş Oranı %4,https://www.zaytung.com/haberdetay.asp?newsid=210316,270
İstanbul İçin Yeni Miting Alanı Arayışında Mutlu Son: Konya Ovası...,https://www.zaytung.com/haberdetay.asp?newsid=210194,271
"1 Mayıs'ı, 3'ü Ağır 22 Yaralıyla Atlatan İstanbul Valiliği, Kimsenin Taksim'de Çukura Düşmemiş Olmasının Haklı Gururunu Yaşıyor",https://www.zaytung.com/haberdetay.asp?newsid=209883,271
İstanbul Emniyeti'nden Tarihi 1 Mayıs Önlemi: Haliç'e Zincir Çekildi!,https://www.zaytung.com/haberdetay.asp?newsid=209823,271
1 Mayıs’ta Bütün İşçileri Taksim Meydanı'na Davet Eden Büyükşehir Belediyesi: ‘Bi el atsanız 2 ayda bitiririz aslında bu inşaatı...’,https://www.zaytung.com/haberdetay.asp?newsid=209780,271
Uzun Süren Sessizliğini 'Ayran' Çıkışıyla Bozan Başbakan Erdoğan'dan Sevenlerine Müjde: ''Yaza bomba gibi bir gündemle geliyorum!'',https://www.zaytung.com/haberdetay.asp?newsid=209723,271
Yılın İlk ''Ofis İçi Klima Kavgası''na Yine Menopozlular Damga Vurdu,https://www.zaytung.com/haberdetay.asp?newsid=209460,271
"Geri Dönüş Trafiğine Yakalanan Binlerce PKK'lı, Kırsal Alanda Mahsur Kaldı",https://www.zaytung.com/haberdetay.asp?newsid=209336,271
Meclis '23 Nisan İçin Ülkemize Gelip Bir Daha Geri Dönemeyen Çocuklar' Araştırma Komisyonu İlk Raporunu Yayınladı,https://www.zaytung.com/haberdetay.asp?newsid=209252,271
1 Ay İçinde 3. Kez Türkiye'ye Gelen ABD Dışişleri Bakanı Kerry: ''Webo'yla tek forvet niye çıkıyosun sen? Sow niye kulübede?'',https://www.zaytung.com/haberdetay.asp?newsid=209185,271
'‘Ben Burdan Atlarım’'la Büyük Beğeni Toplayan Show TV'den Yepyeni Bir Yarışma Daha: ''En Uzağa Ben İşerim!’',https://www.zaytung.com/haberdetay.asp?newsid=208945,271
Ilımlı Nazilik Söylemiyle Dikkatleri Üzerine Çeken Alman Milliyetçi Partisi Lideri ‘Münakaşam’ İsimli Kitabını Halka Tanıttı,https://www.zaytung.com/haberdetay.asp?newsid=208876,272
Barış Süreci Özelleştirme İhalesine Firmalardan Yoğun İlgi,https://www.zaytung.com/haberdetay.asp?newsid=208754,272
"Tam Bir Kova Burcu Kadını ile Tam Bir Akrep Burcu Erkeğinin İlişkisi, Tam Birer Gerizekalı Olduklarını Anlamalarıyla Sona Erdi",https://www.zaytung.com/haberdetay.asp?newsid=208525,272
"Her Bölüm En Az Yarım Düzine Telefonun Ya Denize Ya Duvara Fırlatıldığı Yerli Dizi, Yüksek Maliyetler Nedeniyle Ekrana Veda Ediyor",https://www.zaytung.com/haberdetay.asp?newsid=208450,272
Akil Adamlar Komisyonu'nun İlk Toplantısında ''Nerede yanlış yaptık? Neden bu işten yırtamadık'' Soruları Masaya Yatırıldı,https://www.zaytung.com/haberdetay.asp?newsid=208241,272
9 Senedir ''Üniversiteler bizimdir!'' Sloganıyla Eylemlere Katılan Gence Mezuniyet Şoku,https://www.zaytung.com/haberdetay.asp?newsid=208076,272
"Polis Haftası Etkinlikleri Kapsamında Bu Yıl da Ellerini Bırakarak Bisiklet Kullanma Şovu Yapan Bisikletli Polisler: ""Çoluğumuzun çocuğumuzun yüzüne bakamıyoruz...""",https://www.zaytung.com/haberdetay.asp?newsid=207979,272
"YGS Sonuçlarının Açıklanmasının Ardından Kütahya, Erzurum ve Konya'nın Aslında O Kadar da Kötü Şehirler Olmadığı Fikri Hızla Yayılıyor",https://www.zaytung.com/haberdetay.asp?newsid=207763,272
"Yıllardır Her Youtube Videosunun Altına ''Türk-Kürt kardeştir, ayrım yapan kalleştir!!'' Yazan Yusuf Adayan (28), Akil Adamlar Komisyonu'na Seçilmenin Şaşkınlığını Yaşıyor",https://www.zaytung.com/haberdetay.asp?newsid=207665,272
"Türkiye, Fiber Optik Kablo Döşenmesi Esnasında Ferhat Göçer'in Başına Ne Gelmiş Olabileceğini Öğrenmek İçin Seferber Oldu",https://www.zaytung.com/haberdetay.asp?newsid=207413,272
"Kitap Dostlarının Uğrak Yeri, Beyoğlu'nun Tarihi Maviş Sahaf’ı, Artık Sadece KPSS Kitabı Sattığını Bir Türlü Anlatamıyor",https://www.zaytung.com/haberdetay.asp?newsid=207277,273
"İsrail'in Özür Dilemesiyle Önemli Bir Başarıya Daha İmza Atan Dışişleri Bakanlığı, Gazze'ye Gemi Seferlerini Düzenli Hale Getirmeye Hazırlanıyor",https://www.zaytung.com/haberdetay.asp?newsid=207160,273
Amsterdam Belediyesi'nin ''Halk Esrar'' Uygulamasına Vatandaşlardan Yoğun İlgi...,https://www.zaytung.com/haberdetay.asp?newsid=206924,273
"Sınır Ötesine Çekilme Çağrısının Ardından Soluğu Maldivler'de Alan PKK Üst Yönetimine, Öcalan'dan Sert Çıkış: ''Lan ben oraya mı dedim?!''",https://www.zaytung.com/haberdetay.asp?newsid=206869,273
Kariyer.net'in Geleneksel ''İş Bulamayıp Askerlik Kararı Aldıranlar Veda Gecesi''nde Yine Gurur ve Hüzün Bir Aradaydı...,https://www.zaytung.com/haberdetay.asp?newsid=206795,273
"Panama, Survivor İçin Ülkeye Gelen En Ünlü İsmin Ümit Karan Olmasını Hazmedemiyor",https://www.zaytung.com/haberdetay.asp?newsid=206735,273
"Eğitim Ortalaması Orta-1 Seviyesinde Olan Türkiye, Başkanlık Sisteminin Kuvvetler Ayrılığı Açısından İyi mi Kötü mü Olacağına Karar Vermeye Çalışacak",https://www.zaytung.com/haberdetay.asp?newsid=206635,273
"Son Mahalli Ozanı Aşık Hoyrani'yi Geçtiğimiz Hafta Toprağa Veren Sivas Beldibek Köyü Sakinleri, Doya Doya Serdar Ortaç Dinlemenin Keyfini Çıkarıyor",https://www.zaytung.com/haberdetay.asp?newsid=206408,273
Galatasaray'ın Schalke Galibiyetini Fırsata Çevirip Araya İki Kanun Değişikliği Bile Sıkıştıramayan Kabine Üyelerine Başbakan'dan Sert Çıkış,https://www.zaytung.com/haberdetay.asp?newsid=206207,273
"Ünlü Ölümlerine Dur Demek İsteyen Anıtlar Kurulu, Belli Bir Yaşın Üstündeki Ünlüleri Sit Alanı İlan Etmeye Hazırlanıyor",https://www.zaytung.com/haberdetay.asp?newsid=206054,273
İnternette Sürekli Soba Öven Gençlere Güvenip Tekrar Üretime Geçen Vezüv Soba A.Ş'den İflas Açıklaması...,https://www.zaytung.com/haberdetay.asp?newsid=205974,274
"Geçtiğimiz 6 Ay İçerisinde Toplam 14 Kez Ayrılıp Barışan Çiftin Arkadaşları, Artık Bu İkiliden İğrendiklerini Saklamıyorlar",https://www.zaytung.com/haberdetay.asp?newsid=205885,274
TRT Teletext Servisinin Son Çalışanına Kimse İnternet’in İcat Edildiğini Söyleyemiyor,https://www.zaytung.com/haberdetay.asp?newsid=205740,274
"Türkiye, Başbakan Erdoğan'ın Çağrısına Kulak Verdi: ''Tamam biz bakmıyoruz hadi, ne konuşuyorsanız konuşun PKK'yla...''",https://www.zaytung.com/haberdetay.asp?newsid=205562,274
"Kültür Bakanlığı, Milli Saçma Sapan Dans Projesi İçin Düğmeye Bastı",https://www.zaytung.com/haberdetay.asp?newsid=205552,274
"Müslüm Gürses, Bakanlar Kurulu Kararı İle Ebediyete İntikal Etti...",https://www.zaytung.com/haberdetay.asp?newsid=205427,274
"İran, Hangi Yöne Atılırsa Atılsın İsrail Topraklarına Düşen Füze Geliştirdi",https://www.zaytung.com/haberdetay.asp?newsid=205177,274
"Yine Alkol, Yine Felaket: İçkiyi Fazla Kaçıran Arkadaş Grubu Geceyi Yine Bağıra Çağıra Ahmet Kaya Şarkıları Söyleyerek Bitirdi",https://www.zaytung.com/haberdetay.asp?newsid=204946,274
"Dışişleri Bakanlığı, Hala Seksenlerdeki Gibi Giyinmekte Israr Eden Azerbaycan'ı Münasip Bir Dille Uyarmaya Hazırlanıyor",https://www.zaytung.com/haberdetay.asp?newsid=204861,274
"BDP: ''İmralı'ya gidecek heyet, Karadeniz turundan sağ çıkabilenler arasından seçilecek...''",https://www.zaytung.com/haberdetay.asp?newsid=204808,274
"Memleketten Zeytinyağı, Kaşar, Pekmez Getirtip Dairede Satan Devlet Memurları Kooperatifleşme Yolunda",https://www.zaytung.com/haberdetay.asp?newsid=204727,275
"Türkiye'nin İlk ''Yarışmacı Üretim Çiftliği'', Televizyon Sektörünün Artan Gerizekalı Yarışmacı İhtiyacına Yanıt Vermeyi Hedefliyor",https://www.zaytung.com/haberdetay.asp?newsid=204461,275
"Çocukları Yüzünden Pepee İzlemek Zorunda Kalan Aileler Dayanışma Gecesi, İstanbul Nişantaşı'nda Gerçekleştirildi",https://www.zaytung.com/haberdetay.asp?newsid=204385,275
"Estetik Ameliyatla Kendini Tamamen Tayyip Erdoğan'a Benzeten AKP Konya Milletvekili Sadi Ercen, ""Başbakan'ı en çok kim seviyor"" Yarışında Zirveyi Zorluyor",https://www.zaytung.com/haberdetay.asp?newsid=204232,275
Müşterilerini Umre Yerine Yanlışlıkla Rio Karnavalı'na Götüren Tur Şirketine Tepkiler Çığ Gibi Büyüyor,https://www.zaytung.com/haberdetay.asp?newsid=204231,275
"Mayıs'ta Gerçekleşecek Rihanna Konseri Öncesi ABD Büyükelçisi'nden Sert Uyarı: ""Beyaz Şov, ilişkilerimize onarılmayacak zararlar verebilir...”",https://www.zaytung.com/haberdetay.asp?newsid=204095,275
Show TV'nin Doktorlar ve Pis Yedili'den Sonra Ana Haber Bülteninde de 8 Aydır Tekrar Yayını Yaptığı Anlaşıldı,https://www.zaytung.com/haberdetay.asp?newsid=204016,275
Sarai Sierra'nın Kocası Cinayeti İtiraf Etti: ''Eşimi Türkiye'ye tek başına gitmesi için ben ikna ettim...'',https://www.zaytung.com/haberdetay.asp?newsid=203865,275
"İsrail-Suriye Gerginliğinde Tam Kimi Kınaması Gerektiğini Kestiremeyen Dışişleri Bakanlığı, Yunanistan'a Nota Verdi",https://www.zaytung.com/haberdetay.asp?newsid=203760,275
"Ölümünün 14. Yılında Barış Manço'yu Şarkılarıyla Anan Sevenleri, Kanlıca Mezarlığı'nı ''Haydi kızlar... Ayııı'' Sesleriyle İnlettiler",https://www.zaytung.com/haberdetay.asp?newsid=203541,276
"Kasasında 217 Dolar Kalan Zimbabve'de Hükümet, Halkı Viceroy İçmeye Davet Etti",https://www.zaytung.com/haberdetay.asp?newsid=203327,276
"Emniyet Genel Müdürlüğü, Önümüzdeki Dönem Baskın Yapacağı Belediyeleri ''bugün seçim olsa kime oy verirdiniz?'' Anketiyle Belirleyecek",https://www.zaytung.com/haberdetay.asp?newsid=203281,276
"Bel Soğukluğu İle Savaşanlar Vakfı, İlgisizlik Yüzünden Can Çekişiyor...",https://www.zaytung.com/haberdetay.asp?newsid=203119,276
"42. Yıldönümlerini Kutlayan Nedim-Mediha Kayın Çifti, Uzun Evliliğin Sırrını Açıkladı: Antidepresan...",https://www.zaytung.com/haberdetay.asp?newsid=202557,276
Windows 8'e Geçen Amasya Sosyal Güvenlik Kurumu'nda Başlat Menüsüne Ulaşma Çabaları 7. Saatine Girdi,https://www.zaytung.com/haberdetay.asp?newsid=202408,276
"Suriye'de Esed Rejimi'ne Bağlı Güçlerden Muhalif Gruplara Şafak Operasyonu. Bu Kez Hedef, Avukat ve Müzisyenler...",https://www.zaytung.com/haberdetay.asp?newsid=202310,276
"Mustafa Sarıgül'ün 2500 Parçalık Cenaze Yaka Fotoğrafı Koleksiyonu, Bu Haftasonu İstanbul Modern'de",https://www.zaytung.com/haberdetay.asp?newsid=202144,276
"Başbakan'ın Beyaz Ekmeğe Savaş Açması Üzerine Hayrünnisa Gül Sert Konuştu: ""Abdullah bana mı diyor bu?""",https://www.zaytung.com/haberdetay.asp?newsid=201981,276
''Esra Erol'la evlen benimle'' Orkestrasının Bateristi Alper Pürak: ''Hırsızlık yapsam daha mı iyiydi?!'',https://www.zaytung.com/haberdetay.asp?newsid=201921,276
14 Yıl Sonra Odasına TV Alınan Öcalan: ''Oha! Bizimkiler dizisi bitti mi?'',https://www.zaytung.com/haberdetay.asp?newsid=201638,277
Ankara Büyükşehir Belediyesi Ekipleri Donma Riskine Karşı Evsiz Vatandaşları Tuzladı,https://www.zaytung.com/haberdetay.asp?newsid=201363,277
"Fırat Üniversitesi Yolsuzluk İddialarını Yalanladı: “Audi’leri çarpıştırıp, parçacık elde edecektik...”",https://www.zaytung.com/haberdetay.asp?newsid=201239,277
Sadece Kar Yağdığında Tatil Vermesi İçin Kapısı Çalınan Bir Kaymakam Daha İhmal ve İlgisizliğin Kurbanı Oldu,https://www.zaytung.com/haberdetay.asp?newsid=201090,277
"Başbakan Erdoğan'ın 3 Günlük Afrika Gezisi Nedeniyle Başıboş Kalan Türkiye, Seks, Uyuşturucu ve Alkol Batağında Debeleniyor",https://www.zaytung.com/haberdetay.asp?newsid=200897,277
"Cemiyet Hayatının Önde Gelen İsimleri, Mal Mal Durup Poz Verdikleri Bir Gecede Daha Bir Araya Geldiler",https://www.zaytung.com/haberdetay.asp?newsid=200512,277
"Vasıfsız Eleman Olarak 7 Yılda Onlarca İş Bulan Sedat Kordemir(24), Geleceğin Mesleği Tartışmalarına Son Verdi",https://www.zaytung.com/haberdetay.asp?newsid=200349,277
"Dışişleri Bakanlığı, Dün Bağımsızlığını İlan Eden Bir Ülkeyle Diplomatik Sorun Yaşayarak Yeni Bir Rekora İmza Attı",https://www.zaytung.com/haberdetay.asp?newsid=200239,277
"1984 Yılbaşı'nın İlk Bebeği Ferhat Canbey (31), Basının İlgisizliğinden Şikayetçi",https://www.zaytung.com/haberdetay.asp?newsid=200208,277
"Kar Yağışı Nedeniyle Çevre İl ve İlçelerle Bağlantısı Kesilen Karabacılar Köyü, Bu Sene de Yılbaşına Evde Girmeyi Planlıyor",https://www.zaytung.com/haberdetay.asp?newsid=199818,277
"Adı Hiç Duyulmamış Bazı Üniversitelerin ODTÜ'yü Kınaması Üzerine Harekete Geçen Zabıta Ekipleri, Çok Sayıda Kaçak Üniversiteye Baskın Düzenledi",https://www.zaytung.com/haberdetay.asp?newsid=199694,278
Türkiye - ABD İlişkilerinde Yeni Kriz: ''06melihgokcek is now following @barackobama!'',https://www.zaytung.com/haberdetay.asp?newsid=199545,278
"4 Saattir Trafikte Olan Bir Grup İstanbullu, Karın Tadını Çıkaran Çocuklara Saldırdı",https://www.zaytung.com/haberdetay.asp?newsid=199102,278
"Ortada Hiçbir Neden Yokken, Yozgat'ta Hayat Kendiliğinden Durma Noktasına Geldi...",https://www.zaytung.com/haberdetay.asp?newsid=199092,278
"ATV Haber Müdürü: ""Oha? Nasıl ya? Başbakan protesto edilebiliyor mu?""",https://www.zaytung.com/haberdetay.asp?newsid=198954,278
"Şirince, Dünyanın Dört Bir Yanından Gelen Binlerce Gerizekalıyı Ağırlamaya Hazırlanıyor...",https://www.zaytung.com/haberdetay.asp?newsid=198720,278
Uzun Süredir Pek Sesi Soluğu Çıkmayan Bangladeş'in 10 Gün Önce Öldüğü Anlaşıldı,https://www.zaytung.com/haberdetay.asp?newsid=198524,278
"Toyota'lara Para Yetiştiremeyen Nijerya, Yerli Malı İç Savaş Tipi Pikap Üretimine Geçmeye Hazırlanıyor",https://www.zaytung.com/haberdetay.asp?newsid=198395,278
"Ateist Olduğu Gerekçesiyle İstifası İstenen Köy İmamı, Geri Adım Atmıyor: ''Mesleğime profesyonelce yaklaşıyorum...''",https://www.zaytung.com/haberdetay.asp?newsid=198217,278
Kısa Dönem Er Onur Bilgin'in Askerliğini Kayseri'de Yapacak Olması Ortadoğu'da Taşları Bir Kez Daha Yerinden Oynattı,https://www.zaytung.com/haberdetay.asp?newsid=198110,278
"Başbakan Erdoğan: “Kendi ülkenize çıkınca ne istiyorsanız onu izleyin...""",https://www.zaytung.com/haberdetay.asp?newsid=197958,279
TÜİK 2012 Refah ve Mutluluk Endeksi Raporuna Göre Şu Hayatı Bu Yıl da Kaya Çilingiroğlu Yaşadı,https://www.zaytung.com/haberdetay.asp?newsid=197885,279
"Balık Hali, Pazarcı Ve Esnaf Haberlerinin Sevilen Yüzü Zeynep Dizipoğlu: ""Medya üzerindeki hükümet baskısı abartılıyor...""",https://www.zaytung.com/haberdetay.asp?newsid=197745,279
"Alınan Tüm Önlemlere Rağmen Taksim'e Ulaşabilen İnsanlar Olduğunu Farkeden Büyükşehir Belediyesi, Sızıntının Kaynağını Tespit Etmeye Çalışıyor",https://www.zaytung.com/haberdetay.asp?newsid=197625,279
Facebook’un Yeni Kullanıcı Sözleşmesine Gelen Yoğun İtirazlar Üzerine Mark Zuckerberg’in Evine Yapılan Baskında Çok Sayıda Profil Fotoğrafı Ele Geçirildi,https://www.zaytung.com/haberdetay.asp?newsid=197372,279
"“The Hobbit” Filminin Vizyona Girmesine Sayılı Günler Kala, Binlerce Meraklıyı ""kitabı daha iyiydi yaa"" Diyebilecek Olmanın Heyecanı Sardı",https://www.zaytung.com/haberdetay.asp?newsid=197284,279
"CERN Üyeliği İçin 70 Milyon Lira Vermeyi Verimli Bulmayan Türkiye Atom Enerjisi Kurumu, Açılacak ""Atom Büfe""yle Portakal-Greyfurt Suyu İşine Girmeye Hazırlanıyor",https://www.zaytung.com/haberdetay.asp?newsid=197128,279
"Adalet Bakanlığı, Ülkedeki Tüm Üniversite Öğrencilerine Suçsuzluklarını İspatlamaları İçin 1 Hafta Süre Tanıdı",https://www.zaytung.com/haberdetay.asp?newsid=197127,279
"Başbakan Erdoğan, İki Gün Sonra Kimsenin Hatırlamayacağı Bir Açıklamasıyla Daha Ülke Gündemine Oturdu",https://www.zaytung.com/haberdetay.asp?newsid=197086,279
Cuma Öğleden Sonra 14.30 İtibariyle Bir Ofiste Daha Tüm İşler Önümüzdeki Haftaya Devretti,https://www.zaytung.com/haberdetay.asp?newsid=196849,279
"14 Yaşında Başladığı ""Bir Genç Kızın Gizli Defteri"" Serisini 29 Yaşında Tamamlayan Sevil Ürgüp, Odun Gibi Bir Hayat Yaşadığı Gerçeği İle Yüzleşti",https://www.zaytung.com/haberdetay.asp?newsid=196844,280
"Ortadoğu'da Nihayet Anlayabildiği Bir Gelişme Olan Dışişleri Bakanlığı, Fırsatı Kaçırmadı: ""İsrail'i kınıyoruz!""",https://www.zaytung.com/haberdetay.asp?newsid=196574,280
Dünya Starı Olacağı İnancıyla Burak Kut’a Bel Bağlayan Hayranları “Hayal Kırıklığının 18.Yılı” Konferansında Bir Araya Geldi,https://www.zaytung.com/haberdetay.asp?newsid=196303,280
"En Büyük Hayali Yurt Dışına Kapağı Atmak Olan Kaan İlkiz (27), Fazıl Say'ın Ülkeyi Terk Etmesi Gerektiğini Düşünüyor",https://www.zaytung.com/haberdetay.asp?newsid=196217,280
"Like ve Comment'ler Üzerinden Hastaların Tedavi Masraflarını Gerçekten Karşıladığını Fark Eden Facebook, 300 Milyon Dolarlık Zarar Açıkladı",https://www.zaytung.com/haberdetay.asp?newsid=196140,280
"Başbakan Erdoğan, İdam Cezası ile İlgili Net Konuştu: ""Şu açlık grevleri bitene kadar gündemde kalsın sonra yeni bi şeyler buluruz nasılsa...""",https://www.zaytung.com/haberdetay.asp?newsid=196003,280
"Sınav Dönemi Öncesi Not Arayışlarını Hızlandıran Gencin Yılışıklığı, Mevsim Normallerinin Üstünde Seyrediyor",https://www.zaytung.com/haberdetay.asp?newsid=195799,280
Şarkıcı Olma Hayaliyle Geldiği İstanbul'da Bankacı Olan Genç Kızın Feryadı Yürekleri Dağladı...,https://www.zaytung.com/haberdetay.asp?newsid=195676,280
"Sağlık Bakanlığı, Obeziteyle Mücadelede Anne Terörüne Karşı Savaş Açtı: ""Yeter artık doydu çocuk!""",https://www.zaytung.com/haberdetay.asp?newsid=195596,280
ABD Başkanlık Seçimlerinde Skandal: Çöpten Çuval Çuval CHP Oyu Çıktı,https://www.zaytung.com/haberdetay.asp?newsid=195546,280
"Autoshow 2012'de Laf Olsun Diye İrina Shayk'a Evlenme Teklif Eden Gence ""Evet"" Şoku",https://www.zaytung.com/haberdetay.asp?newsid=195393,281
Kaynatılıp İçilince Herhangi Bir Şeye İyi Gelmeyen Bitki Keşfedildi,https://www.zaytung.com/haberdetay.asp?newsid=195191,281
"Maliye Bakanlığı, Ayrı Ayrı Eylem Yaparak Biber Gazı İsrafına Yol Açan Grupları Tek Çatı Altında Toplanmaya Davet Etti",https://www.zaytung.com/haberdetay.asp?newsid=195062,281
"Cumhuriyet Bayramı'na Hak Ettiği İlgiyi Yeniden Kazandıran AKP'de, Sıradaki Hedef Kabotaj Bayramı",https://www.zaytung.com/haberdetay.asp?newsid=194853,281
Türkiye Genelinde 183 Adet Keskin Nişancının Yerleştirildikleri Çatılarda Unutuldukları Ortaya Çıktı,https://www.zaytung.com/haberdetay.asp?newsid=194833,281
"Evlendikten Sonra İlk Kez Birlikte Bayram Ziyaretine Giden Genç Çift, Günü Birbirlerinin Akrabalarından Tiksinerek Tamamladı",https://www.zaytung.com/haberdetay.asp?newsid=194499,281
Zerdüştler İle İlgili Söylediği Son Sözlerden Sonra Başbakan'ın Kafayı Takmadığı Tek Dini ve Etnik Toplum Olan Yeni Zelandalı Maori Yerlileri Tedirgin,https://www.zaytung.com/haberdetay.asp?newsid=194413,281
TBMM Kararıyla Büyükşehir Belediyesi Olan K.Maraş'ta İlk Büyük Şehire Yabancılaşma ve Yalnızlaşma Vakası Bu Sabah Yaşandı. Halk Sevinç İçinde...,https://www.zaytung.com/haberdetay.asp?newsid=194249,281
"Sevgilisi ile Bir Haftadır Kavgalı Olan Burak Tarım, En Azından Mevzunun Ne Olduğunu Öğrenebilmek İçin Yoğun Çaba Sarfediyor",https://www.zaytung.com/haberdetay.asp?newsid=194023,281
"Bir Süredir Oldukça Agresif ve Gergin Olan Türkiye, Biraz Yalnız Kalıp Düşünmek İstiyor",https://www.zaytung.com/haberdetay.asp?newsid=193855,281
"Matematiğin Nobel’i, Facebook’ta “4*4+4*4+4-4*4=?” Sorusunu İlk Paylaşan Türk’ün Oldu",https://www.zaytung.com/haberdetay.asp?newsid=193486,282
"Milletvekili Olmak İçin Evden Kaçan E.G (18), Ankara Pavyonlarına Düştü",https://www.zaytung.com/haberdetay.asp?newsid=193246,282
"Websense Uygulamasına Geçen Şirkette, Bloklanmış Sitelere Girme Çabalarından Henüz Bir Sonuç Alınamadı",https://www.zaytung.com/haberdetay.asp?newsid=193139,282
Bilmem Kaçıncı Antalya Altın Portakal Film Festivali Bu Yıl da Kimsenin Umurunda Değil...,https://www.zaytung.com/haberdetay.asp?newsid=192816,282
"Facebook'ta Okey Oynarken Başlayan İlişkileri Evlilikle Noktalanan Genç Çift, Tanışma Hikayelerinin Tırtlığı Nedeniyle Zor Günler Yaşıyor",https://www.zaytung.com/haberdetay.asp?newsid=192639,282
"Sürpriz Doğum Günü Partisine Gerçekten Çok Şaşırmış Gibi Yapmayı Başaran Genç, Sergilediği Performansla Dizi Yapımcılarının da Dikkatini Çekti",https://www.zaytung.com/haberdetay.asp?newsid=192554,282
Tezkerenin Ardından ABD'den Müjdeli Haber Gecikmedi: Savaşta Ölecek İlk 1000 Askerimizin Ailelerine Green Card Fırsatı!,https://www.zaytung.com/haberdetay.asp?newsid=192455,282
"Yaşar Laper (87) - Nejla Laper (81) Çifti, Son Sekslerinin 10. Yılını Sade Bir Törenle Kutladılar",https://www.zaytung.com/haberdetay.asp?newsid=192249,282
"Türkiye'nin Kendisiyle Gurur Duyduğunu Öğrenen Mesud Barzani, Yine de Tam Emin Olamıyor: ""Bakın, dalga geçiyorsanız gerçekten çok ayıp...""",https://www.zaytung.com/haberdetay.asp?newsid=192008,282
"''Asıl Eylül'de tatile gideceksin'' Düsturuyla Yola Çıkan Ulaş Sedirli (27), Gümbet'te Sıkıntıdan Kendini Astı",https://www.zaytung.com/haberdetay.asp?newsid=191701,282
“Neşet Ertaş Türküleri” Adı Altında Facebook’a Ankaralı Tevfik Videoları Yükleyen Plak Firması Yüz Binlerce Facebook Kullanıcısını Mağdur Etti,https://www.zaytung.com/haberdetay.asp?newsid=191531,283
"Alkol ve Akaryakıt'a Gelen Son Zamlara Suriyeli Mültecilerden Sert Tepki: ""Biz Gürcistan'a gidiyoruz!""",https://www.zaytung.com/haberdetay.asp?newsid=191427,283
"Her Şehit Haberinin Ardından Konserini Erteleyen Ünlü Popcu, Baba Mesleği Olan Dönerciliğe Geri Döndü",https://www.zaytung.com/haberdetay.asp?newsid=191099,283
"Binlerce Kişinin Katıldığı Eylemle de Seslerini Duyurmayı Başaramayan Hatay Halkı, Ortaklaşa Çekecekleri Diziyle Medyada Yer Bulmayı Umuyor",https://www.zaytung.com/haberdetay.asp?newsid=190798,283
Başbakan Erdoğan'ın Dana Eti Yediği Görüntüler Hindistan'ı Karıştırdı,https://www.zaytung.com/haberdetay.asp?newsid=190567,283
"Girdiği Sınavlarda Çan Eğrisini Düşürmesiyle Ünlenen Üniversiteli Gencin Vefatı, Tüm Fakülteyi Yasa Boğdu",https://www.zaytung.com/haberdetay.asp?newsid=190549,283
"iPhone'un Daha Önceki 3 Modeliyle Hayatı Pek de Değişmeyen Serkan Bolay (27), iPhone 5'ten Çok Umutlu",https://www.zaytung.com/haberdetay.asp?newsid=190270,283
"Milli Eğitim Bakanlığı: ""Hani sizin çocuk çok zekiydi, dahiydi?""",https://www.zaytung.com/haberdetay.asp?newsid=190142,283
"Önceki Hayatında ""Meksikalı Şeker Kamışı İşçisi"" Olduğunu Öğrenen Genç Şarkıcı Mertcan, Bu Durumu Kabullenmeye Çalışıyor",https://www.zaytung.com/haberdetay.asp?newsid=190134,283
"Can Bonomo’yu Eurovision’dan, Pilli Bebek’i Behzat Ç’den, Pinhani’yi ise Kavak Yelleri'nden Önce Bilen 300 Kişilik Grup Taksim’de Bir Araya Geldi",https://www.zaytung.com/haberdetay.asp?newsid=189686,283
"Magazin Programlarının Sevilen Dış Sesi İrfan Elkeser: ""Kim seviyor lan? Ben bile kendi sesimden tiksiniyorum...""",https://www.zaytung.com/haberdetay.asp?newsid=189522,284
"Beytüşşebap Saldırısının Ardından Hükümet Yeni Gündem Maddesini Belirledi: ""Kuzey Kutbu Müslümanları yardım bekliyor...""",https://www.zaytung.com/haberdetay.asp?newsid=189288,284
"Son Olarak Yanlış İkametgah Veren Bir Muhtarın da İntihar Etmesinin Ardından Japonya Başbakanı Patladı: ''Töresi, Harakirisi batsın!''",https://www.zaytung.com/haberdetay.asp?newsid=188664,284
Suriye Hükümeti'nden Sert Misilleme: “Türk futbolundaki kirlilik tahammül edilemez boyutlara ulaştı…”,https://www.zaytung.com/haberdetay.asp?newsid=188608,284
"En Büyük Hayali Olan ''PES oynayan sevgili''ye Sonunda Kavuşan Barış Akaryurt, Kızı Bir An Evvel Terk Edebilmek İçin Bahane Arıyor...",https://www.zaytung.com/haberdetay.asp?newsid=188434,284
Hogwarts Büyücülük Okulu'nun İmam Hatip Lisesi'ne Dönüştürülmesine Tepkiler Çığ Gibi Büyüyor,https://www.zaytung.com/haberdetay.asp?newsid=188392,284
Türk Metal Camiasının Acı Kaybı: Bir Sepultura Hayranı Daha KPSS'ye Teslim Oldu,https://www.zaytung.com/haberdetay.asp?newsid=188201,284
"Bayram Tatilini Kaş'ta Geçiren Ofis Çalışanı, Bir Gün Mutlaka Kaş'a Yerleşip Butik Otel İşletecek",https://www.zaytung.com/haberdetay.asp?newsid=188043,284
"Terörle Mücadelede Yeni Yol Haritası Çizen Hükümet, Pozitif Düşünce Gücü ile Bölücü Örgüte Darbe Vurmayı Planlıyor",https://www.zaytung.com/haberdetay.asp?newsid=187916,284
"Yılın 3. Çeyreğinde 4.2 Milyon Dolar Net Kâr Eden Elkiz Holding, Yeterince Para Kazandığına İkna Olarak Kendini Feshetti",https://www.zaytung.com/haberdetay.asp?newsid=187459,284
"Başbakanı Eleştirdiği Yazısı Nedeniyle İşine Son Verilen Iğdırses Gazetesi Yazarı Hıdır Hızarcı, Buruk Sevinç Yaşıyor",https://www.zaytung.com/haberdetay.asp?newsid=187287,285
"Milletvekili Kaçırma Eylemi GS-FB Derbisi Nedeniyle Arada Kaynayan PKK, İçişleri Bakanı'nın Konuyla İlgili Saçma Birşeyler Söylemesini Bekliyor",https://www.zaytung.com/haberdetay.asp?newsid=187127,285
"Senkiz Holding'in Çiçeği Burnunda CEO'su Cahit Arpman: ""Buraya para için gelmedim...""",https://www.zaytung.com/haberdetay.asp?newsid=186616,285
Kapatılması Kimsenin Umrunda Olmayan Tarihi Zeytinburnu Şenyuva Sinemasının Sahibi Ağır Konuştu: “Allah Hepinizin Belasını Versin!”,https://www.zaytung.com/haberdetay.asp?newsid=186535,285
"Saldırıya Uğrayan Karakolda İncelemelerde Bulunan Milletvekili Heyeti Sonunda İkna Oldu: ""Evet, gerçekten saldırıya uğramış...""",https://www.zaytung.com/haberdetay.asp?newsid=186386,285
"20 Yılda Sadece 72 Üye Edinebilen Cemaat, Kendini Fesh Ederek Devremülk İşine Girmeye Karar Verdi",https://www.zaytung.com/haberdetay.asp?newsid=185982,285
LYS Birincisinin İlk Tercihine Yozgat Cevdet Sunay Üniversitesi’ni Yazması Üzerine Şehrin Mümkün Olduğunca Bir Öğrenci Kentine Dönüştürülme Çalışmalarına Başlandı,https://www.zaytung.com/haberdetay.asp?newsid=185930,285
"İki Çocuğuyla Birlikte Tatile Çıkan Gündoğdu Ailesi, 7'den 70'e Herkesin Haklı Nefretini Kazanarak İstanbul'a Döndü",https://www.zaytung.com/haberdetay.asp?newsid=185833,285
"Kendilerine AKP Gençlik Kolu Süsü Veren Bir Grup, Güldere İlçe Emniyet Müdürlüğü'nü Basarak Polislere Sabaha Kadar Harmandalı Oynattı",https://www.zaytung.com/haberdetay.asp?newsid=185502,285
"Balayında Yunan Adaları Sözü Veren Genç, Eşini Kardak Kayalıkları’na Çıkarttı...",https://www.zaytung.com/haberdetay.asp?newsid=185431,285
"Eğitim Dünyasına İddialı Bir Giriş Yapan Özel Beybihan Üniversitesi, Öğrencilerini Kampüs İnşaatında Çalıştırarak Geleceğe Hazırlıyor",https://www.zaytung.com/haberdetay.asp?newsid=185056,286
"Facebook, Merakla Beklenen “Yanlışlıkla Ekle” Butonu Konusunda Son Aşamaya Gelindiğini Müjdeledi",https://www.zaytung.com/haberdetay.asp?newsid=185055,286
"Sokakta Bulduğu İçi Para Dolu Çantayı Sahibine İade Etmeyen Onur Sürmeli, Harbiye'deki Lüks Dairesinde Basının Sorularını Yanıtladı: ""Salaklığın lüzumu yok...""",https://www.zaytung.com/haberdetay.asp?newsid=184591,286
"İftar İçin Zonguldak Maden Ocaklarına Akın Eden Siyasiler Nedeniyle, İşçilerin Bir Aylık Erzak Stoğu İlk Üç Günde Tükendi",https://www.zaytung.com/haberdetay.asp?newsid=184507,286
Evlenmek Üzereyken Ani Bir Şekilde Ayrılan Genç Çiftin ''Önce Ben Evlencem'' Rekabeti Kıyasıya Bir Şekilde Sürüyor,https://www.zaytung.com/haberdetay.asp?newsid=184171,286
Tam Olarak Ne Kurultayı Yaptıklarını Bilmeyen Bir Grup Chp'li Yine Zülfü Livaneli Şarkıları Dinlemek İçin Toplandı,https://www.zaytung.com/haberdetay.asp?newsid=184041,286
"One Love'dan Cesaret Alan Eyüp Belediyesi, Gözünü Yurtdışına Çevirdi: Sırada Oktoberfest ve Rio Karnavalı Var...",https://www.zaytung.com/haberdetay.asp?newsid=183856,286
Sağlık Bakanlığı'nın Obeziteye Karşı Başlattığı Mücadele Kapsamında 1500 Obez İtlaf Edildi,https://www.zaytung.com/haberdetay.asp?newsid=183382,286
Tom Cruise'la David Beckham'ın Yatakta Basıldığı İddiaları Üzerine Binlerce Erkek Haklı Çıkmanın Coşkusuyla Sokaklara Döküldü,https://www.zaytung.com/haberdetay.asp?newsid=183341,286
"Memurlar.net Forumlarında 1.Yılını Dolduran Ferhat Özdede (29), Şansını Denemeye Devam Ediyor: ""Arkadaşlar Gizem haklı, KPSS skandal resmen...Gizem, İstanbul'da mısın?""",https://www.zaytung.com/haberdetay.asp?newsid=183126,286
3 Saat Süresince Türk Takımlarından Herhangi Birinin TT Olmaması Üzerine Twitter Yönetimi Kriz Masası Kurdu,https://www.zaytung.com/haberdetay.asp?newsid=182962,287
"Türkiye Atom Enerjisi Kurumu'ndan CERN'e: ""Higgs bozonu mu nedir, tam olarak ne oluyor bu şimdi?""",https://www.zaytung.com/haberdetay.asp?newsid=182877,287
"KPSS Genel Kültür, Genel Yetenek Ve Alan Sınavlarının Tamamlanmasının Ardından Tanıdık Milletvekili Bulma Etabına Geçildi",https://www.zaytung.com/haberdetay.asp?newsid=182810,287
"Tatile Geldiği Antalya'da İstiklal Marşı'ndan Etkilenen Finlandiyalı Turist, Türk Vatandaşlığına Geçti",https://www.zaytung.com/haberdetay.asp?newsid=182406,287
"Depresyona Giren İstanbul Büyükşehir Belediyesi, Bir Kez Daha Otobüslerin Rengini Değiştirmeye Karar Verdi",https://www.zaytung.com/haberdetay.asp?newsid=182357,287
"Başbakan Erdoğan, ""Üzerinden Siyaset Yapılabilecek Konular"" Başlıklı 3 Maddelik Listeyi Muhalefet Partilerine İletti",https://www.zaytung.com/haberdetay.asp?newsid=181938,287
Sahil Bölgelerinde Orhan Pamuk Kitabı Görünümünde Borçlar Hukuku Kitabı Satan Sahte Kitap Çetesi Çökertildi,https://www.zaytung.com/haberdetay.asp?newsid=181871,287
"Adalet Bakanlığı, ""Öcalan İmralı'da değil"" İddialarına Yanıt Verdi: ""Hangi Öcalan?""",https://www.zaytung.com/haberdetay.asp?newsid=181863,287
"Yaşlı Kullanıcılara Yönelik İlk Akıllı Cep Telefonu, Darülaceze'de Çok da Görkemli Olmayan Bir Törenle Tanıtıldı",https://www.zaytung.com/haberdetay.asp?newsid=181628,287
Emekli Rasim Özcan'ın (64) Henüz Şikayet Mail'i Yollamadığı Tek Resmi Kurum Olan Türkiye İhracatçıları Kalkındırma Dairesi'nde Gergin Bekleyiş Sürüyor,https://www.zaytung.com/haberdetay.asp?newsid=181218,287
"ABD Dışişleri Bakanlığı: ""Suriye o hareketi bize yapacaktı var ya...""",https://www.zaytung.com/haberdetay.asp?newsid=181078,288
Ayvalık’ta Geçen Yaz Sahilde Kuma Gömülerek Unutulan Anneanneler Açığa Çıkarıldı,https://www.zaytung.com/haberdetay.asp?newsid=180996,288
"Mezuniyet Balosunda Ağır Bilanço: 77 İlişki Teklifine Red, 180 Adet Aç Karnına Sarhoş, 124 Kilo Sir Ağda...",https://www.zaytung.com/haberdetay.asp?newsid=180821,288
"İstanbul Emniyet Müdürlüğü, Son Teknoloji Ürünü Katlanabilir Demir Coplar Dururken Vatandaşı Kemerle Döven Polisler Hakkında Soruşturma Başlattı",https://www.zaytung.com/haberdetay.asp?newsid=180641,288
"Tatil İçin İstanbul'a Gelen İngiliz Richards Ailesi, Havalimanı'ndan Bindikleri Takside 1 Hafta Geçirerek Yurttan Ayrıldı",https://www.zaytung.com/haberdetay.asp?newsid=180316,288
Dizilerin Sezon Finallerinin Yayınlanmasıyla Birlikte Binlerce Yarı Ünlü Güneye Doğru Göç Etmeye Başladı,https://www.zaytung.com/haberdetay.asp?newsid=180310,288
"Ayvalık Belediyesi: ""Beldemizi genel olarak tatilde birileriyle yatma ümidi olmayanların tercih ettiğini bilmek üzücü...""",https://www.zaytung.com/haberdetay.asp?newsid=179959,288
"Meşhur Sokak Pilavcısı Mehmet Usta Lezzet Sırrını Açıkladı: “Pilav normal, bence siz gerizekalısınız”...",https://www.zaytung.com/haberdetay.asp?newsid=179891,288
"Gündemin Bir Nebze Hafiflemesinin Ardından Türkiye Acı Gerçekle Yüzleşti: ""Akasya Durağı yeniden başlamış...""",https://www.zaytung.com/haberdetay.asp?newsid=179846,288
"Geçtiğimiz Yıl İstanbul'a Yerleşen Fatih Demirci (26), Şehrin Kalabalığından Şikayetçi: ""İpini koparan gelmiş arkadaş...""",https://www.zaytung.com/haberdetay.asp?newsid=179732,288
10. Türkçe Olimpiyatları'ndan da Eli Boş Dönen Nijer'de Halkın Öfkesi Sokaklara Taştı,https://www.zaytung.com/haberdetay.asp?newsid=178761,289
"AKP Malatya Milletvekili Hamdi Kanıklı, Gündem Değiştirme Sırası Kendisine Gelmeden Uludere Olayının Tamamen Unutulmasını Umuyor",https://www.zaytung.com/haberdetay.asp?newsid=178400,289
2004 Yılından Beri Çanakkale'de Sergilenen Truva Atından Amerikan Deniz Piyadeleri Çıktı,https://www.zaytung.com/haberdetay.asp?newsid=178353,289
"Seferberlik İlan Eden THY Yönetimi, Toplam 1000 Saatin Üzerinde Uçuş Tecrübesi Olan Yolcularını Görev Başına Çağırıyor",https://www.zaytung.com/haberdetay.asp?newsid=177949,289
"Başbakan Erdoğan: ""Maalesef fasulyeyi bir gece önce suda ıslatmadan pişiren kadınlarımız var...""",https://www.zaytung.com/haberdetay.asp?newsid=177606,289
Elbiz Holding Tarafından Şirket Evliliği Vaadiyle 3 Yıldır Boş Yere Oyalanan Meyer Ltd. Şti. Büyük Hayal Kırıklığı Yaşıyor,https://www.zaytung.com/haberdetay.asp?newsid=177307,289
"Türkiye Kuyumcular Federasyonu, Yalan Yanlış Bahaneler Uydurarak Davet Edildikleri Hiçbir Düğüne Katılmayan 261 Bin Kişiyi İfşa Etmeye Hazırlanıyor",https://www.zaytung.com/haberdetay.asp?newsid=177128,289
"Türkiye'yi Ekran Başına Kilitleyen 'Kim Öle Kim Kala' Evinde, Yaşlıların Hayatta Kalma Mücadelesi Nefesleri Kesiyor...",https://www.zaytung.com/haberdetay.asp?newsid=176984,289
"Büyükşehir Belediyesi’nin “Su Baskınlarına Karşı Vatandaşların Tedbirli Olması” Talebini Değerlendiren İstanbullular, Baraj, Kanalizasyon ve Yol İnşaatlarına Hız Verdi",https://www.zaytung.com/haberdetay.asp?newsid=176756,289
Motorsuz Taşıt Vergisi Oranları Belirlendi,https://www.zaytung.com/haberdetay.asp?newsid=176353,289
Öğrencileriyle Adeta Arkadaş Gibi Olan Öğretim Görevlisinin Muhabbeti Gerçekten Hiç Çekilir Gibi Değil...,https://www.zaytung.com/haberdetay.asp?newsid=176292,290
"İstiklal Caddesi'ndeki Müzisyenlerin Enstrümanlarını Toplayan Beyoğlu Zabıtası, İlk Albümü İçin Stüdyoya Kapandı",https://www.zaytung.com/haberdetay.asp?newsid=175977,290
"Sağlık Bakanlığı, Doktorları Darp Etmek İsteyen Hasta Yakınları İçin Randevulu Sisteme Geçileceğinin Müjdesini Verdi",https://www.zaytung.com/haberdetay.asp?newsid=175360,290
"Türkiye, Üretim Fazlası Gündemi Yurt Dışına İhraç Etmeye Hazırlanıyor",https://www.zaytung.com/haberdetay.asp?newsid=175031,290
"Babasını Kaybettiği Gün Dükkanını Açan Kuruyemişçi, Ailesi ve Yakın Çevresinin Tepkisini Çekti",https://www.zaytung.com/haberdetay.asp?newsid=174345,290
İşçi Bayramı Kutlamalarının Aşırı Düzenli Olması Üzerine Seneye Taksim'e Yakın Küçük Bir Bölge 1 Mayıs Gösterilerine Yasaklanacak,https://www.zaytung.com/haberdetay.asp?newsid=174265,290
"Bülent Arınç İlk Senaryo Denemesinde 3 Çocuk Babası, Dindar Bir Belediye İşçisinin Aşırı Çay Tüketimine Karşı Verdiği Mücadeleyi Anlatıyor",https://www.zaytung.com/haberdetay.asp?newsid=174160,290
"Türkiye, Demet Akalın'la Evlenen Genç İçin Tek Yürek Oldu",https://www.zaytung.com/haberdetay.asp?newsid=173515,290
TÜİK: Sınavlarda Kaydırma Yapanlarla İddaa'da Tek Maçtan Yatanların %96'sı Aynı Kişiler,https://www.zaytung.com/haberdetay.asp?newsid=173157,290
"Komik Personel Tedarik Fuarı'nda, En Komik ve Yerel Aksanlı Çalışanlar Ziyaretçilerin Beğenisine Sunuldu",https://www.zaytung.com/haberdetay.asp?newsid=172997,290
Yeni Mezun İşsizlerin CV'lerine Sahte Referans Sağlayan Çete Çökertildi,https://www.zaytung.com/haberdetay.asp?newsid=172748,291
"Sakinlerine En Geç 1 Yıl İçerisinde Vefat Garantisi Veren Özel Kapanak Huzurevi, Gördüğü Yoğun İlgiden Memnun",https://www.zaytung.com/haberdetay.asp?newsid=172230,291
Dizilerinde Halk Sağlığını Tehdit Edecek Oranda Entrika Kullandığı Tespit Edilen Fox TV'ye RTÜK'ten Uyarı Cezası,https://www.zaytung.com/haberdetay.asp?newsid=172138,291
"Suriye'ye Demokrasi Getirme Bahanesiyle Müdahele Etmeye Hazırlanan Türkiye'yi ""Lan yoksa emperyalist güç mü oluyoruz"" Heyecanı Sardı",https://www.zaytung.com/haberdetay.asp?newsid=171795,291
"Facebook'ta Her An Zorla Zaman Tüneli'ne Geçirilme Endişesiyle Psikolojisi Bozulan Genç, Antidepresanlarla Ayakta Duruyor",https://www.zaytung.com/haberdetay.asp?newsid=171734,291
Aylık Tarife Paketindeki Tüm Bedava SMS'leri Ay Sonuna Kadar Kullanmaya Çalışan Genç Kızın Durumu Ciddiyetini Koruyor,https://www.zaytung.com/haberdetay.asp?newsid=171537,291
"Terk Eden Sevgilisine Haddini Bildirmeye Kararlı Genç Kız, Facebook'ta Terör Estirmeye Devam Ediyor",https://www.zaytung.com/haberdetay.asp?newsid=171295,291
"İçindeki Eğitim Aşkıyla Üniversite Sınavına Giren Hikmet Gürbüz(61), Kötü Geçen Sınavın Ardından Tamirciye Çırak Verilme Tehdidiyle Karşı Karşıya",https://www.zaytung.com/haberdetay.asp?newsid=171168,291
"Türkiye, Xhamster'ın Kapatılmasının Acısını Sessiz Sedasız Yaşamaya Devam Ediyor",https://www.zaytung.com/haberdetay.asp?newsid=170745,291
"Baharın Gelişiyle Birlikte Artması Beklenen Terör Olaylarına Karşı Hükümet Bu Kez Erken Önlem Aldı: ""O menfur saldırıyı şimdiden lanetliyoruz!""",https://www.zaytung.com/haberdetay.asp?newsid=170535,291
"Twitter Fenomeni Olan Barış Saydan, Kendisine Adam Gibi Bir İş Bulması İçin Ailesi Tarafından Son Kez Uyarıldı",https://www.zaytung.com/haberdetay.asp?newsid=170374,292
'Türkiye'nin En Sallanmayan 10 Bekar Erkeği' Listesi Açıklandı...,https://www.zaytung.com/haberdetay.asp?newsid=169749,292
"Dünya Müzikleri Eşliğinde Herkesin Kitabını Okuyup Kahvesini Yudumlayabileceği Şirin Bir Kafe Hayaliyle Yola Çıkan Çift, Toptancı, Zabıta, Tesisatçı ve Stopaj Gerçeğiyle Karşı Karşıya",https://www.zaytung.com/haberdetay.asp?newsid=169668,292
"Güneşli Havayı Fırsat Bilerek Park ve Sahillere Akın Eden İstanbullular, Ortalama 6 Saati Trafikte Geçirmenin Tadını Doyasıya Çıkardılar",https://www.zaytung.com/haberdetay.asp?newsid=169624,292
"Türkiye'nin ""tam mimik nakli"" Yapılan İlk Oyuncusu Kenan İmirzalıoğlu, Dizi Çekimi Sırasında Fenalaşarak Hastaneye Kaldırıldı",https://www.zaytung.com/haberdetay.asp?newsid=169448,292
"Türkiye'ye Birçok Bakan, Milletvekili ve Belediye Başkanı Kazandıran Sivas Davası'nın Zamanaşımı Kokteylinde Gurur ve Hüzün Bir Aradaydı",https://www.zaytung.com/haberdetay.asp?newsid=169214,292
"Mezuniyetin Ardından Memleketine Dönen Cihan Barkın, İş Arama Sürecinin 6. Ayında Hızla Değer Kaybetmeye Devam Ediyor",https://www.zaytung.com/haberdetay.asp?newsid=168997,292
Komisyon Görüşmelerinde Yaşanan Kavgaları Düzenlemek İçin Toplanan Meclis Komisyonunun İlk Oturumunda Yumruklar Konuştu,https://www.zaytung.com/haberdetay.asp?newsid=168878,292
"İçişleri Bakanlığı, Yarın Öğlen Arasında Ülkede Genel Çanta, Dolap ve Üst Baş Araması Yapılacağını Doğruladı",https://www.zaytung.com/haberdetay.asp?newsid=168411,292
"Ankara'yı Geleceğin Şehri Yapmak İsteyen Melih Gökçek, Tüm Şehri Alüminyum Folyo İle Kaplamaya Hazırlanıyor",https://www.zaytung.com/haberdetay.asp?newsid=168000,292
Mahsun Kırmızıgül'den Yeni Rekor Denemesi: 120 Dakikalık Filmde Alt Metinleri Hariç 400 Sosyal Mesaj...,https://www.zaytung.com/haberdetay.asp?newsid=167112,293
"Birleşmiş Milletler, Hocalı Katliamı'nı Mazeret Göstererek Önümüzdeki 5 Yıl İçinde Öldürülebilecek Ermeni Kontenjanını 28 Kişi Olarak Açıkladı",https://www.zaytung.com/haberdetay.asp?newsid=167041,293
Geleneksel Eurovision Şarkısını Yerme Festivali Sona Erdi,https://www.zaytung.com/haberdetay.asp?newsid=166948,293
"Sosyal Medya'da Sesini Duyurmaya Çalışan ""Sabinoks Demir Dekorasyon İmalat San. Tic. Ltd. Şti""'ye 8 Ayda 26 like Şoku",https://www.zaytung.com/haberdetay.asp?newsid=166508,293
"Kentsel Dönüşüm Projesi Başlatan Yozgat Belediyesi, Şehri Komple Eskişehir'e Taşıma Kararı Aldı",https://www.zaytung.com/haberdetay.asp?newsid=166160,293
"Otel Odasında Uyuşturucu Komasından Ölü Bulunan Genç, Büyük İhtimalle Ünlü Bir Sanatçıydı",https://www.zaytung.com/haberdetay.asp?newsid=165640,293
"Sevgililer Günü’nde Kız Arkadaşına Sürpriz Olarak St.Valentine’e Mevlüt Okutan Genç, Terk Edildi",https://www.zaytung.com/haberdetay.asp?newsid=165325,293
"2 Yıl İçinde Maaşına Toplam %3 Zam Alan Genç Bankacı, Bankanın Toplam Mevduatlarının 20 Milyar TL'yi Aşmasından Gurur Duyuyor",https://www.zaytung.com/haberdetay.asp?newsid=165167,293
"Ah Canım Ahmet: ""Başlıycam şimdi 90'larınızdan...""",https://www.zaytung.com/haberdetay.asp?newsid=164867,293
"TÜİK: “'Sevgililer günü kapitalizmin bir oyunudur' Tezini Savunanların % 94'ü, Normal Hayatlarında Serbest Piyasa Ekonomisinden Yana...""",https://www.zaytung.com/haberdetay.asp?newsid=164720,293
Yine Art Arda Fantastik Beyanatlara İmza Atan AKP Kurmaylarının Tam Olarak Hangi Gündemi Değiştirmeye Çalıştıkları Gizemini Koruyor,https://www.zaytung.com/haberdetay.asp?newsid=164344,294
"Sevgilisinin Ailesiyle Tanışan Genç, O Korku Dolu Anları Paylaştı: ""3 saat boyunca eski fotoğraflara baktık...""",https://www.zaytung.com/haberdetay.asp?newsid=163412,294
"Son 5 Yıldır Ezan Sesinden Etkilenerek Müslüman Olan Turiste Rastlanılmaması Üzerine Harekete Geçen Diyanet İşleri, Müezzinlere Şan Dersini Zorunlu Hale Getiriyor",https://www.zaytung.com/haberdetay.asp?newsid=163014,294
"Büyükşehir Belediyesi Afet Koordinasyon Merkezi'nden İstanbullular'a Önemli Çağrı: ""Kurtarın bizi!""",https://www.zaytung.com/haberdetay.asp?newsid=162595,294
"Bakanlar Kurulu Yeni Bir ""Halil Sezai"" Vakasının Yaşanmaması İçin Düğmeye Bastı. Terkeden Kadınları Ağır Yaptırımlar Bekliyor...",https://www.zaytung.com/haberdetay.asp?newsid=162303,294
"Kılıçdaroğlu'nun Bağımsız Mahkemelerde Yargılanma İsteğine Adalet Bakanlığı'ndan Olumsuz Yanıt: ""Şu an için böyle bir hizmetimiz bulunmuyor...""",https://www.zaytung.com/haberdetay.asp?newsid=162003,294
"Terör Örgütü Suçlamasıyla Çok Sayıda Üyesi Tutuklu Yargılanan KPMLH-C, Suikast Düzenleyebileceği Yeterince Ünlü Bir Ermeni Bulmaya Çalışıyor",https://www.zaytung.com/haberdetay.asp?newsid=161390,294
'Hangi şehrin soğuğu daha pis?' Panelinde Yumruklar Konuştu...,https://www.zaytung.com/haberdetay.asp?newsid=161219,294
"Çankaya Belediyesi, Sırf Ankara'yı Yaşayan Bir Dünya Şehri Haline Getirmek İçin Geceleri Sokaklarda Dolaşacak 20 Bin Kişi İstihdam Edecek",https://www.zaytung.com/haberdetay.asp?newsid=160285,294
"Egemen Seyisoğlu (29), Facebook Sayesinde Bir İş Arkadaşının Daha Denyo Olduğunu Farketmenin Hüznünü Yaşıyor",https://www.zaytung.com/haberdetay.asp?newsid=159621,294
"KCK Merkez Yönetim Kurulu: ""Bu kadar üyemiz olduğunu biz de bilmiyorduk...""",https://www.zaytung.com/haberdetay.asp?newsid=159236,295
"Yılbaşı Öncesi Zirveye Ulaşan Hayatla İlgili Beklentiler, Yılın İlk Pazartesi'siyle Birlikte Yerini ""Allah vere de trafik açık ola""ya Bıraktı",https://www.zaytung.com/haberdetay.asp?newsid=158039,295
"2011 İçin Felaket Kotasını Dolduran Türkiye, Yılın Son 2 Gününe Rahat Giriyor",https://www.zaytung.com/haberdetay.asp?newsid=157631,295
2012 Yılı Haber Takvimi Açıklandı,https://www.zaytung.com/haberdetay.asp?newsid=157229,295
Vizeleri Kaldırabileceğimiz Yeni Uygarlıklar Bulma Umuduyla Güney Amerika'ya Yollanan Dışişleri Heyetinden 2 Gündür Haber Alınamıyor,https://www.zaytung.com/haberdetay.asp?newsid=156808,295
"3 gün sürecek olan ""26. Geleneksel Fransa'yı Boykot Şenlikleri''ne Facebook Üzerinden Start Verildi",https://www.zaytung.com/haberdetay.asp?newsid=156204,295
"Türkiye, Önemli Tarihsel Figürlerimizden Nasrettin Hoca'nın Zihinsel Engelli Olduğunu Ortaya Koyan Belgelerle Sarsıldı",https://www.zaytung.com/haberdetay.asp?newsid=155611,295
"Cezayir, Gittikleri Her Ülkede Fransa'nın Bu Ülkeye Yaptığı Zulmü Anlatan Türk Diplomatlar Yüzünden Sıkıntılı Günler Yaşıyor",https://www.zaytung.com/haberdetay.asp?newsid=155429,295
"Irak Maliye Bakanlığı, ABD Tarafından Yaklaşık 1 Trilyon Dolar Olarak Açıklanan Savaş Faturasına İtiraz Etmeye Hazırlanıyor",https://www.zaytung.com/haberdetay.asp?newsid=154728,295
"OECD, 30 Yıldır ""Gelişmekte Olan Ülkeler"" Kategorisinden Çıkamayan Ülkeleri ""Bu kadar Gelişebilen Ülkeler"" Kategorisine Almaya Hazırlanıyor",https://www.zaytung.com/haberdetay.asp?newsid=154681,295
"CERN Deneyiyle İlgili de Söyleyecek İki Çift Lafı Olan Rasim Ozan Kütahyalı, Tam Olarak Kimi Şerefsizlikle Suçlayacağını Bulmaya Çalışıyor",https://www.zaytung.com/haberdetay.asp?newsid=154355,296
Cennete Gitmeyi Garantileyen 74 Yaşındaki Vahap Dede Artık Prestij Mücadelesi Veriyor,https://www.zaytung.com/haberdetay.asp?newsid=154053,296
"Çalıştığı Uluslararası Şirketin Potansiyel Yönetici Havuzuna Seçilen Genç Mühendisin Adı, Memleketi Yozgat'ta Bir Parka Verildi",https://www.zaytung.com/haberdetay.asp?newsid=153450,296
"70 Klasörlük İddianameyle Birlikte İyice Karmaşık Bir Hale Gelen Şike Soruşturması, Telegol Ekibine Zor Günler Yaşatıyor",https://www.zaytung.com/haberdetay.asp?newsid=152817,296
"Sırf Şehrin Adı Haberlerde Geçsin Diye Yozgat Meydanı'nda Toplanan Yozgatlılar, Beklenen İlgiyi Görmeyince Sessizce Evlerine Dağıldılar",https://www.zaytung.com/haberdetay.asp?newsid=152628,296
"4 Saat Boyunca Hoşlandığı Kızın Şiirlerine Maruz Kalan Genç, Fenalaşarak Hastaneye Kaldırıldı",https://www.zaytung.com/haberdetay.asp?newsid=151817,296
"Dedesinin Anılarından Yola Çıkarak Senaryo Yazmaya Kalkan Genç, 300 Sayfa Boyunca Hemoroid Anlattı",https://www.zaytung.com/haberdetay.asp?newsid=151659,296
Esprileriyle Tüm Türkiye'yi Kahkahalara Boğan Bakanlar Kurulu'nun Avrupa Turnesi Büyük İlgi Görüyor,https://www.zaytung.com/haberdetay.asp?newsid=151517,296
"Albüm Çalışması İçin 3 Sene Önce Stüdyoya Kapanan Genç Şarkıcı, Belediye Ekiplerinin Şafak Baskınıyla Stüdyodan Çıkarıldı",https://www.zaytung.com/haberdetay.asp?newsid=150988,296
"Bedelli Askerlik İçin Yaptığı Kredi Başvuruları Reddedilen Faruk Güzelcebey'in Vatanseverliği, Son 30 Yılın En Yüksek Seviyesine Ulaştı",https://www.zaytung.com/haberdetay.asp?newsid=150578,296
"Mahsun Kırmızıgül'ün Töre'yle İlgili Bir Tane Daha Film Veya Dizi Çekmesine Tahammülü Kalmayan Aşiretler, Barış Yemeğinde Bir Araya Geldi",https://www.zaytung.com/haberdetay.asp?newsid=149737,297
Son Olarak Suriye'nin de Eklenmesiyle Birlikte Türkiye'nin Resmi Özür Beklediği Ülke Sayısı 82'ye Ulaştı,https://www.zaytung.com/haberdetay.asp?newsid=148877,297
"Hükümet, Bedelli Askerlik Tartışmalarına Son Noktayı Koydu: ""Heyecan olsun diye en son onu görüşücez...""",https://www.zaytung.com/haberdetay.asp?newsid=148839,297
Kurumsal Şirket Çalışanı Olimpiyatları'na Türk Firmaları Damgasını Vurdu,https://www.zaytung.com/haberdetay.asp?newsid=147912,297
"İkinci Dünya Savaşı Hazırlıklarını Henüz Tamamlayan Nijer'de Hükümet, Enformasyon ve Haberleşme Bakanı'nı Görevden Aldı",https://www.zaytung.com/haberdetay.asp?newsid=147531,297
"Sırf Tecrübe Kazanmak İçin Karın Tokluğuna Çalışan Genç Mühendis, Şirketteki 4.Yılında Deneyimli Bir Kurye Olma Yolunda İlerliyor",https://www.zaytung.com/haberdetay.asp?newsid=147474,297
"Farkında Olmadan Evinde Flash Tv'yi Açık Unutan Konservatuvar Öğrencisi, Tüm Entelektüel Birikimini Bir Gecede Kaybetti",https://www.zaytung.com/haberdetay.asp?newsid=146542,297
"Mardin'de 13 Yaşındaki Kıza Tecavüz Davasının Ardından, Yetişkin Erkeklerin Çocuk Tacizinden Korunması İçin Düğmeye Basıldı",https://www.zaytung.com/haberdetay.asp?newsid=145895,297
"Kurbanlık Fiyatlarındaki Aşırı Yükselişin Önüne Geçmek İsteyen Merkez Bankası, Piyasaya Yüksek Miktarda Koyun Sürmeye Hazırlanıyor",https://www.zaytung.com/haberdetay.asp?newsid=145838,297
"Tüm Türkiye'nin Merakla Beklediği ""yeni web sitemizi nasıl buldunuz?"" Anketinin Sonucu Nihayet Açıklandı. Zafer ""Çok Beğendim""in",https://www.zaytung.com/haberdetay.asp?newsid=145135,297
"10 Yıldır Ülkemizde Yaşayan Fransız Lena Florent, Türkiye İzlenimlerini Kaleme Aldı: ""Ne İşim Var Lan Benim Burada?""",https://www.zaytung.com/haberdetay.asp?newsid=144986,298
"Edebiyat Fakültesinin Kantincisi Kuday Abi Açık Konuştu: ""O kadar da abarttıkları gibi biri değilim...""",https://www.zaytung.com/haberdetay.asp?newsid=144748,298
"Milli Eğitim Bakanlığı: ""Van'daki Depremi İlahi Adaletle Açıklayan Onbinlerce Gerizekalıya Okuma Yazma Öğretmeyi Başardığımız İçin Gururluyuz...""",https://www.zaytung.com/haberdetay.asp?newsid=144535,298
"""Şehit Haberi - Toplumsal Tepki - Geniş Çaplı Askeri Harekat - Öldürülen Terörist Sayısıyla Rahatlama"" Döngüsünde Bir Kez Daha Son Dönemece Girildi",https://www.zaytung.com/haberdetay.asp?newsid=144186,298
"Adıyaman Fatih Anadolu Lisesi 11/C Sınıfı, Felsefe Dersinde Hayatın Anlamını Çözdü",https://www.zaytung.com/haberdetay.asp?newsid=144109,298
"Rekor Düzeye Ulaşan Cari Açığı Kapatmak İçin Harekete Geçen Türkiye, Somali ve Libya'ya Yapılan Yardımları Geri Çağırıyor",https://www.zaytung.com/haberdetay.asp?newsid=142877,298
"AB İlerleme Raporunda, Pek De İlerleme Gösteremeyen Türkiye’nin Bu Durumu “Gençliğine” Verildi",https://www.zaytung.com/haberdetay.asp?newsid=142598,298
"Yunanistan Hükümeti, Kişi Başına Düşen Milli Geliri Artırmak İçin Her İki Kişiden Birini Vatandaşlıktan Çıkartmaya Hazırlanıyor",https://www.zaytung.com/haberdetay.asp?newsid=142234,298
"Ders Çalışma Esnasında Başlayan “Okulun en güzel kızı kim” Tartışması Yine Felaketle Sonuçlandı: 8 F, 2 Ders Tekrarı",https://www.zaytung.com/haberdetay.asp?newsid=142207,298
"Şu Ana Kadar Herhangi Bir Yaratıcılık Emaresi Göstermeyen Çiğdem Rençber (24), Yaratıcılığını Kullanabileceği Bir İşte Çalışmak İstiyor",https://www.zaytung.com/haberdetay.asp?newsid=141776,298
"Urfa'da Kontrolden Çıkan Töre Dehşet Saçtı. Bilanço Ağır: 319 Berdel, 133 Beşik Kertmesi",https://www.zaytung.com/haberdetay.asp?newsid=141643,299
"Kanundaki Boşluklardan Faydalanılarak Kurulan Türkiye'nin İlk ""Yasaiçi Terör Örgütü"", Birinci Yılını Doldurdu",https://www.zaytung.com/haberdetay.asp?newsid=141589,299
Yıllardır Zam Şampiyonluğuna Hasret Kalan Kabak Camiasında Sinirler Gergin,https://www.zaytung.com/haberdetay.asp?newsid=141331,299
"Emniyet, 1924 Yılında Başlatılan Ülkenin ilk ""Geniş Çaplı Soruşturma""sında Son Dönemece Girildiğini Duyurdu",https://www.zaytung.com/haberdetay.asp?newsid=141288,299
"Yayından Kaldırılan Dönem Dizisinin Ekibi, Heybeliada'da Yaşam Mücadelesi Veriyor",https://www.zaytung.com/haberdetay.asp?newsid=141116,299
"Cinnet Geçiren Milli Okçu, Eşini 8 Yerinden Okladı",https://www.zaytung.com/haberdetay.asp?newsid=140349,299
"Gün Boyunca Ağzından Dolar, Borsa ve Altın Laflarını Düşürmeyen Ofis Çalışanının Toplam Birikimi 3000 TL Civarında",https://www.zaytung.com/haberdetay.asp?newsid=140045,299
"İsrail Ordusu, Başbakan Erdoğan'a Laf Yetiştirmek Amacıyla Geliştirilen Yeni Savunma Sistemi Projesini Tanıttı",https://www.zaytung.com/haberdetay.asp?newsid=139947,299
Polisin Filmleri Aratmayan Operasyonuyla Çökertilen Zehir Tacirleri Yargı Yoluna Gitmeye Hazırlanıyor,https://www.zaytung.com/haberdetay.asp?newsid=139944,299
"42 Yıllık Devlet Memuru Tevfik Çeperli: “Hayatta en büyük şansım, benim için bir tutku olan memuriyetten aynı zamanda para kazanıyor olmam”",https://www.zaytung.com/haberdetay.asp?newsid=139939,299
"Emlakçı Tarafından ""merkezi lokasyonda"" Olarak Tanımlanan Evi Arama Çalışmalarında 3. Güne Girildi",https://www.zaytung.com/haberdetay.asp?newsid=138663,300
"""O filmleri normal kafayla çekmemiştir"" Söylentilerini Delil Kabul Eden Narkotik Şube Ekipleri, Ünlü Yönetmeni Gözaltına Aldı",https://www.zaytung.com/haberdetay.asp?newsid=138476,300
"""Şirket İmamı"" Uygulaması, Reklam Ajanslarını Zorluyor",https://www.zaytung.com/haberdetay.asp?newsid=138466,300
"Büyükşehir Belediyesi, Bütün Şehri Vardiyalı Sisteme Geçirerek İstanbul'un Trafik Sorununu Çözmeyi Hedefliyor",https://www.zaytung.com/haberdetay.asp?newsid=138323,300
Her Şeyin En İyisini Hakettiğini Düşünen Genç Kızın Bu Sonuca Tam Olarak Nasıl Vardığı Sorusu Gizemini Koruyor,https://www.zaytung.com/haberdetay.asp?newsid=137262,300
"Büyükşehir Belediyesi, Ankara'nın Kedi Figürlü Ambleminin de Yargıdan Dönmesinin Ardından Yeni Yol Haritasını Açıkladı: ""Her şey bitmiş değil. Daha bunun armudu var, keçisi var...""",https://www.zaytung.com/haberdetay.asp?newsid=137062,300
"Suriye, Irak, İran Ve İsrail'le Diplomatik Kriz Yaşayan Türkiye'nin Bölgedeki Yıldızı Her Geçen Gün Daha da Parlıyor",https://www.zaytung.com/haberdetay.asp?newsid=136680,300
"İçişleri Bakanlığı, Tatil Süresince İstanbul İçin Fazlalık Olduğu Tespit Edilen Yaklaşık 6 Milyon Kişiyi Afyon'un Sandıklı İlçesi'ne Yerleştirmeye Hazırlanıyor",https://www.zaytung.com/haberdetay.asp?newsid=134866,300
"Bayramda Huzurevini Ziyaret Eden Gençler, Mümkünse Kafa Bu Kadar Gitmeden Önce Ölmeyi Umuyorlar",https://www.zaytung.com/haberdetay.asp?newsid=133855,300
"Esnafla Kısa Sürede Senli Benli Olan Genç Üniversite Öğrencisi, Taşak Oğlanı Olduğunun Henüz Farkında Değil",https://www.zaytung.com/haberdetay.asp?newsid=132814,300
Dünyanın En Müreffeh Ülkelerinden Biri Olarak Bilinen Danimarka'da Ölüm Oranı %92'lere Kadar Gerileyerek Tarihin En Düşük Seviyesine Ulaştı,https://www.zaytung.com/haberdetay.asp?newsid=130992,301
"Dünya Ülkelerinden Beklenen İtiraf: ''Evet, gerçekten en büyük derdimiz Türkiye'ye mümkün olabildiğince fazla zarar vermek...''",https://www.zaytung.com/haberdetay.asp?newsid=130909,301
"Bu Sene Üniversiteyi Kazanan Eren Gülyüz'e, Babasının Yakın Arkadaşının Kuzeninden Müjdeli Haber: ""Sen yeter ki okulunu bitir, işin hazır...""",https://www.zaytung.com/haberdetay.asp?newsid=130562,301
"Beyoğlu Belediyesi, Planlanan Yeni Yasaklar İçin Kulağa Hoş Gelen, Prezentabl Bahaneler Üretecek Yaratıcı Yazarlar Arıyor",https://www.zaytung.com/haberdetay.asp?newsid=128493,301
PKK'nın 2. Adamını Yakaladığını İddia Eden İran'ın Tam Olarak Kimi Yakaladığı Sorusu Gizemini Koruyor,https://www.zaytung.com/haberdetay.asp?newsid=127981,301
"Taksim Burger King Çalışanı Ercan Güngör'ün Yıllar Süren Gözlemlerini Paylaştığı ""İlk Buluşmada Yapılmaması Gerekenler"" Adlı Kitabı Çıktı",https://www.zaytung.com/haberdetay.asp?newsid=127591,301
"Kaynacıklı Belediyesi, Geçtiğimiz Yıl İnternet Sitesini Ziyaret Eden 7 Kişiye İftar Yemeği Verdi",https://www.zaytung.com/haberdetay.asp?newsid=126635,301
"Oruç Tutmayan Kadına Yapılan Saldırının İzlerini Silmek İsteyen Erzurum Belediyesi, Oruç Tutmayan Bir Erkek Döverek İmajını Düzeltecek",https://www.zaytung.com/haberdetay.asp?newsid=125568,301
"Kafasını Biraz Boşaltmak İçin Magazin Programlarını İzlemeye Başlayan Talihsiz Genç Kadın, Artık Gülben Ergen'in Çocuklarının Adını Ezbere Sayabiliyor",https://www.zaytung.com/haberdetay.asp?newsid=124449,301
"Komutanların İstifasının Ardından Gözünü Yüksek Askeri Şura Toplantısına Çeviren İMKB, Konuyu Tam Olarak Anlayabilirse Krizden Etkilenmeyi Planlıyor",https://www.zaytung.com/haberdetay.asp?newsid=124370,301
"8 Yıldır Gönüllü Olarak Hapis Yatan Melih Toygar'dan Gençlere Tavsiye: ''Vakitlice yatın çıkın, sonradan rahat edersiniz...''",https://www.zaytung.com/haberdetay.asp?newsid=123054,302
"Olimpos'ta Hizmete Giren ""Fikret's Tree Houses"", En Kötü Hizmeti En Pahalıya Satma İddiasıyla Rakip İşletmelerin Korkulu Rüyası Oldu",https://www.zaytung.com/haberdetay.asp?newsid=123045,302
Yorum ve Paylaşımlarıyla Kitleleri Peşinden Sürükleyen Facebook Kullanıcısının Tatil Boyunca Yerini Dolduracak Yeni İsim Arayışları Sürüyor,https://www.zaytung.com/haberdetay.asp?newsid=120834,302
"Rakı Adabını En İyi Bilen Adam Olarak Tanınan 90 Yaşındaki Aydın Boysan: ""Artık lütfen benim peşimi bırakın!""",https://www.zaytung.com/haberdetay.asp?newsid=120002,302
"Usta Yönetmen Michael Heden, 2. Dünya Savaşı ile İlgili Çektiği 22. Filminde Bu Kez ""Devrecilik"" Sorununu İşliyor",https://www.zaytung.com/haberdetay.asp?newsid=119938,302
Borçsuz Doğan Bebek Ailelere Umut Veriyor,https://www.zaytung.com/haberdetay.asp?newsid=119319,302
Nijer Devlet Başkanı Ülkeyi Kat Karşılığı Müteahhite Verdi,https://www.zaytung.com/haberdetay.asp?newsid=118540,302
"Malavi'de Tamamen Nizami Harp Kurallarına Uygun Şekilde Gerçekleştirilen İç Savaş, UNESCO'nun ""Dünya Kültür Mirasları"" Listesine Alındı",https://www.zaytung.com/haberdetay.asp?newsid=116813,302
"Şike Soruşturmasıyla Birlikte Türkiye, Yeniden Doya Doya Futbol Tartışabilmenin Coşkusunu Yaşıyor",https://www.zaytung.com/haberdetay.asp?newsid=116468,302
"Anadolu Kültürüne Nesillerdir Damgasını Vuran Allı Turnanın En Nihayetinde Flamingo Olduğunun Ortaya Çıkmasının Ardından, Türkü Dünyasında Sular Durulmuyor",https://www.zaytung.com/haberdetay.asp?newsid=116444,302
"Saçma Sapan Hareketleri Nedeniyle Ailesi Tarafından 'Hiperaktif' Olarak Tanımlanan Çocuğun, Bildiğimiz Gerizekalı Olduğu Ortaya Çıktı",https://www.zaytung.com/haberdetay.asp?newsid=115723,303
"Kişisel Gelişim Kitaplarıyla Başarıya Ulaşabilen İlk Ofis Çalışanı, Başarısının Sırrını Paylaştı: ""Kişisel gelişim kitabı yazın""",https://www.zaytung.com/haberdetay.asp?newsid=115202,303
"Modern Tıbba ''Psikolojik kaynaklıdır, stresten uzak durun geçer'' Yöntemini Kazandıran Prof. Schumann'a, Psikiyatri Camiasından Büyük Onur",https://www.zaytung.com/haberdetay.asp?newsid=115125,303
"Emekli AVM Güvenlik Görevlisi, ""Dedektör ve Üniforma - Nasıl Sindirildik?"" Adlı Kitabıyla, Gizli Kalmış Pek Çok Olayın Perde Arkasını Araladı",https://www.zaytung.com/haberdetay.asp?newsid=114560,303
Yazlıkta Sular Durulmuyor: Engin'le Simge'nin Çıkmaya Başlaması Tüm Dengeleri Alt Üst Etti...,https://www.zaytung.com/haberdetay.asp?newsid=113987,303
Özlem Yurtseven'in Facebook'tan Gerçek Zamanlı Olarak Takip Edilen Aşk Hayatında Sezon Finali Heyecanı,https://www.zaytung.com/haberdetay.asp?newsid=113842,303
"Arkadaşlarının Gazıyla Stand-Up'çı Olmaya Karar Veren Üniversiteli Gencin İlk Gösterisinde Hüzün, Gözyaşı ve Utanç Vardı",https://www.zaytung.com/haberdetay.asp?newsid=112555,303
Yaklaşan Almancı Akını Öncesi Türkiye Bu Kez Gerçeği Açıkça Söylemeye Kararlı : “Sizde bizi sinir eden bişeyler var”,https://www.zaytung.com/haberdetay.asp?newsid=112453,303
"En Büyük Hayali ""Bir gün mutlaka Sezen'le çalışmak"" Olan Binlerce Genç Şarkıcının İmdadına ""Sezen'le İnteraktif Çalışın Seti"" Yetişti",https://www.zaytung.com/haberdetay.asp?newsid=111689,303
İki Kişiden Birinin AKP'ye Oy Verdiği Seçimin Ardından İki Kişiden İkisi de Diğerini AKP'ye Oy Vermekle Suçluyor,https://www.zaytung.com/haberdetay.asp?newsid=110298,303
"Yüksek Beklentilerle Senelik İzne Çıkan Ofis Çalışanı, Çok Büyük İhtimalle Yine Kimseyle Yatamadan Geri Dönecek",https://www.zaytung.com/haberdetay.asp?newsid=109204,304
"ABD Dışişleri Bakanlığı: ""Hangi parti bizim projemiz, kime kaç para verdik biz de tam bilemiyoruz...""",https://www.zaytung.com/haberdetay.asp?newsid=108418,304
"Türkiye'nin ""Aynı Olimpos Gibi Ama O Kadar Kalabalık Olmayan"" 63. İşletmesi de, En Azından Bu Yazı Batmadan Tamamlayabilmeyi Umuyor",https://www.zaytung.com/haberdetay.asp?newsid=107815,304
"İnternette Yayınlanan Komik Videoları Yeterince İlgi Çekmeyen Şarapçıdan, Mahalle Halkı da Desteğini Çekti",https://www.zaytung.com/haberdetay.asp?newsid=107569,304
"%100 Müşteri Memnuniyetini Hedefleyen Sellin's Restoran, Müşterilerine Diledikleri Takdirde Garsonları Dövebilme İmkanı Sunuyor",https://www.zaytung.com/haberdetay.asp?newsid=107294,304
"Yurtdışından Elektronik Eşya Siparişi Verdikleri Tanıdıklarını Karşılamaya Giden Vatandaşlar, Atatürk Havalimanı'nda İzdihama Sebep Oldular",https://www.zaytung.com/haberdetay.asp?newsid=107068,304
"Arabeskin Prensinden Şaşırtıcı Olgunluk: ""Kimse Kimseye Aşık Olmak Zorunda Değil!""",https://www.zaytung.com/haberdetay.asp?newsid=106942,304
"Bağımsız Şirketlerin Anketlerine Göre, Vatandaş Seçim Sürecine Siyaset Karıştırılmamasından Memnun",https://www.zaytung.com/haberdetay.asp?newsid=103240,304
"Türkiye'nin Yıllardır Cevap Aradığı Soru, Erol Evgin'e Yine Sorulamadı",https://www.zaytung.com/haberdetay.asp?newsid=103211,304
"""İnternetime dokunma"" Yürüyüşüne Katıldığını Sanan 20 Bin Kişi, Böyle Bir Yürüyüşün Aslında Hiç Gerçekleşmediği Gerçeğiyle Yüzleşmeye Çalışıyor",https://www.zaytung.com/haberdetay.asp?newsid=102872,304
"İnternette Yaptığı Araştırmalara Göre Lösemi Olduğunu Öğrenen Üniversiteli Genç, Kansere Karşı Azimle Mücadele Ediyor",https://www.zaytung.com/haberdetay.asp?newsid=102434,305
"Alzheimer Hastası Olduğu Geç Farkedilen Tevfik Serdil (82), Verdiği Nasihatlerle Bir Aileyi Yıkımın Eşiğine Getirdi",https://www.zaytung.com/haberdetay.asp?newsid=102264,305
"Latin Amerika Ülkeleri Adına Açıklama Yapan Ekvador Devlet Başkanı Rafael Corrado: ""Okyanus Ötesi Diyerek Bizi mi Kastediyorsunuz?""",https://www.zaytung.com/haberdetay.asp?newsid=101498,305
"Mayıs Ortasına Gelinmesine Rağmen Havaların Hala Isınmamış Olmasını Protesto Eden Vatandaşlar, Diyanet İşleri Başkanlığı Önüne Siyah Çelenk Bıraktılar",https://www.zaytung.com/haberdetay.asp?newsid=101124,305
Seks Kasedi Yalnızca 1.5 Dakika Süren Milletvekili Adayı Çifte Utanç Yaşıyor,https://www.zaytung.com/haberdetay.asp?newsid=100739,305
İnternet Yasaklarına Karşı Girişilecek Protesto Eylemlerini Düzenleme Üst Kurulu İçin Düğmeye Basıldı,https://www.zaytung.com/haberdetay.asp?newsid=99435,305
"Başta ""Kendi Aramızda Sade Bir Tören"" Olarak Düşünülen Bir Düğün Daha Ailelerin Araya Girmesiyle Kontrolden Çıktı. Bilanço Ağır: 15.000 Davetli",https://www.zaytung.com/haberdetay.asp?newsid=98310,305
"Aile İçi Şiddete Maruz Kalan Caillou, Sosyal Hizmetler Koruması Altında",https://www.zaytung.com/haberdetay.asp?newsid=97808,305
"Tayfun Talipoğlu: ""Bir tane daha köy ya da köylü görecek takatim kalmadı""",https://www.zaytung.com/haberdetay.asp?newsid=97730,305
"1915 Olaylarını Tanımlama Konusunda Her Sene Sıkıntı Yaşayan ABD Senatosu, 24 Nisan Tarihini Resmi Tatil İlan Etme Kararı Aldı",https://www.zaytung.com/haberdetay.asp?newsid=97404,305
"Vasat Bir Hayat Süreceği Aşağı Yukarı Belli Olan 28 Yaşındaki Bankacı, Evlilik Fikrine Artık Daha Sıcak Bakıyor",https://www.zaytung.com/haberdetay.asp?newsid=96722,306
"Propaganda Çalışmalarını Facebook Ve Twitter Üzerinden Yürüten Bağımsız Aday, İnternetin Yeni Yıldızı Olma Yolunda",https://www.zaytung.com/haberdetay.asp?newsid=96455,306
"Ziyaretçi Sayısını Artırmayı Hedefleyen Huzurevlerinde, Performans Değerlendirme Sistemine Geçiliyor",https://www.zaytung.com/haberdetay.asp?newsid=95791,306
"'Türkücü Nihat Doğan' Tiplemesiyle Gönülleri Fetheden Başarılı Oyuncu Demir Kungül, Artık Yeni Projelerde Yer Almak İstiyor",https://www.zaytung.com/haberdetay.asp?newsid=95449,306
"Yaklaşan Genel Seçimlerle Birlikte Türk Dış Politikasında ""Atara atar, gidere gider"" Sezonu Açıldı",https://www.zaytung.com/haberdetay.asp?newsid=94742,306
"Avrupa Nükleer Araştırma Organizasyonu (CERN), Antin Kuntin İşlere Dünyanın Parasını Harcayacaklarına, Dünyada Bir Sürü Fakir İnsan Var, Onları Doyuracaklarını Açıkladı",https://www.zaytung.com/haberdetay.asp?newsid=94709,306
"İki Yıl Süren Çatışmaların Ardından Nijer'de Yönetimi Ele Geçiren Albay Guamsia Yanlıları, O Kadar Zahmete Değip Değmediğinden Emin Olamıyor",https://www.zaytung.com/haberdetay.asp?newsid=93857,306
"Bazı Önyargıları Kırmak Amacıyla Kurulan ""Kürt Ama İyi"" Platformu, 10. Yılını Kutladı",https://www.zaytung.com/haberdetay.asp?newsid=93686,306
Sakat ve Defolu Hayvanların Satışa Sunulduğu Türkiye'nin İlk Pet Shop Outlet'i İstanbul Beylikdüzü'nde Hizmete Girdi,https://www.zaytung.com/haberdetay.asp?newsid=93278,306
"NASA, Deneklerin Aşk, Sağlık ve Para Verilerini Kullanarak Ay'ın Açısını ve Merkür'ün Dönüş Hızını Hesapladı",https://www.zaytung.com/haberdetay.asp?newsid=93147,306
"TNT Yönetimi: ""Sıra hangi kanaldaysa gelsin alsın artık Mehmet Ali Erbil'i""",https://www.zaytung.com/haberdetay.asp?newsid=93107,307
İnternette Devrim Yaratacak Yeni Bir Fikir Hayaliyle Yola Çıkan Gençlerin Bulabildikleri En İyi Fikir Yeni Bir Fırsat Sitesi Kurmak Oldu,https://www.zaytung.com/haberdetay.asp?newsid=92437,307
"""Şifreli Soru Kitapçığı"" İddiaları Yüzünden Zor Günler Geçiren ÖSYM, Yetkilerini Milli Piyango İdaresine Devretmenin Hesaplarını Yapıyor",https://www.zaytung.com/haberdetay.asp?newsid=91679,307
"En Çok Gürültüyü Hangi Partinin Aracı Çıkarıyorsa Ona Oy Veren Yurt Genelindeki 38 Seçmen, Yalnızca Seçim Dönemlerinde Hatırlanmaktan Şikâyetçi",https://www.zaytung.com/haberdetay.asp?newsid=91083,307
"Kısa Sürede Adını Bütün Dünyaya Duyuran Libya, 2011'i Turizm Yılı İlan Etti",https://www.zaytung.com/haberdetay.asp?newsid=90825,307
"Sürekli Olarak Şirket İçi Aktivite Organize Eden Ofis Çalışanı, Bütün Şirketin Kendisinden Nefret Ettiğini Hala Fark Edebilmiş Değil",https://www.zaytung.com/haberdetay.asp?newsid=90676,307
"Kahramanmaraş Halkı, Nükleer Enerji Festivalinde Hayko Cepkin'le Coştu",https://www.zaytung.com/haberdetay.asp?newsid=90494,307
"Dağda Mahsur Kalan Genç Çift, ""Cemaat Kitabı"" Sayesinde Hayata Döndü",https://www.zaytung.com/haberdetay.asp?newsid=89693,307
Dışişleri Müsteşarı Hüseyin Kandıra'nın İsviçre Ziyaretinde Espriler Yerlerde Süründü,https://www.zaytung.com/haberdetay.asp?newsid=89601,307
"Hayatı Boyunca Sigara İçmediği Halde Akciğer Kanserine Yakalanan Sam O'Sullivan, Amerikan Sigara Firmasının Yeni Reklam Yüzü Oldu",https://www.zaytung.com/haberdetay.asp?newsid=89210,307
"Televizyon Yarışmalarında Değerlendirilemeyen Yüz Binlerce Yetenekli Türk Vatandaşının Sergilendiği Fuar, Yabancı Firmalardan Yoğun İlgi Görüyor",https://www.zaytung.com/haberdetay.asp?newsid=89178,308
"İbrahim Tatlıses'i Hastanede Ziyaret Etmesine İzin Verilmeyen Eski Türkücü, Artık Yeterince Ünlü Olmadığı Gerçeğiyle Yüzleşmeye Çalışıyor",https://www.zaytung.com/haberdetay.asp?newsid=88021,308
Türkiye'den Japonya'ya Yardım Eli: 500 adet Jeoloji Profesörü Japon Kanallarında Depremi Yorumlayacak,https://www.zaytung.com/haberdetay.asp?newsid=87543,308
"mIRC'ın Kurucusu Khaled Mardam, Sefalet İçinde Yaşadığı Gecekondudan Halka Veryansın Etti",https://www.zaytung.com/haberdetay.asp?newsid=87194,308
"Devlet Meteoroloji İşleri Genel Müdürlüğü: ""Bu ne? Ne bu yağan? Ne yağıyor?!""",https://www.zaytung.com/haberdetay.asp?newsid=86596,308
Dönem Dizileri Yüzünden 1960'larda Gibi Yaşamaya Zorlanan Balat Mahallesi Sonunda İsyan Bayrağını Çekti,https://www.zaytung.com/haberdetay.asp?newsid=86407,308
Kanser Teşhisi Konduktan 3 Gün Sonra Hayatını Kaybeden Eski Tiyatrocuya Basının Tepkisi Çığ Gibi Büyüyor,https://www.zaytung.com/haberdetay.asp?newsid=86191,308
"Evlilik Planları Yapan Genç Gazeteci, Ergenekon Gözaltısını Bir An Önce Aradan Çıkarmak İçin Savcılığa Dilekçe Verdi",https://www.zaytung.com/haberdetay.asp?newsid=85794,308
"Son 1 Yılda 4 Kez Halk Devriminin Yapıldığı Eritre'de Halk, Uluslararası Basının Devrimlere Olan İlgisizliğinden Şikayetçi",https://www.zaytung.com/haberdetay.asp?newsid=85627,308
"30 Yıldır ""Huysuz Cüce""yi Başarıyla Canlandıran Tiyatro Oyuncusu Rasim Çetingün, Cüce Rolünün Üzerine Yapışmasından Şikayetçi",https://www.zaytung.com/haberdetay.asp?newsid=85612,308
"Temsili Törenlerde Düşman İşgalinden Kurtulmayı Başaramayan Hatay’ın Yaylalı İlçesi, Altı Gün Boyunca Fransız İdaresinde Kaldı",https://www.zaytung.com/haberdetay.asp?newsid=85265,309
"Arap Dünyasında İktidarı Kaybeden Devrik Liderler, Facebook ve Twitter'ı Kullanarak Eski Güçlerini Tekrar Kazanmaya Çalışıyorlar",https://www.zaytung.com/haberdetay.asp?newsid=85161,309
"İngiliz Sevgilisinden İnternette Kavga Ederek Ayrılan Türk Kızı, Google Translate'e Dava Açmaya Hazırlanıyor",https://www.zaytung.com/haberdetay.asp?newsid=85128,309
Facebook'ta 1000. Arkadaşını Eklemenin Mutluluğunu Dostlarıyla Paylaşmak İsteyen Gencin Düzenlediği Partiye 8 Kişi Katıldı,https://www.zaytung.com/haberdetay.asp?newsid=83711,309
Beklenen Büyük İstanbul Depremi İle İlgili Yetkililerden Rahatlatan Açıklama: ''Kocaeli falan komple yok olur ama İstanbul'a bir şey olmaz...'',https://www.zaytung.com/haberdetay.asp?newsid=83684,309
"Şehirden Bir Süreliğine Uzaklaşmak İsteyen Sanat ve Moda Dünyasının Tanınmış İsimleri, Güneye İnmek Yerine TOKİ Pendik Göçmen Konutları’nda Eve Çıktılar",https://www.zaytung.com/haberdetay.asp?newsid=82947,309
"Gürcistan'daki Nükleer Sızıntıyı İzlemek İçin Bölgeye Akın Eden Binlerce Vatandaş, Sarp Sınır Kapısı'nda İzdiham Yarattı",https://www.zaytung.com/haberdetay.asp?newsid=82508,309
"Türkiye, Penguen Dergisinde Yayınlanan Karikatürün Yaralarını Sarmaya Çalışıyor",https://www.zaytung.com/haberdetay.asp?newsid=82501,309
"Mevlevi Dernekleri Birliği, Eski Ünlüler İçin 2011 Yılı Tasavvuf Kontenjanlarını Açıkladı",https://www.zaytung.com/haberdetay.asp?newsid=81494,309
"64 Yaşında Hayatını Kaybeden Nesibe Gülmüş'ün Ailesi, Defin İşlemlerini Başlatmak İçin Hıncal Uluç Tarafından Yapılacak Kesin Açıklamayı Bekliyor",https://www.zaytung.com/haberdetay.asp?newsid=80955,310
"18 Yaşına Kadar Sadece Yakın Akraba Ortamında Bulunan Genç, Aslında Yakışıklı Olmadığı Gerçeğiyle Yüzleşmeye Çalışıyor",https://www.zaytung.com/haberdetay.asp?newsid=80690,310
Üniversite ve Özel Sektörün İşbirliğiyle Hayata Geçirilen Tamamı Yerli Üretim İlk Grip Virüsümüz Basına Tanıtıldı,https://www.zaytung.com/haberdetay.asp?newsid=80440,310
"Devlet Başkanı Kılığında “Fahri Doktora” Alarak, Akademik Kariyer Yapmaya Çalışan Çete Çökertildi",https://www.zaytung.com/haberdetay.asp?newsid=80410,310
"Ekonomik Darboğaza Düştüğüne Kimseyi İkna Edemeyen Jamaika, İflasın Eşiğine Geldi",https://www.zaytung.com/haberdetay.asp?newsid=80094,310
"Tüm Çabalarına Rağmen Hiçbir Sansasyonel Olaya Karışmayı Başaramayan Genç Şarkıcı, Müziği Bırakma Kararı Aldığını Açıkladı",https://www.zaytung.com/haberdetay.asp?newsid=79744,310
"Tamamen Modern Çocuk Eğitimi Usullerine Uygun Olarak Yetiştirilen Genç, Bankacı Olabilmek İçin Gün Sayıyor",https://www.zaytung.com/haberdetay.asp?newsid=79607,310
"Suriyeli Muhalif Lider, Türk Dizileri Yüzünden Bir Türlü Halk Ayaklanması Başlatamamaktan Şikayetçi",https://www.zaytung.com/haberdetay.asp?newsid=79544,310
Nijerya'dan Türkiye'ye Yatırım Hamlesi: ''Şimdi piramit ittifakı diye bi sistem var. Siz de altınıza 3 ülke buluyorsunuz...'',https://www.zaytung.com/haberdetay.asp?newsid=78953,310
"Artık Türkiye'ye Daha Fazla Katkıda Bulunamayacağını Düşünen Sertan Erçin'den Anlamlı Mesaj: ""Haydi selametle...""",https://www.zaytung.com/haberdetay.asp?newsid=77949,310
"Yıllar Önce Avrupa'ya Sürgüne Gönderilen Aykırı Yazar, Almanya'daki 4. Döner Büfesini Açmaya Hazırlanıyor",https://www.zaytung.com/haberdetay.asp?newsid=77948,311
"Türkiye'nin Uluslararası Kredi Notunun Yükseltilmesi, Tüm Yurtta Sevinç Gösterileriyle Kutlandı",https://www.zaytung.com/haberdetay.asp?newsid=77504,311
Sevgililer Günü Arifesinde İstanbul Boğazı'nda Batan Peluş Ayı Yüklü Kuru Yük Gemisi Paniğe Yol Açtı,https://www.zaytung.com/haberdetay.asp?newsid=77272,311
"Hrant Dink'i Ölümünün 4. Yıldönümünde Konserler ve Havai Fişek Gösterileriyle Anmaya Hazırlanan İstanbul Valiliği: ""Üzülmemizi o da istemezdi""",https://www.zaytung.com/haberdetay.asp?newsid=77003,311
"Aslantepe'nin Açılışında Başbakanı Protesto Eden Taraftarlar Kamera Kaydı İle Tespit Edilerek, Aynı Şekilde Yuhalanacaklar",https://www.zaytung.com/haberdetay.asp?newsid=76428,311
"Hamallık Yaparak Yaşamını Kazanan Süleyman Kerince, Bir Zamanlar Köyde Çobanlık Yapmış Olmaktan Utanmıyor",https://www.zaytung.com/haberdetay.asp?newsid=75040,311
"Tepkilerden Çekinen ""Muhteşem Yüzyıl"" Dizisinin Yapımcıları, Viyana Kuşatmasının Başarısız Olduğunu Halka Alıştıra Alıştıra Söylemeye Çalışacaklar",https://www.zaytung.com/haberdetay.asp?newsid=74235,311
"Türkiye'nin İlk ''Fan Club'' Kurucularından Bedia Ferhan, 96 Yaşında Hayata Gözlerini Yumdu...",https://www.zaytung.com/haberdetay.asp?newsid=73573,311
"Bilgi Üniversitesindeki Porno Skandalı Konusunda Vatandaşlardan Sağduyulu Yaklaşım: ""Filmi görmeden bir şey söylemek doğru olmaz""",https://www.zaytung.com/haberdetay.asp?newsid=73031,311
''Adam Gibi Adam'' Açık Konuştu: ''Gerçek bir hödük olduğumun ben de farkındayım...'',https://www.zaytung.com/haberdetay.asp?newsid=72716,311
"Yozgat'ta 2010 Yılının En Önemli 10 Olayını Listelemeye Çalışan Yerel Gazete, Bu Yıl da 6 Haberden Öteye Gidemedi",https://www.zaytung.com/haberdetay.asp?newsid=71782,312
Ölümünün 26. Yıldönümünde Mezarı Başında Anılan Yazarın Tam Olarak Ne Yazdığını Kimse Hatırlamıyor,https://www.zaytung.com/haberdetay.asp?newsid=71700,312
"""Türkiye'de 2010'un En Önemsiz 10 Kişisi"" Anketi Sonuçlandı",https://www.zaytung.com/haberdetay.asp?newsid=71443,312
"2010 Kehanetlerinden Hiçbirisi Tutmayan Ünlü Astrolog, 2011 İçin de İddialı Konuştu: ""Hayırlısı neyse o olacak...""",https://www.zaytung.com/haberdetay.asp?newsid=71016,312
"Kürt Sorununun Çözümü Konusundaki Görüşlerini Hala Açıklamadıkları Tespit Edilen 17 Kişi, Demokratik Açılım Sürecinde Hükümetin Yeni Umudu Oldu",https://www.zaytung.com/haberdetay.asp?newsid=70896,312
"Güzel Sanatlar Fakültesinden Ayrılıp, Mühendislik Okumaya Karar Veren Genç Kendisini Savundu: ""Önce bir altın bileziğim olsun da, hobi olarak yine uğraşırım""",https://www.zaytung.com/haberdetay.asp?newsid=70515,312
"İstanbul Emniyeti, Yılbaşında Taksim Meydanı'nda Yaşanacak Cinsel Taciz Olaylarının MOBESE Görüntüleri İçin İhaleye Çıkmaya Hazırlanıyor",https://www.zaytung.com/haberdetay.asp?newsid=69431,312
"Baklava, Kemençe, Karagöz-Hacivat Derken Yanlışlıkla ""Ermeni Soykırımı""na da Sahip Çıkan Yunanistan, Amerika'da Lobi Faaliyetlerine Başladı",https://www.zaytung.com/haberdetay.asp?newsid=69400,312
"Anadolu Yakası Metro Çalışmalarında Yapılan Hesaplama Hatası Sonucu, Kayışdağı Sakinlerinin Metro Rüyası Gerçek Oldu",https://www.zaytung.com/haberdetay.asp?newsid=68142,312
"Cumartesi Gecesi Avrupa Yakasına Geçmek İçin Taksiye Binen Genç Kız ve Taksi Şoförü, Uzun Süren Birlikteliklerini Evlilikle Noktalama Kararı Aldılar",https://www.zaytung.com/haberdetay.asp?newsid=67603,312
"Silah Bulundurma Yaşını 18’e İndiren Tasarıya Yönelik Eleştirilerin Ardından, TBMM Silah Alt Komisyonu ""Onlar"" Tehlikesine Dikkat Çekti",https://www.zaytung.com/haberdetay.asp?newsid=66994,313
"Devlet Meteoroloji İşleri Bu Sefer Kesin Konuştu: ""Bu yılın en soğuk kışı olacak""",https://www.zaytung.com/haberdetay.asp?newsid=66322,313
Bir Gerilim Filmi Karakteri Olduğu Tahmin Edilen 8 Yaşındaki Çocuğa Belediyeden Ağaç Ev Sözü,https://www.zaytung.com/haberdetay.asp?newsid=65812,313
Wikileaks'in Tamamen Gündemden Düşmemesi Nedeniyle Tüm Üniversiteliler Bu Pazar Sıra Dayağından Geçirilecek,https://www.zaytung.com/haberdetay.asp?newsid=65395,313
"Farklı Şehirlerde Yaşayan Genç Bir Çifti Yanlışlıkla 3 Ay Boyunca Dinleyen Telekulak Çetesi, Kendi Kendini Feshetme Kararı Aldı",https://www.zaytung.com/haberdetay.asp?newsid=63047,313
"Başbakan Erdoğan'ın Nikah Şahitliğini Yaptığı Kamberoğlu Çifti, Ayıp Olmasın Diye 4 Yıldır Boşanamıyor",https://www.zaytung.com/haberdetay.asp?newsid=62735,313
"Haydarpaşa Yangınıyla İlgili İlk Bilirkişi Raporu Açıklandı: Tarihi Bina, Aynı Anda 6 Klip Çekimini Kaldıramamış",https://www.zaytung.com/haberdetay.asp?newsid=62386,313
Wikileaks Belgeleri İle Birlikte Türkiye'de Her Kesimin Kendi Siyasi Görüşüne Olan İnancı Biraz Daha Pekişti,https://www.zaytung.com/haberdetay.asp?newsid=61887,313
"86 Yaşında Çıkardığı Kişisel Gelişim Kitabıyla Tepki Çeken Yeraltı Edebiyatının Ünlü İsmi, Eleştirileri Yanıtladı: ""Bu yaştan sonra ne yazsaydım?""",https://www.zaytung.com/haberdetay.asp?newsid=61879,313
"Türkiye-Suriye İlişkileri, Kaçak Wireless Kullanımı Nedeniyle Bir Kez Daha Gergin Günler Yaşıyor",https://www.zaytung.com/haberdetay.asp?newsid=61060,313
"""Geleceğin Mesleği"" Denilerek Çin Dili ve Edebiyatı, Şehir Bölge Planlama Gibi Bölümlere Yönlendirilen İşsiz Gençler, Seslerini Duyurmak İçin Bir Araya Geldiler",https://www.zaytung.com/haberdetay.asp?newsid=61055,314
"Kısa Süre Önce Uluslararası Bir Firmada Çalışmaya Başlayan Genç, Telefonda İngilizce Konuşmak Zorunda Kalınca Hastanelik Oldu",https://www.zaytung.com/haberdetay.asp?newsid=60572,314
"Erkek Dergilerinde Anlatılan Bütün Yöntemleri Uygulamasına Rağmen Kadınları Baştan Çıkarmayı Başaramayan Doruk Görgün, Konuyu Yargıya Taşımaya Hazırlanıyor",https://www.zaytung.com/haberdetay.asp?newsid=60383,314
"Başbakan'ın ""Demokrasi Mücadelesi"" Konulu Bir Sonraki Konuşması İçin Ziyaret Edeceği Üniversitede Endişeli Bekleyiş Başladı",https://www.zaytung.com/haberdetay.asp?newsid=59902,314
"Bayram Sonrası Yine Acı Bilanço: Kazalarda Hayatını Kaybetmeyen Milyonlarca Çalışan, İşlerinin Başına Döndü",https://www.zaytung.com/haberdetay.asp?newsid=59800,314
"4 Sene Önce Aldıkları Kurbanlığı Kesmeye Kıyamayan Aile, Koyunun Eceliyle Ölmesini Bekliyor",https://www.zaytung.com/haberdetay.asp?newsid=58612,314
Bayram Öncesi Üniversite Öğrencilerini Tedirgin Eden Soru: ''Bitirince ne olacaksın?'',https://www.zaytung.com/haberdetay.asp?newsid=56521,314
İntihar Komandolarının Almanya’daki Hazırlık Kampı Neşe İçerisinde Sürüyor,https://www.zaytung.com/haberdetay.asp?newsid=56420,314
"Youtube Yasağının Kalkması, Yasak Nedeniyle Youtube'a Giremeyen Tek T.C. Vatandaşı Ekrem Gündüz Tarafından Coşkuyla Kutlandı",https://www.zaytung.com/haberdetay.asp?newsid=54105,314
"Yoğun Talepten Dolayı, Cenazesi Teşvikiye Camii'nden Kaldırılacak Merhumlar İçin En Az Uzun Metrajlı Bir Filmde Oynama veya Bir Albüme Sahip Olma Şartı Getiriliyor",https://www.zaytung.com/haberdetay.asp?newsid=53726,314
"71 Yaşında Üniversite Hayalini Gerçekleştiren Mahir Demirci, Aldığı Disiplin Cezaları Nedeniyle Okuldan Atılmak Üzere",https://www.zaytung.com/haberdetay.asp?newsid=53089,315
"Ogün Samast'ın Avukatları: ""Bizim çocuk çok hareketli maşallah...""",https://www.zaytung.com/haberdetay.asp?newsid=52742,315
"Facebook ve Google Ofislerine Özenerek Çalışanlarına Eğlenceli İş Ortamı Sunan KOBİ, İflasın Eşiğine Geldi",https://www.zaytung.com/haberdetay.asp?newsid=52138,315
"MEB, Otistik Çocuklara Din Dersi Konulmasıyla İlgili Eleştirileri Yanıtladı: ""Ezberleri çok kuvvetli""",https://www.zaytung.com/haberdetay.asp?newsid=52101,315
"Hayatının 25 Yılını Zengin Olmaya Çalışarak Geçiren Girişimci, ""Nasıl Başaramadım?"" İsimli Kitabını Tanıttı",https://www.zaytung.com/haberdetay.asp?newsid=51093,315
"Yozgat'ın Çayıralan İlçesi, Türkiye'nin İlk Taşralı Panikatak Hastasına Ev Sahipliği Yapmanın Haklı Gururunu Yaşıyor",https://www.zaytung.com/haberdetay.asp?newsid=50618,315
Son 10 Yılda Münir Özkul'un Vefatıyla İlgili 20'den Fazla VTR Hazırlayan Televizyoncunun Sabırlı Bekleyişi Sürüyor,https://www.zaytung.com/haberdetay.asp?newsid=50143,315
"Bozulan Dizüstü Bilgisayarını İade Etmeye Çalışan Tüketici, Müşteri Hizmetlerinin Yoğun Çabaları Sonucu Hiçbir Şey Almadığına İkna Oldu",https://www.zaytung.com/haberdetay.asp?newsid=50103,315
"Steve Jobs: ""Müşteri sadakati konusunda ipin ucunu kaçırmış olabiliriz...""",https://www.zaytung.com/haberdetay.asp?newsid=49911,315
"Ermeni Soykırımı İddialarının En Sonunda Kendi Üzerine Kalacağından Endişe Eden Vatandaş, Osmanlı Arşivlerine Giriş İzni İstiyor",https://www.zaytung.com/haberdetay.asp?newsid=49421,315
Karadeniz Sahil Yolu Tünel Kazılarında 8 Yıldır Kurtarılmayı Bekleyen Tarihi Madencilere Rastlandı,https://www.zaytung.com/haberdetay.asp?newsid=49405,316
"Arkadaş Ortamındaki Muhabbetleri Filme Çeken Genç Yönetmen, Gişede Umduğunu Bulamadı",https://www.zaytung.com/haberdetay.asp?newsid=48924,316
"Çalı Süpürge Örücülüğünün Yaşayan Son Temsilcisinden Mesleğe Samimi Veda: ""Bitti de kurtulduk çok şükür""",https://www.zaytung.com/haberdetay.asp?newsid=48124,316
"Muhalefet ve İktidar Vekillerinin Uzlaşmasıyla Hayata Geçirilen Yeni Uygulama, Sıkıntıları Beraberinde Getirdi",https://www.zaytung.com/haberdetay.asp?newsid=48059,316
"RTÜK'ün ""İyi Uykular Çocuklar"" Projesi İle Geçtiğimiz Cuma Akşamı Uyumaya Gönderdiği Çocuklar, Yataktan Çıkmak İçin Televizyonun ""Günaydın"" Demesini Bekliyorlar",https://www.zaytung.com/haberdetay.asp?newsid=47331,316
"Tüm Uyarılara Rağmen Sağlıksız Yaşamakta Israr Ederek Ortalama Yaşam Süresini Düşüren Ailenin, Vatandaşlıktan Çıkarılması Gündemde",https://www.zaytung.com/haberdetay.asp?newsid=47287,316
"Facebook'un Yasaklanacağı Söylentileri Üzerine Harekete Geçen Şirket, Çalışanları İçin Komik Video, Resim ve Yılmaz Özdil Yazısı Stoklamaya Başladı",https://www.zaytung.com/haberdetay.asp?newsid=47062,316
"""Kibar Feyzo"" Filminde Kemal Sunal’ın Arkasında Duran Jandarmaların Hayat Öyküleri Kitap Oldu",https://www.zaytung.com/haberdetay.asp?newsid=46502,316
"Almanya'da Liyakat Nişanına Layık Görülen Fatih Akın'a Kültür Bakanlığı Sahip Çıktı: ""Biz daha pahalısını takarız...""",https://www.zaytung.com/haberdetay.asp?newsid=46446,316
"Mesih Olduğunu İddia Eden İsveçli Marcus Björksson, Yeni Dinin Yol Haritasını Çizdi: ""Öncelikli hedefimiz dördüncü büyük olmak""",https://www.zaytung.com/haberdetay.asp?newsid=46203,316
Hayatından Son Derece Memnun Olduğu Belirlenerek Hastaneye Kaldırılan Ergenin Durumu Ciddiyetini Koruyor,https://www.zaytung.com/haberdetay.asp?newsid=45210,317
"Kendi Kliplerinde Oyunculuk Yapmalarına İzin Verilmeyen Sanatçılar, Çekecekleri Ortak Bir Kliple Heveslerini Almayı Planlıyor",https://www.zaytung.com/haberdetay.asp?newsid=44836,317
"Emre Aydın'ın Eski Sevgilisini Unutmak Üzere Olması, Müzik Şirketinde Paniğe Neden Oldu",https://www.zaytung.com/haberdetay.asp?newsid=44347,317
"İş Arayan Bütün Tanıdıklarına ''Bana bir CV'ni yollasana'' Diyen Kurumsal Firma Çalışanı, İnsan Kaynakları Sitesi Açmaya Hazırlanıyor",https://www.zaytung.com/haberdetay.asp?newsid=44193,317
"Tophane Kültür ve Sanat Vakfı: ""Acı çekmek, sanatçının yaratım sürecini hızlandırıyor...""",https://www.zaytung.com/haberdetay.asp?newsid=44085,317
"Bültenlerin Sonunda Yayınlayacak İlginç Hayvan Görüntüsü Bulamayan Haberciler, Kanal Binasında Hayvan Eğitmeye Başladı",https://www.zaytung.com/haberdetay.asp?newsid=43537,317
"Ailesinin “Okumayacaksan Verelim Bir Ustanın Yanına” Teklifini Kabul Eden Çocuk, Sanayideki Birinci Yılını Doldurdu",https://www.zaytung.com/haberdetay.asp?newsid=43317,317
Trafik Kazası Sonucu Hayatını Kaybeden Yerel Gazete Muhabirinin Adının Ücra Bir Sokağa Verilmesiyle Ailesi Çifte Acı Yaşıyor,https://www.zaytung.com/haberdetay.asp?newsid=42882,317
"Sanayi Bakanlığı, Yapı Market Bağımlısı Vatandaşlarla Ağır Sanayi Hamlesi Yapmaya Hazırlanıyor",https://www.zaytung.com/haberdetay.asp?newsid=42696,317
"Japon Emniyet Müdürlüğü, Tüm Japon Halkını Zan Altında Bırakması Nedeniyle Robot Resim Uygulamasına Son Verdi",https://www.zaytung.com/haberdetay.asp?newsid=42249,317
"YTÜ Rektörü, Akademik Yılın Açılışında Yeni Gelen Öğrencilere Seslendi: ""Evet, çok şapşal göründüğünüz doğru...""",https://www.zaytung.com/haberdetay.asp?newsid=42248,318
"Yatırımlarıyla Parasına Para Katan Milli Piyango Talihlisi, Basının İlgisizliğinden Şikayetçi",https://www.zaytung.com/haberdetay.asp?newsid=42148,318
"Mahmutpaşa Esnafı ve Tüketiciler Birliği'nden Ortak Basın Açıklaması: ""Röportajlarda söyleyecek yeni bir şeyimiz yok""",https://www.zaytung.com/haberdetay.asp?newsid=41373,318
"Turizm Bakanlığı, Merakla Beklenen ""Yabancılar: Neden Geliyorlar? Nasıl Hayran Kalıyorlar?"" Raporunu Yayınladı",https://www.zaytung.com/haberdetay.asp?newsid=40787,318
"Nakit Primde Israr Eden 12 Dev Adam, 28 Milyon Liralık Çekle Yetindi",https://www.zaytung.com/haberdetay.asp?newsid=40490,318
"Referandum Döneminin Yıldız İsmi, Anayasa Hukukçusu Saim Gürler, Basının İlgisizliğinden Şikayetçi",https://www.zaytung.com/haberdetay.asp?newsid=40336,318
"Referandum Sınavını Geride Bırakan Türkiye, Şimdi Bu Sorunun Cevabını Arıyor: ""Soru neydi?""",https://www.zaytung.com/haberdetay.asp?newsid=40158,318
Pazar Günü Sandığa Gidecek Seçmenlere Uzmanlardan Son Uyarılar,https://www.zaytung.com/haberdetay.asp?newsid=39350,318
"''Çocuksuz Hat - Kafam Rahat'' Uygulamasıyla Tartışmalara Neden Olan Yekunoğlu Turizm, Gördüğü İlgiden Memnun",https://www.zaytung.com/haberdetay.asp?newsid=39152,318
"Ankara Emniyeti, Bayram Öncesinde Sahte Çocuk Çetesine Şafak Baskını Düzenledi",https://www.zaytung.com/haberdetay.asp?newsid=39068,318
"Taksim'den Kadıköy'e Geçmek İçin 7 Yıldır Dolmuş Parası Dilenen Genç, Törenlerle Doğubeyazıt'a Uğurlandı",https://www.zaytung.com/haberdetay.asp?newsid=38745,319
"İl Olmanın Mutluluk Getirmediğini Fark Eden Düzce Halkı, Tekrar İlçe Olmak İstiyor",https://www.zaytung.com/haberdetay.asp?newsid=38092,319
12 Dev Adam'ın Maçlarında Ponpon Kızlar Yerine Bülent Arınç'ın Çıkıp Şiir Okumasına Karar Verildi,https://www.zaytung.com/haberdetay.asp?newsid=37348,319
"Çin Sanayi Bakanlığı: ”Ucuz Değil, Zararına Satıyoruz”",https://www.zaytung.com/haberdetay.asp?newsid=37227,319
"104'lük Bekir Dede, Aklında Kaldığı Kadarıyla Uzun Yaşamın Sırlarını Anlattı",https://www.zaytung.com/haberdetay.asp?newsid=37219,319
AB Üyeliği İçin Yeni Yol Haritası Çizildi: Önce Eksik Evrakları Tamamlayacağız,https://www.zaytung.com/haberdetay.asp?newsid=36777,319
"Dizilerdeki 'Akıl Hocası Balıkçı' Karakterini Gerçek Sanan Gence, Balıkçılardan Meydan Dayağı...",https://www.zaytung.com/haberdetay.asp?newsid=35252,319
"Newsweek'in ""En iyi ülkeler"" Sıralamasında Üst Üste 2 Yıldır Sonuncu Olan Burkina Faso'da, Yönetim İstifa Etti",https://www.zaytung.com/haberdetay.asp?newsid=35244,319
"Referandum İçin Tarafını Açıklamamakta Direnen TÜSİAD'ın Genel Merkezine, Belediye'den Yıkım Kararı",https://www.zaytung.com/haberdetay.asp?newsid=34961,319
"KPSS'den Tam Puan Çeken Adaylar, Kopya Suçlamalarını Yanıtladılar: ""Sınava Beraber Çalıştık""",https://www.zaytung.com/haberdetay.asp?newsid=33591,319
"Başbakan'ın İftarda Ziyaret Ettiği Fakir Vatandaş: ""Aslında durumumuz fena değil""",https://www.zaytung.com/haberdetay.asp?newsid=33439,320
Türkiye İlk Defa İnternet Üzerinden Yapılan Bir Anketi Kaybetti,https://www.zaytung.com/haberdetay.asp?newsid=33362,320
"48 Yıldır Aynı Evde Kalan Mühendisler: ""Ayrı Eve Çıkmayı Hiç Düşünmedik""",https://www.zaytung.com/haberdetay.asp?newsid=33360,320
Kanal D Ekranlarına Yeni Bir Uyarlama Dizi Daha Geliyor: Das Kapital!,https://www.zaytung.com/haberdetay.asp?newsid=33350,320
"""Bu Ünlüleri Tanıyabildiniz mi?"" Sorusu Yanıt Buldu",https://www.zaytung.com/haberdetay.asp?newsid=33346,320
Mühendislik Öğrencisinin Sosyalleşme Azmi Görenleri Şaşırtıyor,https://www.zaytung.com/haberdetay.asp?newsid=33329,320
"Stajda İlk Ayını Dolduran Genç, Hiçbir Şey Yapmadan Mesai Doldurma Konusunda Kendisini Geliştiriyor",https://www.zaytung.com/haberdetay.asp?newsid=32828,320
"""Sakat"" ve ""Özürlü"" Sözcüklerinden Sonra, ""Engelli"" Sözcüğü de Rencide Edici Olduğu Gerekçesiyle Değiştiriliyor",https://www.zaytung.com/haberdetay.asp?newsid=31716,320
"İlk Romanından Sonra Ortadan Kaybolarak Efsane Olan Yazarın, Halen Çorum'da Uzun Dönem Askerlik Yaptığı Ortaya Çıktı",https://www.zaytung.com/haberdetay.asp?newsid=31643,320
"Amerika, Feriha Teyze'nin New York'ta Doktora Yapan Oğlunu Konuşuyormuş",https://www.zaytung.com/haberdetay.asp?newsid=31633,320
"Ruşen Amca'nın Oğlu, Evinde Ölü Bulundu",https://www.zaytung.com/haberdetay.asp?newsid=31629,321
"Aynı Köye Aynı Gün İçinde 4 Farklı Anadolu Programı Ekibinin Gelmesi, Köylüleri İsyan Ettirdi",https://www.zaytung.com/haberdetay.asp?newsid=30774,321
Barkın Sezer Hayata Gözlerini Açtı,https://www.zaytung.com/haberdetay.asp?newsid=30762,321
"Nüfus Cüzdanlarından Din Hanesi Kaldırılan Belde Halkı, Topluca Dinden Çıkmanın Eşiğinden Döndü",https://www.zaytung.com/haberdetay.asp?newsid=30318,321
"Emniyet Güçleri Tarafından Bulunan Sahipsiz Bebeklere ""Kader"" ve ""Umut"" Dışında Bir İsim Verilebilmesi İçin İlk Adım Atıldı",https://www.zaytung.com/haberdetay.asp?newsid=30188,321
Nokia'dan Yerelleştirilmiş Hazır SMS Atağı,https://www.zaytung.com/haberdetay.asp?newsid=30178,321
"STV, 2 Yıl Önce İşten Çıkardığı Ayna Programı Ekibine Hala Ulaşmaya Çalışıyor",https://www.zaytung.com/haberdetay.asp?newsid=30133,321
"'Are You Sex?' İngilizce Kursu, Düz Lise İngilizce'siyle İnternet'te Kamera Açtırmak İsteyen Gençlerin Umudu Oldu",https://www.zaytung.com/haberdetay.asp?newsid=30014,321
"Son Bizanslılardan, Osmanoğlu Hanedanı'na ''Mağdur Edebiyatı'' Suçlaması",https://www.zaytung.com/haberdetay.asp?newsid=29874,321
"Tüketici Hakları Derneği, Bir Heves Alınıp En Fazla İki Kere Kullanılan Küçük Ev Aletleri İçin Harekete Geçti",https://www.zaytung.com/haberdetay.asp?newsid=29852,322
"Dışişleri Bakanlığı: ''Arap Turist patlaması, Avrupa Birliği vizyonumuzun bir parçası...''",https://www.zaytung.com/haberdetay.asp?newsid=29764,322
"Çarkıfelek Sunuculuğu Mesleğinin Yaşayan Son Temsilcisi Mehmet Ali Erbil, İlgisizlikten Yakındı...",https://www.zaytung.com/haberdetay.asp?newsid=29503,322
"Doğu İllerine Tur Düzenleyen Seyahat Acentesi, Ramazan Ayının Yaklaşması İle Birlikte Artan İlgiden Dolayı Şaşkın",https://www.zaytung.com/haberdetay.asp?newsid=29232,322
"Genelkurmay, Yüksek Askeri Şura Toplantılarını Açık Görüş Günlerine Denk Getirmek İçin Hazırlıklara Başladı",https://www.zaytung.com/haberdetay.asp?newsid=29227,322
"Son 20 Senedir Gençlik Dizilerinde Lise Öğrencisini Canlandıran Oyuncu, Kalp Yetmezliğinden Yaşamını Yitirdi",https://www.zaytung.com/haberdetay.asp?newsid=29198,322
"Başbakan'ın ""İşsizlik yok, iş beğenmiyorlar"" Açıklamasından Etkilenen ODTÜ'lü Genç, Mahalle Berberine Kalfa Oldu",https://www.zaytung.com/haberdetay.asp?newsid=28561,322
"Tercih Kılavuzundaki Hatalarla İlgili Olarak ÖSYM'den Rahatlatan Açıklama: ""Çalışan seneye de kazanabilir""",https://www.zaytung.com/haberdetay.asp?newsid=28548,322
Güney Afrika'yı Yıllarca Nelson Mandela Yerine Morgan Freeman'ın Yönettiği Ortaya Çıktı,https://www.zaytung.com/haberdetay.asp?newsid=27438,322
Özelleştirme Kapsamına Alınan Mezarlıklara Bankalardan Yoğun İlgi,https://www.zaytung.com/haberdetay.asp?newsid=27399,322
"Sağlık Bakanlığı, Obeziteyle Mücadele İçin Fast Food Ürünlerine Fotoğraflı Uyarılar Koymaya Hazırlanıyor",https://www.zaytung.com/haberdetay.asp?newsid=26955,323
Küresel Isınmanın Son Kurbanı: Barajlardaki Su Seviyesini Cetvelle Göstermekten Sorumlu Belediye Personeli,https://www.zaytung.com/haberdetay.asp?newsid=26731,323
Petek Dinçöz-Can Tanrıyar İlişkisinin 2010-2011 Sezonu Naklen Yayın Hakları İhalesi İçin Nefesler Tutuldu,https://www.zaytung.com/haberdetay.asp?newsid=26282,323
"Hayran Sayısı Hızla Artan Alternatif Rock Grubu, Piyasa Olma Tehlikesiyle Karşı Karşıya",https://www.zaytung.com/haberdetay.asp?newsid=26242,323
"Hakkari Çukurca Sıfır Noktası, Yeni Ziyaretçileri İçin Turizm Sezonuna Hazırlanıyor",https://www.zaytung.com/haberdetay.asp?newsid=25959,323
"Milyonları Ekrana Kilitleyen Dizi Aşk-ı Memnu, Yaklaşık 1.5 Yıllık Gecikmenin Ardından Ekranlara Veda Etti",https://www.zaytung.com/haberdetay.asp?newsid=24658,323
"Vakit Gazetesinin Düzenlediği ""Geleneksel Hüseyin Üzmez Gazetecilik Ödülleri"" Sahiplerini Buldu",https://www.zaytung.com/haberdetay.asp?newsid=24602,323
"İstinye Park, Ünsüz Ziyaretçi Sayısına Sınırlama Getirmeye Hazırlanıyor",https://www.zaytung.com/haberdetay.asp?newsid=24459,323
"Büyükşehir Belediyeleri Konferansında, ""Toplu Taşıma Araçlarındaki Susmak Bilmeyen Liseliler"" Sorununa Çözüm Aranacak",https://www.zaytung.com/haberdetay.asp?newsid=23810,323
"Diyanet İşleri Başkanlığı, Ramazan Ayında Gelecek Soruları ""Diyanet Chat Bot""la Karşılamaya Hazırlanıyor",https://www.zaytung.com/haberdetay.asp?newsid=23498,323
Sonunda Eve Çıkmayı Başaran Üniversite Öğrencisinin Artık Yıllarca Anlatabileceği Çok Komik Hikayeleri Var,https://www.zaytung.com/haberdetay.asp?newsid=22866,324
"Yunanistan Çalışma Bakanlığı'ndan Beklenen Açıklama: ""Aslında bizim pek çalışmaya niyetimiz yok...""",https://www.zaytung.com/haberdetay.asp?newsid=22715,324
Protesto Edebilecekleri Bir İsrail Büyükelçiliği Bulamayan İranlıların 30 Yıllık Çilesi Bitiyor,https://www.zaytung.com/haberdetay.asp?newsid=22039,324
Sel Felaketi Nedeniyle İstanbul'un Bazı Semtlerinde Televizyon Muhabiri ve Kameraman Sayısı Tehlikeli Boyutlara Ulaştı,https://www.zaytung.com/haberdetay.asp?newsid=21934,324
"Ülkemizde İlk Kez Konser Veren Genç Şarkıcı, İstanbul'dan ve Seyirciden O Kadar da Fazla Etkilenmedi",https://www.zaytung.com/haberdetay.asp?newsid=21612,324
"Başbakanlık İnternet ve Bilişim Daire Başkanı Sonunda Patladı: ''Sayemizde VPN öğrendiniz, hala şikayet...''",https://www.zaytung.com/haberdetay.asp?newsid=21354,324
Eurovision'da Yine Sonuncu Olan İngiltere'de Halk Sokaklara Döküldü,https://www.zaytung.com/haberdetay.asp?newsid=20856,324
"Lost'un Bitmesi İle Boşluğa Düşen 6 Yıllık Evli Çift, Son Çare Olarak Tekrar Düzenli Seks Yapmaya Hazırlanıyor",https://www.zaytung.com/haberdetay.asp?newsid=20693,324
"İstanbul, Tarihinin En Gerçekçi Fetih Şenliğine Hazırlanıyor",https://www.zaytung.com/haberdetay.asp?newsid=19675,324
"""Gandhi Kemal""le Başlayan Değişim Rüzgarından İlk Nasibini Alan Meclis Kılık Kıyafet Yönetmeliği Oldu",https://www.zaytung.com/haberdetay.asp?newsid=19297,324
TRT'nin Yeni Kanalı ''İş Makinesi TV'' Yayın Hayatına Başlıyor...,https://www.zaytung.com/haberdetay.asp?newsid=19131,325
"Referandum Öncesi Seslerini Duyurmak İsteyen Kararsızlar, Nerede Toplanacaklarına Tam Olarak Karar Veremediler",https://www.zaytung.com/haberdetay.asp?newsid=18892,325
"Ahiret Günü İçin Danışmanlık Hizmeti Veren Hukuk Bürosu, Gördüğü İlgiden Memnun",https://www.zaytung.com/haberdetay.asp?newsid=18469,325
"16 Yıllık Geçmişi Bulunan ""Beyaz Yakalı Girişimciler Kulübü"" İlk Projesini Hayata Geçirmeye Hazırlanıyor",https://www.zaytung.com/haberdetay.asp?newsid=17555,325
"Batının Ahlaksızlığını Alan Gençler, Yurda Döndü",https://www.zaytung.com/haberdetay.asp?newsid=17264,325
"Dizilerdeki Yozlaşmış Aile Tipine Karşı Bakanlığın Son Umudu ""Çocuklar Duymasın""",https://www.zaytung.com/haberdetay.asp?newsid=16652,325
Eğitim Sisteminde Köklü Değişiklik: “Hiçbiri” Seçeneği “E” Şıkkından “B” Şıkkına Alınıyor,https://www.zaytung.com/haberdetay.asp?newsid=16600,325
"İnternet Üzerinden İkramiye Dağıtan Euro Milliones Lottery: ""Milyon Dolarlar Veriyoruz, Alan Yok""",https://www.zaytung.com/haberdetay.asp?newsid=16589,325
Piramitlerin Binlerce Yıllık Sırrı Çözüldü: Mısır'a Turist Çekmek İçin Yapılmışlar,https://www.zaytung.com/haberdetay.asp?newsid=16348,325
"Askerliğini Orduevinde Garson Olarak Yapan Genç, Tam Bir Ölüm Makinesine Dönüştü",https://www.zaytung.com/haberdetay.asp?newsid=16130,325
"8 Yaşındaki Çocuk, Sansürlenmemiş Sigara Sahnesi Yüzünden Sigaraya Başladı!",https://www.zaytung.com/haberdetay.asp?newsid=15948,326
"İZ TV Kurucusu Coşkun Aral: ""Büyük bir yalana kurban gittik""",https://www.zaytung.com/haberdetay.asp?newsid=15690,326
Valilik'ten 1 Mayıs'ta Resmi Tören Sürprizi,https://www.zaytung.com/haberdetay.asp?newsid=15042,326
YGS Birincisi Olduğunu Miami'de Tatildeyken Öğrenen Gence Basının Tepkisi Çığ Gibi Büyüyor,https://www.zaytung.com/haberdetay.asp?newsid=15014,326
"Ankara, ""2011 Yılı Avrupa Alışveriş Merkezi Başkenti"" Olmaya Hazırlanıyor",https://www.zaytung.com/haberdetay.asp?newsid=14610,326
Ermenistan Provokasyona Doymuyor: Şimdi de İstiklâl Marşımızı Çok Kötü Söylediler!,https://www.zaytung.com/haberdetay.asp?newsid=14360,326
"O Kadar da Güzel Olmayan Başarısız Genç Kız, Son Yolculuğuna Uğurlandı",https://www.zaytung.com/haberdetay.asp?newsid=13988,326
"Yeni AB Stratejisi Açıklandı: ""Bireysel Başvuru Modeli"" İle Tek Tek Gireceğiz",https://www.zaytung.com/haberdetay.asp?newsid=13981,326
"Türkiye'nin İlk Cinsellik Sempozyumunda, ""Cinsel Bir Yaşam Mümkün Mü?"" Sorusuna Yanıt Arandı",https://www.zaytung.com/haberdetay.asp?newsid=13901,326
Ünlü İsimler Kendileri İle Anılacak Belde Arayışında,https://www.zaytung.com/haberdetay.asp?newsid=13577,326
"Art Arda Gelen Yumruklu Saldırılar Üzerine AKP, Kızılcahamam Kamp Programına Savunma Sporlarını da Ekleme Kararı Aldı",https://www.zaytung.com/haberdetay.asp?newsid=13420,327
Beklenen Kül Bulutu İçin Hazırlıklar Tüm Hızıyla Sürüyor,https://www.zaytung.com/haberdetay.asp?newsid=12965,327
"Başbakan Erdoğan'ın ""İslami Terör Olmaz"" Açıklamasına El Kaide'den Sitem Dolu Yanıt: ""Elimizden Geleni Yapıyoruz!""",https://www.zaytung.com/haberdetay.asp?newsid=11697,327
Ferhat Göçer ve Kulaklığı Yollarını Ayırıyor,https://www.zaytung.com/haberdetay.asp?newsid=11096,327
Üniversite Sınavına Girecek Öğrenciler İçin Altın Değerinde Tavsiyeler,https://www.zaytung.com/haberdetay.asp?newsid=10739,327
Televizyonda Yeteri Kadar Anayasa Tartışması İzleyen Vatandaşa Hukuk Diploması Verildi,https://www.zaytung.com/haberdetay.asp?newsid=10696,327
Televizyon Programlarına Ödül Vermek İçin Üniversite Kuran İş Adamına Kendi Üniversitesi Tarafından Fahri Doktora Ünvanı Verildi,https://www.zaytung.com/haberdetay.asp?newsid=10077,327
"""Sıradaki Sanatçı Müzik Okulu""nda Sadece Sabah Programlarına Konuk Olmaları İçin Genç Müzisyenler Yetiştirilecek",https://www.zaytung.com/haberdetay.asp?newsid=9814,327
Psikoloji Kongresinde Arşivomani Hastalığı Tartışıldı,https://www.zaytung.com/haberdetay.asp?newsid=9702,327
"Cuma Namazı Sonrası Beyazıt Meydanı'nda Toplanan Cemaat, Galiba Bir Şeyleri Protesto Etti",https://www.zaytung.com/haberdetay.asp?newsid=9683,327
"İstanbul Emniyeti Çocuk Şubesi, Yetiştirilmek Üzere 1000 Adet Çocuk Polis Alıyor",https://www.zaytung.com/haberdetay.asp?newsid=9551,328
"Psikiyatristler Uyarıyor: ""Kekin, çikolatanın fetiş objesi haline gelmesi sağlıklı bir akıl durumu değil...""",https://www.zaytung.com/haberdetay.asp?newsid=9260,328
"İşsizlikle Mücadelede Nihai Çözüm İçin ""Çalışma Kampları"" Dönemine Geçiliyor",https://www.zaytung.com/haberdetay.asp?newsid=8821,328
Karayolları Genel Müdürlüğü'nün Yol Bakım ve Onarım Çalışmaları Esnasında Yozgat'ın Bir Süredir Varolmadığı Fark Edildi,https://www.zaytung.com/haberdetay.asp?newsid=8383,328
Müslüman İlim Adamları Sadece Kur'an'dan Alınan Bilgilerle Dizel Jeneratör Ürettiler,https://www.zaytung.com/haberdetay.asp?newsid=8150,328
Kamuoyunun Kıyamet Beklentilerine Cevap Veremeyen CERN'de Olağanüstü Genel Kurul Sesleri,https://www.zaytung.com/haberdetay.asp?newsid=8101,328
"Iggle Piggle İsyan Etti: ""Bana da Gece Bahçesi'nde Yer Tahsis Edilsin!""",https://www.zaytung.com/haberdetay.asp?newsid=7314,328
"Anayasa Değişikliği Paketi'nin İçeriği Açıklandı: Yargıda Tüm Yetki STV'nin ""Gereği Düşünüldü"" Programına Devrediliyor",https://www.zaytung.com/haberdetay.asp?newsid=6810,328
"Türkiye'den 21 Milyar Dolarlık Tazminat Talep Eden Uzan Kardeşler: ""Mesele Para Değil...""",https://www.zaytung.com/haberdetay.asp?newsid=6695,328
"Metrobüs ""Ön Kapı Sahanlığı Kombine Biletleri""ne Yoğun İlgi",https://www.zaytung.com/haberdetay.asp?newsid=6284,328
"Türkiye Ermeni Cemaati: ""Bu Kez Daha Az Kayıp Vermeyi Umuyoruz""",https://www.zaytung.com/haberdetay.asp?newsid=5988,329
"Devlet, Yaralarını Bir Türlü Saramayan Feridun Düzağaç'a Yardım Eli Uzatıyor",https://www.zaytung.com/haberdetay.asp?newsid=5927,329
İstanbul’da Sağlık Hizmetleri Diziler Nedeniyle Sekteye Uğradı,https://www.zaytung.com/haberdetay.asp?newsid=5904,329
Sierra Leone'de Unutulan Büyükelçi Çareyi Ermeni Tasarısında Buldu,https://www.zaytung.com/haberdetay.asp?newsid=5135,329
Güneye Göç Ettiği Sanılan Kara Çaylakların Bu Sene Kışı Milas'ta Geçirdikleri Ortaya Çıktı,https://www.zaytung.com/haberdetay.asp?newsid=4562,329
İndirim Kampanyalarıyla Halk Ayaklanması Başlatmayı Hedefleyen Devrimci Örgüt Çökertildi,https://www.zaytung.com/haberdetay.asp?newsid=4561,329
Ergenekon Gözaltıları En Çok Site Yönetimlerini Vurdu,https://www.zaytung.com/haberdetay.asp?newsid=3677,329
Üniversite-Sanayi İşbirliğinden Sonra İş Dünyasının Gözü Şimdi de İlkokullarda,https://www.zaytung.com/haberdetay.asp?newsid=3567,329
Zor Günler Geçiren Yunanistan'dan Şaşırtan Teklif: Ülkeyi Sizin Üstünüze Yapalım,https://www.zaytung.com/haberdetay.asp?newsid=3465,329
"STV: ""Haber Kanalımızın İzleneceğini Öngöremedik""",https://www.zaytung.com/haberdetay.asp?newsid=3410,330
Yüksek Öğrenim Camiası Bu Sorunun Cevabını Arıyor: En Zor Bölüm Hangisi?,https://www.zaytung.com/haberdetay.asp?newsid=3386,330
Kültür Bakanlığı Türkiye'yi Sarsan Ses Kayıtları İçin Stüdyoya Giriyor,https://www.zaytung.com/haberdetay.asp?newsid=3067,330
"Yıllar Sonra Girilen TRT 4'ün Arşiv Odalarında, Çok Sayıda TSM Sanatçısı ve Açıköğretim Öğretmeninin Unutulduğu Ortaya Çıktı",https://www.zaytung.com/haberdetay.asp?newsid=2938,330
"Ünlü Stratejist Yargıdaki Depremi Yorumladı: ""Savcısı Önce Biten Taraf Kaybedecek""",https://www.zaytung.com/haberdetay.asp?newsid=2639,330
Kendi Hatasını Anlayıp Fabrikaya Dönebilen Yeni Nesil Toyotalar Yolda,https://www.zaytung.com/haberdetay.asp?newsid=2491,330
"İnternet Bağımlılığından Kurtulmak İsteyenler ""hayat-disarida.org"" Adresinde Buluşuyor",https://www.zaytung.com/haberdetay.asp?newsid=2490,330
"Dışişleri Bakanlığı: ""Vizeleri Kaldırdığımız Ülkelere Gitmiyoruz, Ayıp Oluyor""",https://www.zaytung.com/haberdetay.asp?newsid=2422,330
"Sanat, Spor ve Siyaset Dünyasının Tanınmış İsimleri Buluştu",https://www.zaytung.com/haberdetay.asp?newsid=2415,330
"Avrupa Demiryolları İşletmecileri Türkiye'ye Sert Çıktı: ""İnterrail Yapmayacaksanız En Baştan Söyleyin!""",https://www.zaytung.com/haberdetay.asp?newsid=2354,330
"Kendi Belediyesinde İtfaiye Eri Olarak İşe Başlayan Belediye Başkanı, Kadrolaşma İddialarını Sert Bir Dille Yalanladı",https://www.zaytung.com/haberdetay.asp?newsid=2294,331
Kanada Sırf Aksiyon Olsun Diye Türkiye'den 20.000 Taksi ve Dolmuş Şoförü Göçmen Almaya Hazırlanıyor,https://www.zaytung.com/haberdetay.asp?newsid=2258,331
G8 Zirvesinden Sürpriz Karar: Brezilya Artık Gelişmiş Bir Ülke,https://www.zaytung.com/haberdetay.asp?newsid=2253,331
"TÜSİAD: ""Sevgililer Günü'yle İlgili Olarak Bütün Kapitalistlerin Töhmet Altında Bırakılmasından Rahatsızız""",https://www.zaytung.com/haberdetay.asp?newsid=2166,331
Beyoğlu Belediyesi'nin Cihangir’deki Ünlü Popülasyonunu Koruma Çalışmaları Sürüyor,https://www.zaytung.com/haberdetay.asp?newsid=1991,331
"Evli Kalmak İçin Daha İyi Bir Neden Bulamayan Çift, 10 Yıllık Ev Kredisine Girdi",https://www.zaytung.com/haberdetay.asp?newsid=1914,331
Bilim Dünyasını İkiye Bölen Font: Comic Sans,https://www.zaytung.com/haberdetay.asp?newsid=1863,331
Tayvan Meclisi’nden Türkiye’ye Dostluk Turnuvası Önerisi,https://www.zaytung.com/haberdetay.asp?newsid=1830,331
Nanoteknoloji Devi Hollanda Türkiye'den Teknoloji İthal Etmeye Hazırlanıyor,https://www.zaytung.com/haberdetay.asp?newsid=1792,331
"Türk Kardiyoloji Derneği'nden Önemli Uyarı: ""Herkes Halil Ergün Olamaz!""",https://www.zaytung.com/haberdetay.asp?newsid=1676,331
2010 İlkbahar/Yaz Almancı Koleksiyonu Görücüye Çıktı,https://www.zaytung.com/haberdetay.asp?newsid=1519,332
Tekel Skandalı Büyüyor: İşçilere Yıllarca Her Ay Düzenli Olarak Para Ödendiği Ortaya Çıktı!,https://www.zaytung.com/haberdetay.asp?newsid=1330,332
Hollywood Yıldızları Evlat Edindikleri Çocukları Biyolojik Ailelerine İade Ediyor,https://www.zaytung.com/haberdetay.asp?newsid=1285,332
"2010 Avrupa Kültür Başkenti Coşkusu Yerini Soru İşaretlerine Bıraktı: ""Şimdi Ne Olacak?""",https://www.zaytung.com/haberdetay.asp?newsid=1196,332
İnternet Milyoneri Türk Gencinin İmrendiren Başarı Hikayesi,https://www.zaytung.com/haberdetay.asp?newsid=1132,332
Yeni AB Uyum Yasası Yolda: Büyüğe Saygı Tamamen Bitiyor,https://www.zaytung.com/haberdetay.asp?newsid=1106,332
"Orta Doğu Ülkeleri Türkiye Liderliğinde ""Altın Günü"" Yapmaya Hazırlanıyor",https://www.zaytung.com/haberdetay.asp?newsid=1070,332
Ataması Yanlışlıkla Dizi Lisesine Yapılan Öğretmen İstifa Etti,https://www.zaytung.com/haberdetay.asp?newsid=1062,332
Memur Adaylarına Genel Yetenek Sınavı Süprizi,https://www.zaytung.com/haberdetay.asp?newsid=1047,332
Bankalardan Kredi Kartı Borçlularına Müjde!,https://www.zaytung.com/haberdetay.asp?newsid=1034,332
Afyonlu Gencin Hukuk Mücadelesi Sürüyor,https://www.zaytung.com/haberdetay.asp?newsid=987,333
Milli Bayramlarda Dış Temsilciliklere Sıkı Denetim Geliyor,https://www.zaytung.com/haberdetay.asp?newsid=973,333
Türk Psikiyatri Derneği'nden Sevindiren Karar,https://www.zaytung.com/haberdetay.asp?newsid=963,333
İngiliz Kraliyet Ailesi'ni Sarsan Gelişme,https://www.zaytung.com/haberdetay.asp?newsid=958,333
İsrail'e Diplomatik Misilleme Girişimi Boy Engeline Takıldı,https://www.zaytung.com/haberdetay.asp?newsid=917,333
"2010 Türkiye'sinde Bir İnsanlık Ayıbı: ""Balkonda Sigara İçmeye Mahkum Edilen Evli Erkekler""",https://www.zaytung.com/haberdetay.asp?newsid=916,333
TEKSİT Olağan Kongresi Yapıldı,https://www.zaytung.com/haberdetay.asp?newsid=857,333
"Altı Nokta Körler Derneği'nde ""Otantik Müzik Eğitimi"" Günleri",https://www.zaytung.com/haberdetay.asp?newsid=809,333
23 Nisan Mağdurlarından Örnek Dayanışma,https://www.zaytung.com/haberdetay.asp?newsid=791,333
"Türk Telekom: ""Ünlü İsimler İnternet Kullanıcılarını Daha Fazla Muhatap Almalı""",https://www.zaytung.com/haberdetay.asp?newsid=774,333
"""Parliament Pazar Gecesi Sineması""nı Bilmeyen Gençler Linç Edilmekten Son Anda Kurtuldu",https://www.zaytung.com/haberdetay.asp?newsid=764,334
"RTÜK, Haberlerde Kullanılan Müziklere Kısıtlama Getiriyor",https://www.zaytung.com/haberdetay.asp?newsid=736,334
Sigara İzmaritlerinden Depozito Almak İsteyenler Facebook'ta 1 Milyona Koştu,https://www.zaytung.com/haberdetay.asp?newsid=732,334
Avrupa'da İspanyol veya İtalyan'a Benzetilmeyen Türk Genci İntihara Kalkıştı,https://www.zaytung.com/haberdetay.asp?newsid=730,334
"MÜYAP ve RTÜK Anlaştı, Klip Çekmek Zorlaşıyor",https://www.zaytung.com/haberdetay.asp?newsid=715,334
İstanbul Emniyeti'nden Sahte Astrologlara Yeni Yıl Tokadı,https://www.zaytung.com/haberdetay.asp?newsid=714,334
"CURE-SHOT Mahlaslı Yazar ""Kara Kalem Edebiyatçılar Birliği""nden Çıkarıldı.",https://www.zaytung.com/haberdetay.asp?newsid=684,334
"Sürtünme Yoluyla İlişkiye Girmeye Çalışan Çift, 10 Hektar Ormanlık Alanı Ateşe Verdi",https://www.zaytung.com/haberdetay.asp?newsid=655,334
Ege Sahil Kasabaları Konfederasyonu (ESAKKO) 2010 Yılı Emekli Alım Kontenjanlarını Açıkladı,https://www.zaytung.com/haberdetay.asp?newsid=646,334
"Lady Gaga: ""En Güzeli Yılbaşını Evde Geçirmek""",https://www.zaytung.com/haberdetay.asp?newsid=633,334
Eğitim Dünyamızın Asırlık Çınarı Nihayet Aramızdan Ayrıldı,https://www.zaytung.com/haberdetay.asp?newsid=627,335
"""Hızlandırılmış Sosyal Gözlem Turları"" Genç Mizahçılardan Büyük İlgi Görüyor",https://www.zaytung.com/haberdetay.asp?newsid=623,335
"Facebook'daki ""Bütün Listeni Davet Et, Profiline Kimler Bakmış Öğren"" Uygulaması Çalıştı!",https://www.zaytung.com/haberdetay.asp?newsid=533,335
Yeşilçam’ın Emektar Sanatçısı Twitter’da Yalnızlığa Mahkum,https://www.zaytung.com/haberdetay.asp?newsid=520,335
Milli Birlik ve Beraberliğe İhtiyaç Olmayan Günler Kesinleşti,https://www.zaytung.com/haberdetay.asp?newsid=508,335
"Emekli Korgeneral Şaşırttı: ""Esas Askerlik Şimdi Başlıyor""",https://www.zaytung.com/haberdetay.asp?newsid=504,335
"""2010 Yılında 2010 Yerli Dizi"" Projesi İşsizlerin Umudu Oldu",https://www.zaytung.com/haberdetay.asp?newsid=496,335
"Marmaray Projesi'nde Tünellerden Birinin Ucu Sedef Adası'ndan Çıktı, Diğer Ucu Arama Çalışmaları Sürüyor",https://www.zaytung.com/haberdetay.asp?newsid=393,335
Töre Cinayetleri Brezilya'yı Sarsmaya Devam Ediyor,https://www.zaytung.com/haberdetay.asp?newsid=344,335
"""En Sempatik Şarkıcı"" Ödülü Sahibini Bulamıyor",https://www.zaytung.com/haberdetay.asp?newsid=314,335
"Genç Bilişimciler'den Anlamlı Pankart: ""Hangi Notebook İyidir Bilmiyoruz!""",https://www.zaytung.com/haberdetay.asp?newsid=301,336
"Telif Haklarında ""REP"" Dönemi",https://www.zaytung.com/haberdetay.asp?newsid=296,336
"Berlusconi: ""Esas Öbür Herifi Görecektiniz""",https://www.zaytung.com/haberdetay.asp?newsid=295,336
Parti Kapatmada Bürokrasi Engeli Teknolojiyle Aşılacak,https://www.zaytung.com/haberdetay.asp?newsid=248,336
"Uzmanlar Uyardı: ""17-25 Yaş Arası Gençlerin Günlük Belli Bir Miktar Komik Video Alması Şart!""",https://www.zaytung.com/haberdetay.asp?newsid=203,336
"IMF'nin ""Durumunuz Yoksa Sonra Ödeyin"" Teklifine Türkiye'den Olumsuz Yanıt",https://www.zaytung.com/haberdetay.asp?newsid=200,336
Muhalefetten İşsizlik Oranlarına Sert Tepki,https://www.zaytung.com/haberdetay.asp?newsid=179,336
YÖK'ün Güzel Sanatlara Geçiş İzni Rağbet Görmedi,https://www.zaytung.com/haberdetay.asp?newsid=174,336
Sanatçılara Yapılacak Sosyal Yardıma Flash TV Kriteri Getiriliyor,https://www.zaytung.com/haberdetay.asp?newsid=132,336
Ermeni Diasporası'ndan Tarihi Geri Adım,https://www.zaytung.com/haberdetay.asp?newsid=131,336
"DİE: ""Türk Kadınlarının % 97'si Hep İyi Niyeti Yüzünden Kaybediyor""",https://www.zaytung.com/haberdetay.asp?newsid=129,337
Radikal Gazetesi'nin Geleneksel Tecavüz Fotoğrafı 5. Yılını Kutladı,https://www.zaytung.com/haberdetay.asp?newsid=127,337
Adrenalin Tutkunlarının Yeni Adresi Adana Adliyesi,https://www.zaytung.com/haberdetay.asp?newsid=126,337
"""Harun Yahya Moleküler Biyoloji ve Genetik Bölümü"" Alkışlarla Protesto Edildi",https://www.zaytung.com/haberdetay.asp?newsid=124,337
Yazım Hatalarını Görüntülemeye Çalışan Amatör Fotoğrafçıya Linç Girişimi,https://www.zaytung.com/haberdetay.asp?newsid=123,337
Google Wave Kayıplarına Bir Yenisi Eklendi,https://www.zaytung.com/haberdetay.asp?newsid=122,337
Mor ve Ötesi'nden Şaşırtan Karar,https://www.zaytung.com/haberdetay.asp?newsid=119,337
Ünlü İsimlerin Başarısız Çocukları İçin Rehabilitasyon Merkezi Kuruluyor,https://www.zaytung.com/haberdetay.asp?newsid=118,337
Sobaseverler'den Alevli Medya Protestosu,https://www.zaytung.com/haberdetay.asp?newsid=111,337
PKK'lı Kadınlar Kır Düğününe Soğuk Bakıyor,https://www.zaytung.com/haberdetay.asp?newsid=110,337
"Türk Dil Kurumu'ndan Şok Açıklama: ""Türkçe Acaip Esnek Bi Dil Yaa :)""",https://www.zaytung.com/haberdetay.asp?newsid=108,338
"Ferdi Tayfur'dan Sözde ""Arabeskçi""lere Veryansın!",https://www.zaytung.com/haberdetay.asp?newsid=84,338
Beklediği SMS Gelmeyen Genç Kalp Krizi Geçirdi,https://www.zaytung.com/haberdetay.asp?newsid=82,338
Hazır SMS Üretimi Yapan Çete Çökertildi,https://www.zaytung.com/haberdetay.asp?newsid=81,338
Belediye Otobüslerinde Yeni Uygulama,https://www.zaytung.com/haberdetay.asp?newsid=76,338
Sözde Torbacının Haklı Gururu,https://www.zaytung.com/haberdetay.asp?newsid=75,338
Bayrampaşa Cezaevi'nin Sevimli Bir Konuğu Var Bugünlerde...,https://www.zaytung.com/haberdetay.asp?newsid=73,338
"STV Dizisinden İbret Alarak Müslüman Olan Genç, İslam Dünyası'nı İkiye Böldü",https://www.zaytung.com/haberdetay.asp?newsid=72,338
Doğar Doğmaz Facebook Hesabı Açılan Talihsiz Bebek Acı Konuştu,https://www.zaytung.com/haberdetay.asp?newsid=71,338
"Genç Çiftten Basın Açıklaması: ""Galiba Çocuğumuz Üstün Zekalı Değil!""",https://www.zaytung.com/haberdetay.asp?newsid=30,338
Çocuk İşçi Çalıştıran Reklam Ajansına Şafak Operasyonu,https://www.zaytung.com/haberdetay.asp?newsid=28,339
Kolbastı Yarışmasında Birincilik Kazanan Gencin Sara Krizi Geçirdiği Ortaya Çıktı,https://www.zaytung.com/haberdetay.asp?newsid=27,339
Milliyet.com.tr Editörü Seksi Resimlere Uygun Haber Bulamadı,https://www.zaytung.com/haberdetay.asp?newsid=26,339
"Büyükşehir Belediyesi'nden Yeni Hizmet: ""Varoş sakinleri için en yakın kalburüstü semt rehberi""",https://www.zaytung.com/haberdetay.asp?newsid=22,339
"RTÜK, Erken Boşalmayla Sonuçlanan Sevişme Sahnelerinde Sansüre Gerek Bulunmadığını Açıkladı",https://www.zaytung.com/haberdetay.asp?newsid=18,339
Facebook Fotoğraf Albümleri Artık Profesyonel Ellere Emanet,https://www.zaytung.com/haberdetay.asp?newsid=14,339
"MGK Bildirisinde ""80'ler Partisi"" Tehditine Dikkat Çekildi",https://www.zaytung.com/haberdetay.asp?newsid=13,339
Eczacıbaşı ve AVEA'dan Anlamlı Kampanya,https://www.zaytung.com/haberdetay.asp?newsid=12,339
